### Simulink cache artifacts for 'CC_Flight_Simulation' were created in 'C:\Users\trist\Documents\GitHub\simulink-canards\plant-model\cache\CC_Flight_Simulation.slxc'.
dt =
                    0.0025
flight_phase =
   0
x =
     1
     0
     0
     0
     0
     0
     0
     0
     0
     0
     0
P =
     0 0 0 0 0 0 0 0 0 0 0
     0 0 0 0 0 0 0 0 0 0 0
     0 0 0 0 0 0 0 0 0 0 0
     0 0 0 0 0 0 0 0 0 0 0
     0 0 0 0 0 0 0 0 0 0 0
     0 0 0 0 0 0 0 0 0 0 0
     0 0 0 0 0 0 0 0 0 0 0
     0 0 0 0 0 0 0 0 0 0 0
     0 0 0 0 0 0 0 0 0 0 0
     0 0 0 0 0 0 0 0 0 0 0
     0 0 0 0 0 0 0 0 0 0 0
bias_board_gyro =
     0
     0
     0
bias_mti_gyro =
     0
     0
     0
bias_ad_gyro =
     0
     0
     0
bias_board_mag =
     0
     0
     0
bias_mti_mag =
     0
     0
     0
bias_board_baro =
     0
bias_mti_baro =
     0
board_accel_meas =
          9.72529980949166
         0.160277118453285
        -0.914772973089851
board_accel_status =
   1
board_gyro_meas =
       -0.0183767215838198
       0.00708598143816178
       0.00625028878789451
board_gyro_status =
   1
mti_accel_meas =
          9.75122948196415
       -0.0114934682696114
         -1.02094615671767
mti_accel_status =
   1
mti_gyro_meas =
      -0.00219888351656453
       0.00143959037338254
      -0.00169400449542414
mti_gyro_status =
   1
ad_accel_meas =
          9.75141671130151
       -0.0112371263344963
         -1.02100947319119
ad_accel_status =
   1
ad_gyro_meas =
      -0.00217492841972371
                         0
                         0
ad_gyro_status =
   1
board_baro_meas =
          96379.8571342962
board_baro_status =
   0
board_mag_meas =
        -0.468902244525876
       -0.0264030845590308
         0.243254177137324
board_mag_status =
   0
mti_baro_meas =
          96389.2903222233
mti_baro_status =
   0
mti_mag_meas =
         -0.47247241832608
       -0.0299732583592341
          0.23968400333712
mti_mag_status =
   0
dt =
                    0.0025
flight_phase =
   0
x =
         0.998717853980192
                         0
       -0.0505445070906489
      -0.00281086181877674
                         0
                         0
                         0
                         0
                         0
                         0
                       420
P =
     0 0 0 0 0 0 0 0 0 0 0
     0 0 0 0 0 0 0 0 0 0 0
     0 0 0 0 0 0 0 0 0 0 0
     0 0 0 0 0 0 0 0 0 0 0
     0 0 0 0 0 0 0 0 0 0 0
     0 0 0 0 0 0 0 0 0 0 0
     0 0 0 0 0 0 0 0 0 0 0
     0 0 0 0 0 0 0 0 0 0 0
     0 0 0 0 0 0 0 0 0 0 0
     0 0 0 0 0 0 0 0 0 0 0
     0 0 0 0 0 0 0 0 0 0 0
bias_board_gyro =
       -0.0176063999022501
       0.00657055191060703
       0.00681899415774616
bias_mti_gyro =
     -0.000779869892618012
       0.00049011492788613
     -0.000646389340435166
bias_ad_gyro =
     -0.000755914795777189
                         0
                         0
bias_board_mag =
        -0.492234275074837
       -0.0248378813253988
         0.193410682588297
bias_mti_mag =
        -0.494668290723609
       -0.0275292907070532
         0.190444680352623
bias_board_baro =
          1.41122359300789
bias_mti_baro =
           10.414354602297
board_accel_meas =
          9.70324288594078
          0.19820442893684
        -0.930764358497759
board_accel_status =
   1
board_gyro_meas =
       -0.0160290095721233
       0.00568529711131099
       0.00667988554740771
board_gyro_status =
   1
mti_accel_meas =
          9.73919843275458
       0.00919415563050935
         -1.02966873057653
mti_accel_status =
   1
mti_gyro_meas =
       0.00212584913656053
      -0.00114061759713208
     -0.000902642043689304
mti_gyro_status =
   1
ad_accel_meas =
          9.73938566209194
       0.00945049756562452
         -1.02973204705005
ad_accel_status =
   1
ad_gyro_meas =
       0.00214980423340135
                         0
                         0
ad_gyro_status =
   1
board_baro_meas =
          96379.2455173188
board_baro_status =
   0
board_mag_meas =
        -0.469903261907296
       -0.0274041019404499
         0.242253159755905
board_mag_status =
   0
mti_baro_meas =
          96387.1316740676
mti_baro_status =
   0
mti_mag_meas =
        -0.472716568906914
       -0.0302174089400681
         0.239439852756286
mti_mag_status =
   0
dt =
                    0.0025
flight_phase =
   0
x =
         0.998714072567581
                         0
       -0.0506091705206352
      -0.00298548399609227
                         0
                         0
                         0
                         0
                         0
                         0
                       420
P =
     0 0 0 0 0 0 0 0 0 0 0
     0 0 0 0 0 0 0 0 0 0 0
     0 0 0 0 0 0 0 0 0 0 0
     0 0 0 0 0 0 0 0 0 0 0
     0 0 0 0 0 0 0 0 0 0 0
     0 0 0 0 0 0 0 0 0 0 0
     0 0 0 0 0 0 0 0 0 0 0
     0 0 0 0 0 0 0 0 0 0 0
     0 0 0 0 0 0 0 0 0 0 0
     0 0 0 0 0 0 0 0 0 0 0
     0 0 0 0 0 0 0 0 0 0 0
bias_board_gyro =
       -0.0173976554512766
       0.00637620861830147
       0.00705577691776263
bias_mti_gyro =
     -0.000395340640824088
      0.000132114126270358
     -0.000210210571984134
bias_ad_gyro =
     -0.000371385543983263
                         0
                         0
bias_board_mag =
        -0.493024066572841
        -0.025505111839761
         0.192425221085659
bias_mti_mag =
         -0.49488694667554
       -0.0275638308431473
         0.190155423730545
bias_board_baro =
          1.28296709514689
bias_mti_baro =
          9.96168460517947
board_accel_meas =
          9.70270955914376
         0.174641964564618
        -0.903830967407534
board_accel_status =
   1
board_gyro_meas =
       -0.0175398669383938
       0.00629234349334754
       0.00797910331785353
board_gyro_status =
   1
mti_accel_meas =
          9.73890752722893
      -0.00365809766342968
         -1.01497778998186
mti_accel_status =
   1
mti_gyro_meas =
     -0.000657309169727209
     -2.23742618015952e-05
       0.00149065384923721
mti_gyro_status =
   1
ad_accel_meas =
          9.73909475656629
      -0.00340175572831451
         -1.01504110645538
ad_accel_status =
   1
ad_gyro_meas =
     -0.000633354072886387
                         0
                         0
ad_gyro_status =
   1
board_baro_meas =
          96379.6845118801
board_baro_status =
   0
board_mag_meas =
        -0.472253472060695
       -0.0297543120938496
         0.239902949602505
board_mag_status =
   0
mti_baro_meas =
          96388.6810666368
mti_baro_status =
   0
mti_mag_meas =
        -0.473289790895548
       -0.0307906309287021
         0.238866630767652
mti_mag_status =
   0
dt =
                    0.0025
flight_phase =
   0
x =
         0.998712031039554
                         0
       -0.0506460240316725
      -0.00304291088156636
                         0
                         0
                         0
                         0
                         0
                         0
                       420
P =
     0 0 0 0 0 0 0 0 0 0 0
     0 0 0 0 0 0 0 0 0 0 0
     0 0 0 0 0 0 0 0 0 0 0
     0 0 0 0 0 0 0 0 0 0 0
     0 0 0 0 0 0 0 0 0 0 0
     0 0 0 0 0 0 0 0 0 0 0
     0 0 0 0 0 0 0 0 0 0 0
     0 0 0 0 0 0 0 0 0 0 0
     0 0 0 0 0 0 0 0 0 0 0
     0 0 0 0 0 0 0 0 0 0 0
     0 0 0 0 0 0 0 0 0 0 0
bias_board_gyro =
       -0.0172982393377289
       0.00630966512679269
       0.00711429949796601
bias_mti_gyro =
     -0.000212205694814937
      9.53401033297133e-06
     -0.000102405818978036
bias_ad_gyro =
      -0.00018825059797411
                         0
                         0
bias_board_mag =
        -0.493536525679479
       -0.0259969536715683
         0.191785135127449
bias_mti_mag =
        -0.495024954217748
       -0.0276416146998758
         0.189971530181516
bias_board_baro =
          1.19376672095677
bias_mti_baro =
          9.64685975178145
board_accel_meas =
          9.75754633356209
         0.187063840656592
        -0.895365264821472
board_accel_status =
   1
board_gyro_meas =
       -0.0182848455900466
       0.00525669292770964
       0.00817764468250482
board_gyro_status =
   1
mti_accel_meas =
          9.76881849509347
       0.00311747111401082
         -1.01036013402583
mti_accel_status =
   1
mti_gyro_meas =
      -0.00202963826487714
      -0.00193015161955562
       0.00185638794201589
mti_gyro_status =
   1
ad_accel_meas =
          9.76900572443084
       0.00337381304912599
         -1.01042345049935
ad_accel_status =
   1
ad_gyro_meas =
      -0.00200568316803632
                         0
                         0
ad_gyro_status =
   1
board_baro_meas =
          96379.1666010516
board_baro_status =
   0
board_mag_meas =
        -0.468104882811754
       -0.0256057228449087
         0.244051538851446
board_mag_status =
   0
mti_baro_meas =
          96386.8531460656
mti_baro_status =
   0
mti_mag_meas =
        -0.472277939859221
       -0.0297787798923751
         0.239878481803979
mti_mag_status =
   0
dt =
                    0.0025
flight_phase =
   0
x =
          0.99871188760265
                         0
       -0.0506474721994709
       -0.0030657985836102
                         0
                         0
                         0
                         0
                         0
                         0
                       420
P =
     0 0 0 0 0 0 0 0 0 0 0
     0 0 0 0 0 0 0 0 0 0 0
     0 0 0 0 0 0 0 0 0 0 0
     0 0 0 0 0 0 0 0 0 0 0
     0 0 0 0 0 0 0 0 0 0 0
     0 0 0 0 0 0 0 0 0 0 0
     0 0 0 0 0 0 0 0 0 0 0
     0 0 0 0 0 0 0 0 0 0 0
     0 0 0 0 0 0 0 0 0 0 0
     0 0 0 0 0 0 0 0 0 0 0
     0 0 0 0 0 0 0 0 0 0 0
bias_board_gyro =
       -0.0172267335336749
       0.00629894573106323
       0.00712109237146066
bias_mti_gyro =
     -8.04844768205319e-05
     -1.02122449581559e-05
     -8.98926309615764e-05
bias_ad_gyro =
     -5.65293799797067e-05
                         0
                         0
bias_board_mag =
        -0.493921613519047
       -0.0263983746055251
         0.191316569246237
bias_mti_mag =
        -0.495120267801358
       -0.0277227249212809
         0.189856107484197
bias_board_baro =
          1.11760264485201
bias_mti_baro =
           9.3780453633226
board_accel_meas =
          9.72388233522838
         0.181311337823576
        -0.929341090338062
board_accel_status =
   1
board_gyro_meas =
        -0.016362784754529
       0.00555765213732581
       0.00735082655802725
board_gyro_status =
   1
mti_accel_meas =
          9.75045631418418
     -2.02577039981245e-05
         -1.02889240248942
mti_accel_status =
   1
mti_gyro_meas =
       0.00151100011633959
      -0.00137575307552583
      0.000333301923241429
mti_gyro_status =
   1
ad_accel_meas =
          9.75064354352154
      0.000236084231117042
         -1.02895571896294
ad_accel_status =
   1
ad_gyro_meas =
       0.00153495521318041
                         0
                         0
ad_gyro_status =
   1
board_baro_meas =
          96379.5133758661
board_baro_status =
   0
board_mag_meas =
        -0.472758564584912
       -0.0302594046180667
         0.239397857078288
board_mag_status =
   0
mti_baro_meas =
          96388.0770571757
mti_baro_status =
   0
mti_mag_meas =
        -0.473412984194137
       -0.0309138242272917
         0.238743437469063
mti_mag_status =
   0
dt =
                    0.0025
flight_phase =
   1
x =
         0.998712252299674
                         0
       -0.0506394191143131
      -0.00307998998001756
                         0
                         0
                         0
                         0
                         0
                         0
                       420
P =
     0 0 0 0 0 0 0 0 0 0 0
     0 0 0 0 0 0 0 0 0 0 0
     0 0 0 0 0 0 0 0 0 0 0
     0 0 0 0 0 0 0 0 0 0 0
     0 0 0 0 0 0 0 0 0 0 0
     0 0 0 0 0 0 0 0 0 0 0
     0 0 0 0 0 0 0 0 0 0 0
     0 0 0 0 0 0 0 0 0 0 0
     0 0 0 0 0 0 0 0 0 0 0
     0 0 0 0 0 0 0 0 0 0 0
     0 0 0 0 0 0 0 0 0 0 0
bias_board_gyro =
       -0.0172132424854573
       0.00626602875859936
       0.00713447545232681
bias_mti_gyro =
     -5.56325458933925e-05
     -7.08487731810812e-05
     -6.52395872608188e-05
bias_ad_gyro =
     -3.16774490525673e-05
                         0
                         0
bias_board_mag =
        -0.494314372030452
       -0.0268211516103318
         0.190843132613016
bias_mti_mag =
        -0.495214357022242
       -0.0278154350832103
          0.18974664375122
bias_board_baro =
          1.05776279843121
bias_mti_baro =
          9.16684590386285
board_accel_meas =
          9.69064288046003
         0.192123592676226
        -0.917715830891235
board_accel_status =
   1
board_gyro_meas =
       -0.0173742043207252
       0.00511095169092138
       0.00624022899073721
board_gyro_status =
   1
mti_accel_meas =
          9.73232570249235
       0.00587733585199286
         -1.02255135188206
mti_accel_status =
   1
mti_gyro_meas =
     -0.000352141189811299
       -0.0021986223189024
      -0.00171253570071391
mti_gyro_status =
   1
ad_accel_meas =
          9.73251293182971
       0.00613367778710803
         -1.02261466835558
ad_accel_status =
   1
ad_gyro_meas =
     -0.000328186092970476
                         0
                         0
ad_gyro_status =
   1
board_baro_meas =
          96379.1149795144
board_baro_status =
   0
board_mag_meas =
         -0.47048012283427
       -0.0279809628674248
          0.24167629882893
board_mag_status =
   0
mti_baro_meas =
          96386.6709524051
mti_baro_status =
   0
mti_mag_meas =
        -0.472857266693981
       -0.0303581067271351
         0.239299154969219
mti_mag_status =
   0
dt =
                    0.0025
flight_phase =
   1
x =
         0.998716873706703
       9.3969884788468e-05
       -0.0505628754715465
      -0.00282718361960071
       0.00289282692717257
       0.00168075499430125
      -0.00106429902598789
       -0.0540194718179097
        0.0151453031555961
       0.00469184977680705
          420.052770752259
P =
  Columns 1 through 6
      1.99862205364435e-07  1.21331066538044e-14  6.34668016154861e-12  4.10010368772713e-13 -1.53670018473647e-23  1.80969920284938e-20
      1.21331066538018e-14  2.00000605226873e-07  7.43195858899358e-13 -5.57292099095626e-12  1.24826386654818e-19  7.70707023125847e-22
      6.34668016154863e-12  7.43195858899361e-13  1.99987776511665e-07 -3.50879015596007e-13  -4.3319558734028e-22 -2.15731039784205e-20
       4.1001036877271e-13 -5.57292099095627e-12 -3.50879015596009e-13  1.99990525314616e-07  6.57635640232384e-21  6.10802604957573e-23
     -1.53670018473647e-23  1.24826386654818e-19  -4.3319558734028e-22  6.57635640232384e-21   9.9999990000002e-10 -6.40234766785355e-27
      1.80969920284938e-20  7.70707023125846e-22 -2.15731039784205e-20  6.10802604957568e-23 -6.40234766785355e-27   9.9999990000002e-10
     -2.78706507533107e-20 -1.37851700125791e-20 -2.67549841219305e-21 -2.28012469915296e-20  2.05430062680324e-26 -1.61343200115357e-31
     -6.81421860813794e-06 -7.19357085906225e-10 -6.45782280667305e-07 -3.75620853020912e-08  8.48863500178298e-24 -3.40376630002144e-17
     -1.08452878686357e-08  4.95434510749592e-07 -1.78943414249975e-09  9.79182325363416e-06    1.206411676344e-21  1.27293539052878e-18
        1.934670832798e-07  2.76541762177433e-08 -9.77651527591842e-06  9.73459489475915e-11 -3.76680822535583e-21  3.00047523046473e-15
     -5.93076004013681e-07 -3.51929694893599e-11  2.99225934130676e-08  2.07554471810888e-09 -6.95370807565147e-29 -3.00126547032696e-17
  Columns 7 through 11
     -2.78706507533106e-20 -6.81421860813792e-06 -1.08452878686357e-08  1.93467083279802e-07 -5.93076004013678e-07
     -1.37851700125792e-20 -7.19357085906221e-10  4.95434510749595e-07  2.76541762177434e-08 -3.51929694893591e-11
      -2.6754984121931e-21 -6.45782280667317e-07 -1.78943414249976e-09 -9.77651527591842e-06  2.99225934130668e-08
     -2.28012469915298e-20 -3.75620853020916e-08  9.79182325363417e-06  9.73459489475854e-11  2.07554471810886e-09
      2.05430062680324e-26  8.48863500178298e-24    1.206411676344e-21 -3.76680822535583e-21   -6.953708075652e-29
     -1.61343200115364e-31 -3.40376630002137e-17  1.27293539052877e-18  3.00047523046473e-15 -3.00126547032696e-17
       9.9999990000002e-10  5.08839258299419e-16 -3.02540529963137e-15  3.32553143599501e-17  4.32789314475583e-17
      5.08839258299419e-16     0.120426598178447 -0.000454623365374445   0.00814311237845406    0.0105910320251107
     -3.02540529963137e-15 -0.000454623365374445     0.200638475782634  4.61529715098987e-05  6.00352833362172e-05
      3.32553143599502e-17   0.00814311237845411  4.61529715098984e-05     0.199814382568067  -0.00107516727004686
      4.32789314475583e-17    0.0105910320251107  6.00352833362172e-05  -0.00107516727004686    0.0377643708673702
bias_board_gyro =
       -0.0172132424854573
       0.00626602875859936
       0.00713447545232681
bias_mti_gyro =
     -5.56325458933925e-05
     -7.08487731810812e-05
     -6.52395872608188e-05
bias_ad_gyro =
     -3.16774490525673e-05
                         0
                         0
bias_board_mag =
        -0.494314372030452
       -0.0268211516103318
         0.190843132613016
bias_mti_mag =
        -0.495214357022242
       -0.0278154350832103
          0.18974664375122
bias_board_baro =
          1.05776279843121
bias_mti_baro =
          9.16684590386285
board_accel_meas =
          9.73732650104806
          0.14010391259109
        -0.929756453173005
board_accel_status =
   1
board_gyro_meas =
       -0.0177695696728719
        0.0068781227325071
       0.00409324687268677
board_gyro_status =
   1
mti_accel_meas =
          9.75778949554037
       -0.0224970351035358
         -1.02911896403576
mti_accel_status =
   1
mti_gyro_meas =
      -0.00108044578587098
       0.00105669275770286
      -0.00566750276028051
mti_gyro_status =
   1
ad_accel_meas =
          9.75797672487773
       -0.0222406931684206
         -1.02918228050928
ad_accel_status =
   1
ad_gyro_meas =
      -0.00105649068903016
                         0
                         0
ad_gyro_status =
   1
board_baro_meas =
          96378.9216734387
board_baro_status =
   0
board_mag_meas =
        -0.472613514220405
       -0.0301143542535591
         0.239542907442795
board_mag_status =
   0
mti_baro_meas =
          96385.9886956673
mti_baro_status =
   0
mti_mag_meas =
        -0.473377606056453
       -0.0308784460896069
         0.238778815606748
mti_mag_status =
   0
dt =
                    0.0025
flight_phase =
   1
x =
         0.985381458772738
         0.154523459837099
       -0.0688376537082314
        0.0201806466405014
         0.259287699102606
       -0.0973360554226053
        0.0222120188088209
          432.858169470873
         0.431039464416511
         -4.06210934814603
          1551.46711572434
P =
  Columns 1 through 6
      3.07220131392554e-07  3.31970480060545e-09  5.26233883467214e-09 -1.39952011015432e-09 -1.92818336631345e-20   -1.563782579338e-15
      3.31970480060541e-09  3.97900258159182e-07 -1.70300345816187e-10  7.45700566383137e-11  1.22524492988591e-19  6.37283186882162e-17
      5.26233883467218e-09  -1.7030034581618e-10  3.99495777420847e-07  8.01720615745053e-11  3.61926164355733e-21  4.10543641927933e-15
     -1.39952011015432e-09  7.45700566383138e-11  8.01720615745057e-11  3.99800586820228e-07  1.76526017123511e-20  6.15487332639458e-16
     -1.92818336631345e-20  1.22524492988591e-19  3.61926164355733e-21  1.76526017123511e-20   9.9999990000002e-10  2.00101675849528e-25
       -1.563782579338e-15  6.37283186882177e-17  4.10543641927935e-15  6.15487332639463e-16  2.00101675849528e-25  9.99999900004485e-10
      6.28659660852474e-16  2.84858311047907e-16 -6.63822793853745e-16   4.0405226561566e-15  7.04330175796486e-25  1.97138192561575e-23
      -0.00012388938923408 -6.96181765113367e-06  2.42520203897206e-06 -2.67281781453241e-07  2.77849560056651e-20 -2.72280418216591e-12
      6.02651478279327e-06   2.6720645249152e-06 -6.23658336514363e-06  3.77902765486532e-05  -8.6222888898397e-18  1.60358542432263e-13
      1.35130739576184e-05 -6.59946705479509e-07 -3.83748265311571e-05  -5.7839695996288e-06  2.05133763805565e-18 -4.17665802641672e-11
      1.34093300388932e-05  -4.8730798428648e-06 -9.66950428707378e-07  4.32096266142588e-07  2.26904881885182e-25  1.13585353873689e-13
  Columns 7 through 11
      6.28659660852471e-16  -0.00012388938923408  6.02651478279324e-06  1.35130739576185e-05  1.34093300388932e-05
      2.84858311047907e-16 -6.96181765113363e-06   2.6720645249152e-06 -6.59946705479494e-07 -4.87307984286479e-06
      -6.6382279385374e-16  2.42520203897205e-06 -6.23658336514358e-06 -3.83748265311569e-05 -9.66950428707376e-07
      4.04052265615659e-15 -2.67281781453242e-07  3.77902765486531e-05 -5.78396959962876e-06  4.32096266142588e-07
      7.04330175796486e-25  2.77849560056651e-20  -8.6222888898397e-18  2.05133763805565e-18  2.26904881885267e-25
      1.97138192561577e-23 -2.72280418216589e-12  1.60358542432265e-13 -4.17665802641673e-11  1.13585353873691e-13
      9.99999900004521e-10  1.41361734741177e-12  4.20795383820713e-11   -1.989494378338e-13 -5.24787418223436e-14
      1.41361734741177e-12     0.191423824432884    0.0130171796796526    0.0271519384543464   0.00795260963338151
      4.20795383820713e-11    0.0130171796796526     0.393496035291657  -0.00163786872418446 -0.000500243533599236
     -1.98949437833802e-13    0.0271519384543462  -0.00163786872418448      0.39082814070919 -0.000990632744569226
     -5.24787418223433e-14   0.00795260963338153 -0.000500243533599234 -0.000990632744569211    0.0432641732614707
bias_board_gyro =
       -0.0172132424854573
       0.00626602875859936
       0.00713447545232681
bias_mti_gyro =
     -5.56325458933925e-05
     -7.08487731810812e-05
     -6.52395872608188e-05
bias_ad_gyro =
     -3.16774490525673e-05
                         0
                         0
bias_board_mag =
        -0.494314372030452
       -0.0268211516103318
         0.190843132613016
bias_mti_mag =
        -0.495214357022242
       -0.0278154350832103
          0.18974664375122
bias_board_baro =
          1.05776279843121
bias_mti_baro =
          9.16684590386285
board_accel_meas =
          81.1686124479515
         0.209223502762592
         -1.95145268648364
board_accel_status =
   1
board_gyro_meas =
         0.242168521605502
       -0.0864183476049576
        0.0300865346097235
board_gyro_status =
   1
mti_accel_meas =
          81.2223701318664
        0.0358235509076438
         -2.03925612371921
mti_accel_status =
   1
mti_gyro_meas =
         0.258990298611297
        -0.092834593862704
        0.0227134064934716
mti_gyro_status =
   1
ad_accel_meas =
          81.2196404287975
        0.0340392258021845
         -2.03468707365661
ad_accel_status =
   1
ad_gyro_meas =
         0.259014253708137
                         0
                         0
ad_gyro_status =
   1
board_baro_meas =
           83968.933682948
board_baro_status =
   0
board_mag_meas =
         -0.46074807365762
        0.0632248555146306
         0.254435330664741
board_mag_status =
   0
mti_baro_meas =
          83974.8801128147
mti_baro_status =
   0
mti_mag_meas =
        -0.462890852454401
         0.061082076717849
         0.252292551867959
mti_mag_status =
   0
dt =
                    0.0025
flight_phase =
   1
x =
        -0.494755140686685
        -0.865182657791896
        0.0230621682878809
       -0.0783865792984492
         -1.82552961981484
        0.0481996750066441
         -0.06199549440477
          734.602395182594
           -1.829956898662
          8.53530406523084
          4482.99890834489
P =
  Columns 1 through 6
      1.68191152652877e-07  -1.7154476630729e-08  -3.6470919275599e-09  2.53643041975818e-09  1.08078422662722e-19  2.54861014809398e-16
     -1.71544766307287e-08  1.70058703202185e-07 -1.14019224552088e-09  3.95180659833892e-09 -6.21307990652233e-20   4.2046153642949e-18
      -3.6470919275599e-09 -1.14019224552087e-09  5.97859240144693e-07  1.27360734926665e-09  -1.0805311210296e-20  -4.9600792564014e-15
      2.53643041975817e-09  3.95180659833889e-09  1.27360734926665e-09  5.95269873015642e-07  4.06736716998762e-21 -9.51338625284227e-15
      1.08078422662722e-19 -6.21307990652233e-20  -1.0805311210296e-20  4.06736716998762e-21   9.9999990000002e-10 -4.42809307179084e-25
      2.54861014809404e-16  4.20461536429936e-18  -4.9600792564015e-15 -9.51338625284236e-15 -4.42809307179084e-25  9.99999900009532e-10
     -3.62584271639727e-17  1.78986171352981e-16  9.26005327276356e-15 -5.51022376144793e-15 -3.47352693160655e-25 -7.88835839699396e-23
     -4.21068065814193e-06  5.87357840616763e-07 -1.07446608385834e-05  2.46628512843813e-05  1.10373049478469e-19  5.32757057278663e-12
     -2.74237352797731e-07  1.33539705041308e-06  6.88375571338412e-05 -4.13346709536858e-05    8.483247720525e-18 -2.48999197612208e-13
     -1.85287930474298e-06 -3.09672742536011e-08  3.74173337161218e-05  7.04558072939412e-05 -7.67343809864171e-18 -7.09527072854804e-11
     -1.24660173384354e-05  3.22130266722396e-05  1.01683878037794e-06 -2.09583157844999e-06  1.68473424828114e-24 -2.79551796904679e-13
  Columns 7 through 11
     -3.62584271639776e-17 -4.21068065814186e-06 -2.74237352797767e-07 -1.85287930474294e-06 -1.24660173384355e-05
      1.78986171352977e-16  5.87357840616861e-07  1.33539705041304e-06 -3.09672742535692e-08  3.22130266722396e-05
      9.26005327276357e-15 -1.07446608385833e-05  6.88375571338412e-05  3.74173337161211e-05  1.01683878037794e-06
     -5.51022376144792e-15  2.46628512843814e-05 -4.13346709536858e-05  7.04558072939405e-05 -2.09583157844999e-06
     -3.47352693160655e-25  1.10373049478469e-19    8.483247720525e-18 -7.67343809864171e-18   1.6847342482807e-24
      -7.8883583969939e-23  5.32757057278659e-12 -2.48999197612203e-13 -7.09527072854804e-11 -2.79551796904683e-13
      9.99999900009542e-10  5.58364585866708e-12  7.09794332434261e-11   8.4851978309749e-13 -2.13504266917091e-13
      5.58364585866712e-12     0.156335942010872    0.0422300896311747   -0.0412930476703839    0.0195216976572753
      7.09794332434261e-11    0.0422300896311745      0.52919962722228   0.00379149110965276  -0.00154602443236113
      8.48519783097485e-13   -0.0412930476703837   0.00379149110965272     0.529389156198757   0.00185386313377561
     -2.13504266917088e-13    0.0195216976572753  -0.00154602443236111   0.00185386313377559    0.0656891444873483
bias_board_gyro =
       -0.0172132424854573
       0.00626602875859936
       0.00713447545232681
bias_mti_gyro =
     -5.56325458933925e-05
     -7.08487731810812e-05
     -6.52395872608188e-05
bias_ad_gyro =
     -3.16774490525673e-05
                         0
                         0
bias_board_mag =
        -0.494314372030452
       -0.0268211516103318
         0.190843132613016
bias_mti_mag =
        -0.495214357022242
       -0.0278154350832103
          0.18974664375122
bias_board_baro =
          1.05776279843121
bias_mti_baro =
          9.16684590386285
board_accel_meas =
          62.0534300879531
         0.418344173306452
         0.158489791483255
board_accel_status =
   1
board_gyro_meas =
         -1.84484889435072
        0.0528545109422499
       -0.0554049666193855
board_gyro_status =
   1
mti_accel_meas =
          62.0886058830165
         0.323876291824163
        0.0175629578605767
mti_accel_status =
   1
mti_gyro_meas =
         -1.82800976822892
        0.0471200323993365
       -0.0628350899458269
mti_gyro_status =
   1
ad_accel_meas =
          62.0749255347044
         0.223850228830326
        0.0266934108724755
ad_accel_status =
   1
ad_gyro_meas =
         -1.82798581313208
                         0
                         0
ad_gyro_status =
   1
board_baro_meas =
          57768.8043577961
board_baro_status =
   0
board_mag_meas =
        -0.458344835251087
          0.23505045945488
        -0.123331894397331
board_mag_status =
   0
mti_baro_meas =
          57775.6881345648
mti_baro_status =
   0
mti_mag_meas =
        -0.458860801936034
         0.234534492769933
        -0.123847861082278
mti_mag_status =
   0
dt =
                    0.0025
flight_phase =
   1
x =
         0.987138743339168
          0.13379699733571
       -0.0823628193281486
        0.0295267826732761
         -1.61412574542387
        0.0330302572778955
        0.0227792931086407
          718.060986158034
         -4.65094553062834
         -5.33437743554667
          8317.56880389091
P =
  Columns 1 through 6
      1.43803721170363e-07  9.66007895817289e-09 -4.08687767158009e-10 -9.13632803842614e-10 -1.66533934073064e-20  7.21792768509251e-17
      9.66007895817275e-09  1.35118977612889e-07 -1.19571316355142e-09  2.61439371747093e-09  1.23528019563566e-19  4.62412523192181e-16
     -4.08687767158043e-10 -1.19571316355153e-09  7.86729746697536e-07  2.81738148115321e-09  6.88021353254356e-21   1.1541705904266e-14
     -9.13632803842588e-10  2.61439371747087e-09  2.81738148115326e-09  7.94201943473923e-07  7.64078773768359e-21  1.38432709886437e-15
     -1.66533934073064e-20  1.23528019563566e-19  6.88021353254356e-21  7.64078773768359e-21   9.9999990000002e-10  2.24475393069361e-25
      7.21792768509292e-17  4.62412523192175e-16  1.15417059042662e-14  1.38432709886442e-15  2.24475393069361e-25  9.99999900004755e-10
     -5.80184638397532e-17 -1.37007685933421e-16 -1.87389869175719e-15  1.10766545612034e-14 -2.44785648452243e-25  3.13264774016168e-23
       7.5328167909078e-07  3.14745227759051e-05  5.01515139887335e-05 -1.57165500550766e-05  5.83097280517687e-20 -5.60542592417102e-12
     -6.72498330619592e-07 -1.38623650487397e-06 -2.11350547659462e-05  0.000130013179312962  3.06086557232283e-18   5.5668487074726e-13
     -8.43450106719926e-07  -5.1949445080863e-06 -0.000135212950854204 -1.58479401026685e-05  5.17751829459709e-18  -5.5616298577858e-11
      3.53904167509223e-05 -7.29441319288371e-06 -2.19472536010098e-06  8.41697629551425e-07  1.33572542203628e-24  3.39169399506398e-13
  Columns 7 through 11
     -5.80184638397508e-17  7.53281679090709e-07 -6.72498330619565e-07 -8.43450106719878e-07  3.53904167509224e-05
     -1.37007685933421e-16  3.14745227759051e-05 -1.38623650487397e-06 -5.19494450808638e-06 -7.29441319288375e-06
     -1.87389869175714e-15  5.01515139887337e-05 -2.11350547659456e-05 -0.000135212950854201 -2.19472536010103e-06
      1.10766545612033e-14 -1.57165500550769e-05   0.00013001317931296 -1.58479401026678e-05  8.41697629551396e-07
     -2.44785648452243e-25  5.83097280517687e-20  3.06086557232283e-18   5.1775182945971e-18  1.33572542203596e-24
      3.13264774016173e-23 -5.60542592417101e-12  5.56684870747265e-13  -5.5616298577858e-11  3.39169399506395e-13
      9.99999900004795e-10  2.96452197661093e-12  5.60648765199408e-11 -1.18783690493125e-13 -1.88305082731519e-13
      2.96452197661093e-12     0.167671814022906    0.0355889122949707    0.0672042502209005    0.0259397867362322
      5.60648765199408e-11    0.0355889122949708     0.658410369588149  -0.00360553919865867  -0.00202992159641394
     -1.18783690493131e-13    0.0672042502209003  -0.00360553919865874     0.653399752855683  -0.00379247538627731
      -1.8830508273152e-13    0.0259397867362322  -0.00202992159641394  -0.00379247538627734     0.102981313723959
bias_board_gyro =
       -0.0172132424854573
       0.00626602875859936
       0.00713447545232681
bias_mti_gyro =
     -5.56325458933925e-05
     -7.08487731810812e-05
     -6.52395872608188e-05
bias_ad_gyro =
     -3.16774490525673e-05
                         0
                         0
bias_board_mag =
        -0.494314372030452
       -0.0268211516103318
         0.190843132613016
bias_mti_mag =
        -0.495214357022242
       -0.0278154350832103
          0.18974664375122
bias_board_baro =
          1.05776279843121
bias_mti_baro =
          9.16684590386285
board_accel_meas =
         -24.5062334525568
        0.0259097669657595
         0.282701031883996
board_accel_status =
   1
board_gyro_meas =
         -1.63140662743098
        0.0365269688648973
        0.0335898657029405
board_gyro_status =
   1
mti_accel_meas =
         -24.4815111316191
       -0.0735331832234898
         0.150883847813644
mti_accel_status =
   1
mti_gyro_meas =
          -1.6137699395934
        0.0284272327466692
        0.0277516053012896
mti_gyro_status =
   1
ad_accel_meas =
         -24.4831897325164
        -0.151519067654848
         0.151267778026004
ad_accel_status =
   1
ad_gyro_meas =
         -1.61374598449656
                         0
                         0
ad_gyro_status =
   1
board_baro_meas =
          33894.5568800856
board_baro_status =
   0
board_mag_meas =
        -0.458796062711809
        0.0557648067216036
         0.259608024628982
board_mag_status =
   0
mti_baro_meas =
          33902.6030577942
mti_baro_status =
   0
mti_mag_meas =
        -0.455809366013535
        0.0587515034198774
         0.262594721327256
mti_mag_status =
   0
dt =
                    0.0025
flight_phase =
   1
x =
         0.994279908879558
        0.0445920791318394
       -0.0948161896183079
        0.0207098880591551
        0.0106962028312858
       -0.0471317205990968
       -0.0430598418932855
          581.349321727823
         0.211740214431777
          -9.6128332713616
          11496.3320453095
P =
  Columns 1 through 6
      1.98715395192507e-07 -1.65729333636427e-08  1.52692403558255e-08 -5.31613314777866e-10 -5.99084752533716e-21 -9.97890375911439e-16
     -1.65729333636425e-08  3.20452099265844e-07  8.58072164632975e-11  8.98707676083174e-09  1.23944198765726e-19   1.3197813872447e-16
      1.52692403558253e-08  8.58072164632007e-11  9.82175255921757e-07   2.2246527302694e-09 -1.04182598829378e-21  9.88995529849959e-15
     -5.31613314777725e-10  8.98707676083169e-09  2.22465273026941e-09  9.91530316794943e-07  1.60263608046281e-20  3.60382379894654e-16
     -5.99084752533716e-21  1.23944198765726e-19 -1.04182598829378e-21  1.60263608046281e-20   9.9999990000002e-10 -2.76951113144741e-25
     -9.97890375911446e-16  1.31978138724464e-16  9.88995529849956e-15  3.60382379894678e-16 -2.76951113144742e-25  9.99999900001769e-10
      2.48930449709831e-16  2.12599157168391e-16 -5.33077488183078e-16  9.51593217610448e-15  3.48858055738004e-25  7.10148923414078e-24
     -0.000131667485085856  1.18417947015317e-05  4.74820504905888e-05 -1.04471226992197e-05  -6.4642944955468e-20  -3.9600078639213e-12
       5.4579674031965e-06  4.64136635045364e-06 -1.16518202122443e-05  0.000207792479347568 -7.46647490207788e-18  1.55039076258853e-13
      1.96387655693326e-05 -2.68871770547411e-06 -0.000215180721720976 -8.04352051082751e-06 -4.07133735600495e-18 -3.82471096796045e-11
      2.81660465401531e-05 -6.93570893423087e-06  3.39487895260695e-06 -3.49655055149219e-07  1.65218817830409e-25  3.26328330072205e-13
  Columns 7 through 11
      2.48930449709833e-16 -0.000131667485085855  5.45796740319653e-06  1.96387655693325e-05  2.81660465401531e-05
      2.12599157168391e-16  1.18417947015317e-05  4.64136635045364e-06 -2.68871770547423e-06 -6.93570893423083e-06
     -5.33077488183082e-16  4.74820504905895e-05 -1.16518202122444e-05 -0.000215180721720977  3.39487895260706e-06
      9.51593217610434e-15 -1.04471226992198e-05  0.000207792479347564   -8.043520510827e-06 -3.49655055149206e-07
      3.48858055738004e-25  -6.4642944955468e-20 -7.46647490207788e-18 -4.07133735600495e-18   1.6521881783045e-25
      7.10148923414104e-24 -3.96000786392127e-12  1.55039076258859e-13 -3.82471096796045e-11  3.26328330072213e-13
      9.99999900001799e-10   1.1303764020761e-12  3.88252396904552e-11 -1.37229916663606e-13 -7.97591972019796e-14
       1.1303764020761e-12     0.283421923270004    0.0246289791706694    0.0910683868409066    0.0287652374885643
      3.88252396904552e-11    0.0246289791706694     0.847714267465805  -0.00299679410368998  -0.00174642312861237
     -1.37229916663612e-13     0.091068386840906   -0.0029967941036901     0.836581126931718  -0.00665508954075007
     -7.97591972019793e-14    0.0287652374885643  -0.00174642312861237  -0.00665508954074991     0.150624158003808
bias_board_gyro =
       -0.0172132424854573
       0.00626602875859936
       0.00713447545232681
bias_mti_gyro =
     -5.56325458933925e-05
     -7.08487731810812e-05
     -6.52395872608188e-05
bias_ad_gyro =
     -3.16774490525673e-05
                         0
                         0
bias_board_mag =
        -0.494314372030452
       -0.0268211516103318
         0.190843132613016
bias_mti_mag =
        -0.495214357022242
       -0.0278154350832103
          0.18974664375122
bias_board_baro =
          1.05776279843121
bias_mti_baro =
          9.16684590386285
board_accel_meas =
         -12.4124361548344
         0.353916377794258
         0.183292524556635
board_accel_status =
   1
board_gyro_meas =
      -0.00820736269971411
       -0.0394917395440834
       -0.0317072643407758
board_gyro_status =
   1
mti_accel_meas =
          -12.389072641192
         0.174137764108082
        0.0800679881706736
mti_accel_status =
   1
mti_gyro_meas =
       0.00888869797381954
       -0.0448274269095969
       -0.0377575070972604
mti_gyro_status =
   1
ad_accel_meas =
         -12.3942313781313
         0.174343135758831
        0.0787542021069844
ad_accel_status =
   1
ad_gyro_meas =
       0.00891265307066036
                         0
                         0
ad_gyro_status =
   1
board_baro_meas =
          20841.5579667529
board_baro_status =
   0
board_mag_meas =
        -0.438494202014549
        0.0221069512876592
         0.288832533568856
board_mag_status =
   0
mti_baro_meas =
          20849.4778743212
mti_baro_status =
   0
mti_mag_meas =
        -0.445969632042044
        0.0146315212601644
         0.281357103541361
mti_mag_status =
   0
dt =
                    0.0025
flight_phase =
   1
x =
          0.99143493822023
        0.0260518478011387
        -0.126775538690767
        0.0174936357587683
      -0.00813126908087677
        0.0251719462283383
        -0.011209273936235
          486.332561132063
          3.49122517834443
         -32.2359124867394
          14110.0307530037
P =
  Columns 1 through 6
      3.31191096412782e-07 -6.65953161852932e-09  1.91637190635794e-08 -1.94540595999959e-09 -3.37512579349522e-21 -1.67918295791063e-15
     -6.65953161852921e-09  5.20715032605473e-07  1.69161055408972e-09  3.02030688053398e-08  1.24273417713449e-19     2.26083967932e-16
      1.91637190635797e-08  1.69161055408966e-09  1.17062244980092e-06  1.16283083567463e-09  9.88241006745524e-22  7.78766580416519e-15
     -1.94540595999951e-09  3.02030688053397e-08  1.16283083567459e-09  1.18767220245778e-06  1.32974700422117e-20  1.10698212078337e-16
     -3.37512579349522e-21  1.24273417713449e-19  9.88241006745524e-22  1.32974700422117e-20   9.9999990000002e-10 -1.02223238111998e-25
     -1.67918295791064e-15     2.26083967932e-16   7.7876658041655e-15  1.10698212078348e-16 -1.02223238111998e-25  9.99999900000676e-10
      1.65408205390873e-16   4.7681383705489e-16 -2.21027534783654e-16  7.80070798952554e-15  -2.0336358683301e-25  3.44426896933895e-24
     -0.000241914177645522  2.19655437263885e-05 -4.68148446138331e-06 -1.20481100276434e-05 -9.99729279290827e-20 -3.28207625379729e-12
      8.24790620258007e-06   1.8674277461092e-05 -8.68767421002634e-06  0.000308114330605535 -5.59211567830908e-18  1.59859119681326e-13
      5.02278975863709e-05 -7.46700510680632e-06 -0.000307824709104959 -5.16510661936349e-06 -2.11324117246448e-18 -2.61098757016472e-11
      3.18773099640465e-05    1.455706697517e-06  1.05385489306213e-05  6.97129219014381e-08 -3.83498570372019e-26  5.28609656486303e-13
  Columns 7 through 11
      1.65408205390877e-16  -0.00024191417764552   8.2479062025802e-06  5.02278975863707e-05   3.1877309964047e-05
      4.76813837054885e-16  2.19655437263884e-05  1.86742774610918e-05  -7.4670051068063e-06  1.45570669751699e-06
      -2.2102753478366e-16 -4.68148446138218e-06 -8.68767421002662e-06 -0.000307824709104946  1.05385489306205e-05
      7.80070798952546e-15 -1.20481100276435e-05  0.000308114330605532 -5.16510661936305e-06  6.97129219013855e-08
      -2.0336358683301e-25 -9.99729279290827e-20 -5.59211567830908e-18 -2.11324117246448e-18 -3.83498570370823e-26
      3.44426896933899e-24 -3.28207625379731e-12  1.59859119681328e-13 -2.61098757016472e-11  5.28609656486289e-13
      9.99999900000711e-10  6.63498230797204e-13  2.72703380108358e-11 -9.12631044521852e-14 -5.31264342211934e-14
        6.634982307972e-13     0.418837910823653     0.023216571518692     0.157394117434325    0.0527498037034259
      2.72703380108358e-11    0.0232165715186922      1.07660073242475  -0.00474367883047278  -0.00247178812768393
     -9.12631044521871e-14     0.157394117434326  -0.00474367883047286      1.04141072259327    -0.017365947875648
     -5.31264342211927e-14    0.0527498037034265  -0.00247178812768391   -0.0173659478756485     0.238030721970014
bias_board_gyro =
       -0.0172132424854573
       0.00626602875859936
       0.00713447545232681
bias_mti_gyro =
     -5.56325458933925e-05
     -7.08487731810812e-05
     -6.52395872608188e-05
bias_ad_gyro =
     -3.16774490525673e-05
                         0
                         0
bias_board_mag =
        -0.494314372030452
       -0.0268211516103318
         0.190843132613016
bias_mti_mag =
        -0.495214357022242
       -0.0278154350832103
          0.18974664375122
bias_board_baro =
          1.05776279843121
bias_mti_baro =
          9.16684590386285
board_accel_meas =
          -6.6365884894758
         0.423655198614584
         0.163487682248742
board_accel_status =
   1
board_gyro_meas =
       -0.0231567602472029
          0.03010349351539
      -0.00395375656768556
board_gyro_status =
   1
mti_accel_meas =
          -6.6140999115765
         0.244467334477238
        0.0683006511066052
mti_accel_status =
   1
mti_gyro_meas =
      -0.00563128932628022
        0.0227870032560807
       -0.0101209503791439
mti_gyro_status =
   1
ad_accel_meas =
         -6.62053201449111
         0.244717905848144
        0.0680668233314184
ad_accel_status =
   1
ad_gyro_meas =
       -0.0056073342294394
                         0
                         0
ad_gyro_status =
   1
board_baro_meas =
          13778.3912336232
board_baro_status =
   0
board_mag_meas =
        -0.428369900616587
       0.00188178251541769
         0.307469876422098
board_mag_status =
   0
mti_baro_meas =
          13783.7297033583
mti_baro_status =
   0
mti_mag_meas =
        -0.429054977405193
       0.00119670572681152
         0.306784799633492
mti_mag_status =
   0
dt =
                    0.0025
flight_phase =
   1
x =
         0.865052529400777
         0.482440340575561
        -0.111682326227172
        0.0803896583594079
        0.0126123434866442
       -0.0261001105823709
       -0.0368994796543302
           413.32248499818
         -20.5117157656492
         -18.5842848725327
           16313.512581401
P =
  Columns 1 through 6
       5.2780537185121e-07  1.07525405597434e-09  7.80271578403727e-09 -2.19147568634104e-08 -6.08820087232352e-20 -8.94613367415914e-16
      1.07525405597452e-09  4.63148515415156e-07  2.78595119728971e-08   7.8857178901153e-09  1.08105555298604e-19   4.9087075633454e-16
      7.80271578403795e-09  2.78595119728965e-08  1.37139952202396e-06  8.05716220506867e-09  5.93356293905352e-21  5.62954584609188e-15
     -2.19147568634111e-08  7.88571789011538e-09   8.0571622050685e-09  1.37904313048513e-06      1.4632803897e-20  3.19179961597325e-15
     -6.08820087232352e-20  1.08105555298604e-19  5.93356293905351e-21      1.4632803897e-20   9.9999990000002e-10 -2.64244275100703e-25
     -8.94613367415905e-16  4.90870756334528e-16  5.62954584609205e-15  3.19179961597325e-15 -2.64244275100703e-25  9.99999900000324e-10
      1.25348636736441e-15 -3.20814559439254e-16 -3.09215094664867e-15   5.6518544141731e-15  2.09673858926591e-25  7.65773294304479e-24
     -0.000345971728645878  5.98100703788987e-05 -3.26852731466403e-05  1.66984758105955e-05 -2.29975066412609e-19 -9.94569616195533e-13
      6.53417704992756e-05  -1.8151122725343e-05 -0.000205359866721996  0.000373189298824877 -6.80997274543935e-18  4.54336710819917e-13
      4.34259535794652e-05 -2.96573081857886e-05 -0.000372350558348495 -0.000209547513827088  2.40353477728211e-18 -2.00992145161759e-11
      1.65218839972548e-05 -7.58815526776518e-05  5.72227446921667e-07 -4.65526724986299e-06   6.0901153964268e-24  1.72316971457196e-13
  Columns 7 through 11
      1.25348636736441e-15 -0.000345971728645877  6.53417704992756e-05  4.34259535794659e-05  1.65218839972552e-05
     -3.20814559439265e-16  5.98100703788985e-05 -1.81511227253438e-05 -2.96573081857894e-05 -7.58815526776519e-05
     -3.09215094664853e-15 -3.26852731466381e-05 -0.000205359866721988 -0.000372350558348484  5.72227446921506e-07
      5.65185441417305e-15  1.66984758105947e-05  0.000373189298824873 -0.000209547513827088 -4.65526724986308e-06
      2.09673858926591e-25 -2.29975066412609e-19 -6.80997274543935e-18  2.40353477728211e-18  6.09011539642684e-24
      7.65773294304472e-24 -9.94569616195539e-13  4.54336710819912e-13 -2.00992145161759e-11  1.72316971457197e-13
      9.99999900000313e-10   2.6739958170333e-12  1.94282313227032e-11 -3.85110156560194e-13 -4.19604276697635e-13
      2.67399581703328e-12     0.504650714944121      0.20128509031639    0.0881266956824229    0.0844769225744284
      1.94282313227032e-11     0.201285090316391      1.28997732257433   -0.0209413895249338   -0.0234337185198682
     -3.85110156560191e-13    0.0881266956824233   -0.0209413895249336      1.32809256686375  -0.00756325824088923
     -4.19604276697647e-13    0.0844769225744284    -0.023433718519869  -0.00756325824088917      0.36410498535098
bias_board_gyro =
       -0.0172132424854573
       0.00626602875859936
       0.00713447545232681
bias_mti_gyro =
     -5.56325458933925e-05
     -7.08487731810812e-05
     -6.52395872608188e-05
bias_ad_gyro =
     -3.16774490525673e-05
                         0
                         0
bias_board_mag =
        -0.494314372030452
       -0.0268211516103318
         0.190843132613016
bias_mti_mag =
        -0.495214357022242
       -0.0278154350832103
          0.18974664375122
bias_board_baro =
          1.05776279843121
bias_mti_baro =
          9.16684590386285
board_accel_meas =
         -3.88347250918612
         0.248379032457388
         0.263873839487058
board_accel_status =
   1
board_gyro_meas =
      -0.00310799423833254
       -0.0211789971687569
       -0.0277553569707973
board_gyro_status =
   1
mti_accel_meas =
         -3.85079298782478
        0.0631015188153147
         0.160011206500877
mti_accel_status =
   1
mti_gyro_meas =
        0.0152895747172141
       -0.0280950760240109
       -0.0342933952563609
mti_gyro_status =
   1
ad_accel_meas =
         -3.85156123413807
        0.0633148907272092
         0.159455377045673
ad_accel_status =
   1
ad_gyro_meas =
        0.0153135298140549
                         0
                         0
ad_gyro_status =
   1
board_baro_meas =
           9718.7816343664
board_baro_status =
   0
board_mag_meas =
        -0.434851870097966
         0.248051832984366
         0.164646299618261
board_mag_status =
   0
mti_baro_meas =
          9726.44674520114
mti_baro_status =
   0
mti_mag_meas =
        -0.425818501832218
         0.257085201250114
         0.173679667884009
mti_mag_status =
   0
dt =
                    0.0025
flight_phase =
   1
x =
         0.863748398221198
         0.482491130240427
        -0.121273821830868
        0.0802101860624043
       0.00259606063830169
      -0.00551401757099917
       -0.0146468439256431
          351.106841103145
         -11.3852222243382
         -18.8909842696597
           18179.000374491
P =
  Columns 1 through 6
      7.24751209836755e-07  1.42912141948885e-08  1.44521442441483e-08 -2.54614948209617e-08 -6.05324346851541e-20 -7.65298826879739e-16
      1.42912141948881e-08  6.05692381963638e-07  3.47583838641467e-08  1.50608224822222e-08  1.08013077687564e-19  5.92009522744306e-16
      1.44521442441479e-08  3.47583838641478e-08  1.56771720458239e-06  8.17141211773477e-09  8.50244550652454e-21  4.70207228065827e-15
     -2.54614948209635e-08  1.50608224822221e-08  8.17141211773467e-09  1.57587898570134e-06  1.49698239725726e-20  2.69037423518012e-15
     -6.05324346851541e-20  1.08013077687564e-19  8.50244550652454e-21  1.49698239725726e-20   9.9999990000002e-10 -1.15215891416303e-25
     -7.65298826879736e-16  5.92009522744308e-16  4.70207228065832e-15  2.69037423518011e-15 -1.15215891416303e-25  9.99999900000167e-10
      8.34215994522898e-16 -4.04640114032801e-16 -2.57914271147091e-15  4.74699332423793e-15  4.68065322414442e-26  4.49290633255371e-24
     -0.000421632604562211  0.000132370372197058 -6.39098652724896e-05   2.7104227154035e-05 -6.76666873112113e-20 -9.04572797981989e-13
      7.32568957567972e-05 -3.78725288164939e-05 -0.000270978492306284  0.000495798444083652 -5.13381260057913e-18  4.38931231110368e-13
      5.71135583192148e-05 -5.46012358236604e-05 -0.000493670147317177 -0.000279038829494544  1.83833488098322e-18 -1.54069993686754e-11
      7.89408385675626e-06 -4.15400650227482e-05  3.94590427778838e-06 -7.73822407198229e-08  2.95029874328616e-24  2.36888582928008e-13
  Columns 7 through 11
      8.34215994522917e-16 -0.000421632604562208  7.32568957567994e-05  5.71135583192153e-05  7.89408385675868e-06
     -4.04640114032809e-16  0.000132370372197055 -3.78725288164949e-05 -5.46012358236603e-05 -4.15400650227495e-05
     -2.57914271147089e-15 -6.39098652724865e-05 -0.000270978492306281 -0.000493670147317172  3.94590427778868e-06
      4.74699332423782e-15  2.71042271540348e-05  0.000495798444083641 -0.000279038829494545   -7.738224071918e-08
      4.68065322414441e-26 -6.76666873112113e-20 -5.13381260057913e-18  1.83833488098322e-18  2.95029874328609e-24
      4.49290633255371e-24 -9.04572797981985e-13  4.38931231110369e-13 -1.54069993686754e-11  2.36888582928009e-13
      9.99999900000162e-10  2.33682711333487e-12  1.49029786028603e-11 -3.42706451826878e-13 -3.66600032841418e-13
       2.3368271133349e-12     0.582240286387754     0.262541920050071      0.12560389897537     0.124182890270779
      1.49029786028603e-11     0.262541920050068      1.56227363832961   -0.0316388154045034   -0.0341790154798088
     -3.42706451826877e-13     0.125603898975369   -0.0316388154045033      1.61303045220502   -0.0180167541992322
     -3.66600032841402e-13     0.124182890270781   -0.0341790154798071    -0.018016754199232     0.500216224636315
bias_board_gyro =
       -0.0172132424854573
       0.00626602875859936
       0.00713447545232681
bias_mti_gyro =
     -5.56325458933925e-05
     -7.08487731810812e-05
     -6.52395872608188e-05
bias_ad_gyro =
     -3.16774490525673e-05
                         0
                         0
bias_board_mag =
        -0.494314372030452
       -0.0268211516103318
         0.190843132613016
bias_mti_mag =
        -0.495214357022242
       -0.0278154350832103
          0.18974664375122
bias_board_baro =
          1.05776279843121
bias_mti_baro =
          9.16684590386285
board_accel_meas =
         -2.47413939799764
         0.218298416837054
        0.0931245207213316
board_accel_status =
   1
board_gyro_meas =
       -0.0168626154804673
       -0.0003027528116304
      -0.00694631501213342
board_gyro_status =
   1
mti_accel_meas =
         -2.43747851776019
        0.0402757177508498
       -0.0102054593190736
mti_accel_status =
   1
mti_gyro_meas =
      0.000771191200196726
      -0.00751766706624099
       -0.0143467101649382
mti_gyro_status =
   1
ad_accel_meas =
         -2.43820565752736
        0.0405263098711369
       -0.0104395079340441
ad_accel_status =
   1
ad_gyro_meas =
      0.000795146297037548
                         0
                         0
ad_gyro_status =
   1
board_baro_meas =
          7230.40325666237
board_baro_status =
   0
board_mag_meas =
        -0.423826775067454
         0.256731128418872
         0.176898607219249
board_mag_status =
   0
mti_baro_meas =
          7237.54475571732
mti_baro_status =
   0
mti_mag_meas =
        -0.418709033602443
         0.261848869883883
          0.18201634868426
mti_mag_status =
   0
dt =
                    0.0025
flight_phase =
   1
x =
         0.871239978569444
        -0.467667875738281
        -0.143318946483741
       -0.0410772117304573
        -0.039879883349391
       0.00595409942590311
       -0.0044019545366769
          294.969572815746
          4.60702496147162
         -4.10091683314664
          19742.6392841344
P =
  Columns 1 through 6
      7.36419638707144e-07 -1.96023067539142e-07  3.91551110749035e-08  1.51768472405432e-08   5.8334979660123e-20 -3.03731631205695e-16
     -1.96023067539142e-07  5.97953272114031e-07  -7.0362880675965e-09  2.94709063576234e-08   1.0897655991753e-19  6.98339812339994e-17
      3.91551110749056e-08  -7.0362880675967e-09  1.76190886625004e-06 -7.52006668736531e-09  -5.9945355794176e-21  3.99718634365809e-15
      1.51768472405422e-08  2.94709063576232e-08 -7.52006668736527e-09  1.77353369312741e-06  1.76357188739626e-20 -2.21986982784623e-15
       5.8334979660123e-20   1.0897655991753e-19  -5.9945355794176e-21  1.76357188739626e-20   9.9999990000002e-10 -5.07623194919129e-26
       -3.037316312057e-16  6.98339812339809e-17   3.9971863436581e-15  -2.2198698278463e-15 -5.07623194919129e-26  9.99999900000095e-10
     -2.47493718128229e-16  3.37290918610698e-16  2.11600715986991e-15  3.99263368571618e-15 -5.29306490923713e-26 -2.72080819678286e-24
     -0.000348145296710259  0.000202102140664967 -9.59369632399818e-05 -4.47483404547317e-05 -1.13006387174463e-20 -1.80384356583785e-12
     -3.39346296146943e-05  5.04968995530237e-05  0.000338101580821944  0.000635685533250724 -6.37110249691289e-19 -4.03462276511693e-13
      4.34473698369568e-05 -8.27881344094072e-06 -0.000637051510436064  0.000352499239528567 -1.52714257626888e-18 -1.18565073920674e-11
      1.39585009275711e-05  0.000238985934683773 -1.05782732698642e-06 -6.33085980201866e-07 -1.89109773119159e-23  2.48114817155735e-13
  Columns 7 through 11
     -2.47493718128229e-16  -0.00034814529671026 -3.39346296146943e-05  4.34473698369559e-05  1.39585009275724e-05
      3.37290918610706e-16  0.000202102140664966  5.04968995530251e-05 -8.27881344094369e-06  0.000238985934683773
      2.11600715986989e-15 -9.59369632399798e-05  0.000338101580821941 -0.000637051510436062  -1.0578273269859e-06
      3.99263368571615e-15 -4.47483404547316e-05   0.00063568553325072  0.000352499239528557 -6.33085980200735e-07
     -5.29306490923713e-26 -1.13006387174463e-20 -6.37110249691289e-19 -1.52714257626888e-18 -1.89109773119161e-23
     -2.72080819678291e-24 -1.80384356583782e-12 -4.03462276511703e-13 -1.18565073920674e-11  2.48114817155739e-13
      9.99999900000094e-10 -1.78997607502166e-12  1.18463675287886e-11  4.08806713175676e-13  3.30032025977943e-13
     -1.78997607502173e-12     0.512830667618263    -0.292694411035536     0.294002347978452     0.211725591595993
      1.18463675287886e-11    -0.292694411035524      1.88867443813765    0.0602525909023712    0.0491877420489821
      4.08806713175684e-13     0.294002347978447    0.0602525909023725      1.88983668608607   -0.0364979638176562
      3.30032025977918e-13     0.211725591595994     0.049187742048978   -0.0364979638176555     0.779885248175691
bias_board_gyro =
       -0.0172132424854573
       0.00626602875859936
       0.00713447545232681
bias_mti_gyro =
     -5.56325458933925e-05
     -7.08487731810812e-05
     -6.52395872608188e-05
bias_ad_gyro =
     -3.16774490525673e-05
                         0
                         0
bias_board_mag =
        -0.494314372030452
       -0.0268211516103318
         0.190843132613016
bias_mti_mag =
        -0.495214357022242
       -0.0278154350832103
          0.18974664375122
bias_board_baro =
          1.05776279843121
bias_mti_baro =
          9.16684590386285
board_accel_meas =
         -1.49339308251411
        0.0986429474131275
        0.0520643175934658
board_accel_status =
   1
board_gyro_meas =
        -0.058966337840815
        0.0138601160856324
      0.000799980251268479
board_gyro_status =
   1
mti_accel_meas =
         -1.46557364461088
       -0.0727800256512163
       -0.0462624638252562
mti_accel_status =
   1
mti_gyro_meas =
       -0.0442327135040974
       0.00948235956063732
      -0.00599222905984928
mti_gyro_status =
   1
ad_accel_meas =
         -1.46380402132915
       -0.0725704155016332
       -0.0445336961799788
ad_accel_status =
   1
ad_gyro_meas =
       -0.0442087584072566
                         0
                         0
ad_gyro_status =
   1
board_baro_meas =
          5641.63880942915
board_baro_status =
   0
board_mag_meas =
        -0.421374683836757
        -0.272438588834373
         0.172913197292985
board_mag_status =
   0
mti_baro_meas =
          5647.30344953332
mti_baro_status =
   0
mti_mag_meas =
        -0.417680475125301
        -0.268744380122917
         0.176607406004441
mti_mag_status =
   0
dt =
                    0.0025
flight_phase =
   1
x =
         0.870787304250948
        -0.461958432540281
         -0.16432834399928
       -0.0363328049942199
       0.00816794912936403
       -0.0123744015781516
       0.00234529710499366
           244.07330448509
         -1.79391708945532
         -3.68498582507785
          21032.0032406325
P =
  Columns 1 through 6
      9.35052202204409e-07 -1.71174733820826e-07  5.98092041992102e-08  2.43715269261532e-08  5.78085357784349e-20 -2.29049860227424e-16
      -1.7117473382083e-07  6.06872006167342e-07 -1.42459402687096e-08  5.88217936823246e-08  1.08591174203434e-19 -2.00384356190289e-16
      5.98092041992158e-08 -1.42459402687124e-08  1.95552156730115e-06 -8.02608836320985e-09 -3.78350238001992e-21  3.32495333324397e-15
      2.43715269261502e-08  5.88217936823242e-08 -8.02608836320879e-09   1.9679119438267e-06  2.18920143939749e-20 -1.83680133463675e-15
      5.78085357784349e-20  1.08591174203434e-19 -3.78350238001992e-21  2.18920143939749e-20   9.9999990000002e-10  2.96437485821527e-27
     -2.29049860227427e-16 -2.00384356190306e-16  3.32495333324399e-15 -1.83680133463677e-15  2.96437485821527e-27  9.99999900000059e-10
     -7.65695195737155e-17  1.12261414032291e-16  1.75541100890176e-15  3.35942328345975e-15  1.25923878748819e-25 -1.69635483305636e-24
     -0.000398613595181013  2.56019827495332e-05 -0.000159156278486621 -4.08631071635704e-05 -5.33643647700718e-21 -1.75406136524727e-12
      -2.1054046994173e-05  2.67883218270656e-05  0.000414608231083804   0.00079541538939838 -1.69032045855897e-18 -4.14737453273252e-13
      4.82639979612435e-05  4.78463759372407e-05 -0.000789942522846708  0.000434436267960582  4.64873968511341e-19 -9.27381576402079e-12
     -3.72395730881458e-05  0.000102445235706535  1.00701725880564e-05 -2.27384602610438e-07 -6.33764998461091e-24  2.45794185395574e-13
  Columns 7 through 11
      -7.6569519573715e-17 -0.000398613595181032 -2.10540469941731e-05  4.82639979612424e-05 -3.72395730881582e-05
      1.12261414032323e-16  2.56019827495331e-05  2.67883218270732e-05  4.78463759372366e-05  0.000102445235706537
      1.75541100890173e-15  -0.00015915627848662  0.000414608231083798 -0.000789942522846704  1.00701725880588e-05
      3.35942328345969e-15 -4.08631071635705e-05  0.000795415389398364  0.000434436267960579  -2.2738460261263e-07
      1.25923878748819e-25 -5.33643647700718e-21 -1.69032045855897e-18  4.64873968511341e-19 -6.33764998461026e-24
     -1.69635483305635e-24 -1.75406136524728e-12 -4.14737453273251e-13 -9.27381576402079e-12  2.45794185395553e-13
       9.9999990000006e-10 -1.60184084926569e-12  9.39585587170237e-12  3.77545945958684e-13  1.99902967523161e-13
      -1.6018408492657e-12     0.567576821713423    -0.375226090335402     0.423977040237252     0.204117082060356
      9.39585587170237e-12    -0.375226090335401       2.2227389560987    0.0925530005949244    0.0488400783862466
      3.77545945958683e-13     0.423977040237255    0.0925530005949241       2.2029554693653   -0.0551453672041663
      1.99902967523152e-13     0.204117082060351    0.0488400783862445   -0.0551453672041715     0.873141556537495
bias_board_gyro =
       -0.0172132424854573
       0.00626602875859936
       0.00713447545232681
bias_mti_gyro =
     -5.56325458933925e-05
     -7.08487731810812e-05
     -6.52395872608188e-05
bias_ad_gyro =
     -3.16774490525673e-05
                         0
                         0
bias_board_mag =
        -0.494314372030452
       -0.0268211516103318
         0.190843132613016
bias_mti_mag =
        -0.495214357022242
       -0.0278154350832103
          0.18974664375122
bias_board_baro =
          1.05776279843121
bias_mti_baro =
          9.16684590386285
board_accel_meas =
        -0.663117056722331
         0.134624910655831
        0.0678527685965635
board_accel_status =
   1
board_gyro_meas =
      -0.00945859758855748
      -0.00864087596928295
       0.00926036787942417
board_gyro_status =
   1
mti_accel_meas =
        -0.648383202918902
       -0.0369164213393166
       -0.0347429027110364
mti_accel_status =
   1
mti_gyro_meas =
       0.00764357513359309
       -0.0161370361999423
       0.00214224233344722
mti_gyro_status =
   1
ad_accel_meas =
        -0.647704823316672
       -0.0366620377056525
       -0.0349990099119429
ad_accel_status =
   1
ad_gyro_meas =
       0.00766753023043391
                         0
                         0
ad_gyro_status =
   1
board_baro_meas =
          4602.78999303993
board_baro_status =
   0
board_mag_meas =
        -0.399893681960016
        -0.265719892252749
         0.202779052922946
board_mag_status =
   0
mti_baro_meas =
           4609.9490606764
mti_baro_status =
   0
mti_mag_meas =
        -0.403635410750685
        -0.269461621043418
         0.199037324132278
mti_mag_status =
   0
dt =
                    0.0025
flight_phase =
   1
x =
         0.973031487055253
         0.115659178540867
        -0.180302046256231
        0.0855795053392534
        0.0046739334268891
      -0.00954922879356012
        0.0158425504943303
          196.093797463625
         -5.65801290905141
          5.71912364377079
          22059.1744010456
P =
  Columns 1 through 6
      1.17531524534034e-06  1.17163518102894e-07  5.77694889300859e-08 -6.68409304223605e-08   -1.420302135421e-20 -1.08037030896887e-16
      1.17163518102896e-07  7.14943250040364e-07  8.75495697736547e-08  6.33550565536352e-08  1.21297036500964e-19  1.06084141822924e-16
      5.77694889300886e-08  8.75495697736555e-08  2.14100873521533e-06  3.45968655155786e-09  1.24008294857805e-20  3.08100669352126e-15
     -6.68409304223637e-08  6.33550565536343e-08  3.45968655155915e-09  2.15988113088213e-06  2.36829030927633e-20  4.04844188499805e-16
       -1.420302135421e-20  1.21297036500964e-19  1.24008294857805e-20  2.36829030927633e-20   9.9999990000002e-10  1.49393803926446e-25
     -1.08037030896891e-16    1.060841418229e-16  3.08100669352137e-15  4.04844188499837e-16  1.49393803926446e-25  9.99999900000041e-10
      4.71313104030814e-17  2.78025965376064e-16 -2.97856502703553e-16    3.103663886889e-15  7.65780168763466e-26  1.24799484671826e-24
     -0.000463666547040778 -0.000173011959813045 -0.000236238528617634   0.00013650399094477 -3.21213283886318e-20  -1.9723716636025e-12
      3.08056904621163e-06  9.18643102147381e-05 -0.000110535662077231   0.00108486667101351  1.05285382234216e-18  3.77864375651849e-13
      5.11658063039679e-05 -3.19079283073706e-05  -0.00106615852486467 -0.000144982273403055  2.14697951967232e-18 -7.14932724435951e-12
      3.47934333922971e-05  -0.00018439420583911  5.62677146153086e-06 -3.59207344944401e-05  2.47930654085603e-23  2.20350466251787e-13
  Columns 7 through 11
      4.71313104030737e-17 -0.000463666547040805  3.08056904620817e-06  5.11658063039674e-05  3.47934333922697e-05
      2.78025965376055e-16 -0.000173011959813051  9.18643102147349e-05 -3.19079283073788e-05 -0.000184394205839117
     -2.97856502703553e-16  -0.00023623852861763 -0.000110535662077231  -0.00106615852486463  5.62677146153028e-06
      3.10366388688902e-15  0.000136503990944769   0.00108486667101352 -0.000144982273403044 -3.59207344944432e-05
      7.65780168763466e-26 -3.21213283886318e-20  1.05285382234216e-18  2.14697951967232e-18  2.47930654085611e-23
      1.24799484671827e-24 -1.97237166360249e-12  3.77864375651852e-13 -7.14932724435951e-12  2.20350466251795e-13
      9.99999900000041e-10  1.15477239615166e-12  7.45162250389383e-12 -4.68327133803917e-13 -2.75026840336834e-13
      1.15477239615167e-12     0.729952219230888     0.423165340397245     0.665611514916382     0.242684390412731
      7.45162250389382e-12     0.423165340397243      2.60743973126068    -0.143944140420195   -0.0888010515329548
      -4.6832713380392e-13     0.665611514916378    -0.143944140420196      2.47057330798025   -0.0838182650915528
     -2.75026840336831e-13     0.242684390412719    -0.088801051532954   -0.0838182650915496       1.1116128666424
bias_board_gyro =
       -0.0172132424854573
       0.00626602875859936
       0.00713447545232681
bias_mti_gyro =
     -5.56325458933925e-05
     -7.08487731810812e-05
     -6.52395872608188e-05
bias_ad_gyro =
     -3.16774490525673e-05
                         0
                         0
bias_board_mag =
        -0.494314372030452
       -0.0268211516103318
         0.190843132613016
bias_mti_mag =
        -0.495214357022242
       -0.0278154350832103
          0.18974664375122
bias_board_baro =
          1.05776279843121
bias_mti_baro =
          9.16684590386285
board_accel_meas =
        -0.337254914602877
         0.197804770994871
        0.0968236501804362
board_accel_status =
   1
board_gyro_meas =
       -0.0158902956071496
      -0.00210707468544183
        0.0231483327134606
board_gyro_status =
   1
mti_accel_meas =
        -0.321515292950038
      0.000826820648831807
      0.000516274022958499
mti_accel_status =
   1
mti_gyro_meas =
       0.00167438883460072
      -0.00774823214059191
        0.0160822251793546
mti_gyro_status =
   1
ad_accel_meas =
        -0.320987146646973
       0.00107559981938709
      -0.00171914651919065
ad_accel_status =
   1
ad_gyro_meas =
       0.00169834393144155
                         0
                         0
ad_gyro_status =
   1
board_baro_meas =
          3914.88568626932
board_baro_status =
   0
board_mag_meas =
        -0.379685059560996
         0.116048648269666
         0.345146149210416
board_mag_status =
   0
mti_baro_meas =
          3921.83466898454
mti_baro_status =
   0
mti_mag_meas =
        -0.383514773149356
         0.112218934681306
         0.341316435622056
mti_mag_status =
   0
dt =
                    0.0025
flight_phase =
   1
x =
         0.967746978110939
      -0.00708092961065223
        -0.236036074347353
        0.0877645623226502
       -0.0311787362002004
       -0.0257745961445568
        0.0100315311515939
          151.508550496485
         -8.54875281448215
          7.80266338275618
          22836.3509638166
P =
  Columns 1 through 6
      1.39018139974381e-06  4.00582353788105e-08  1.23789626335701e-07 -8.27872474304587e-08  9.66464493410107e-22 -1.02032249365435e-17
      4.00582353788226e-08   8.4989498282857e-07  1.12732319394092e-07  1.38455924855235e-07   1.2033756731944e-19  2.00077904531436e-16
      1.23789626335699e-07  1.12732319394092e-07  2.31856228151689e-06  1.92567409957217e-09  1.21399056898946e-20  2.45956380981422e-15
      -8.2787247430462e-08   1.3845592485523e-07  1.92567409957541e-09  2.33873301042166e-06  3.16528394329815e-20  4.32826232201513e-17
      9.66464493410107e-22   1.2033756731944e-19  1.21399056898946e-20  3.16528394329815e-20   9.9999990000002e-10  9.54361086969681e-26
     -1.02032249365701e-17  2.00077904531422e-16  2.45956380981432e-15  4.32826232201835e-17  9.54361086969681e-26  9.99999900000031e-10
      4.49820795344577e-17   3.0749053138177e-16  1.24872536271123e-16  2.50274390980867e-15  1.78658079969512e-25  9.47076546050262e-25
     -0.000567675062072904 -1.69301269783541e-05 -0.000408599992460169  0.000205628385447295 -5.67212420130895e-20 -2.15482687437426e-12
       -9.003205840671e-06  0.000156234332803365  4.08766579419493e-05   0.00129072546868192  1.27225093907193e-18  3.62926018664571e-13
      3.44998867450381e-05  -0.00010138526801946  -0.00123600191211204 -3.26320201714057e-05  2.49912648511382e-18 -5.20389691668321e-12
     -0.000125753264910106 -2.91365845235951e-05  4.14709955524241e-05 -3.15086759988813e-05  6.78316354363788e-24  2.83479356664511e-13
  Columns 7 through 11
      4.49820795344491e-17 -0.000567675062072977 -9.00320584067949e-06  3.44998867450283e-05 -0.000125753264910158
      3.07490531381773e-16 -1.69301269783604e-05  0.000156234332803366 -0.000101385268019467 -2.91365845235944e-05
      1.24872536271095e-16 -0.000408599992460171  4.08766579419349e-05  -0.00123600191211199  4.14709955524081e-05
      2.50274390980863e-15  0.000205628385447303    0.0012907254686819 -3.26320201713896e-05 -3.15086759988839e-05
      1.78658079969512e-25 -5.67212420130895e-20  1.27225093907193e-18  2.49912648511382e-18  6.78316354363853e-24
      9.47076546050266e-25 -2.15482687437428e-12  3.62926018664572e-13 -5.20389691668321e-12  2.83479356664497e-13
      9.99999900000031e-10  6.92828125464478e-13  5.92083376547449e-12  -5.1933719986322e-13 -1.64797775040527e-13
      6.92828125464488e-13      1.02625254264778     0.411864248411346      1.04841928062998     0.280106847717964
      5.92083376547449e-12     0.411864248411342       3.0493854293706    -0.206504578148277   -0.0684242115351991
     -5.19337199863223e-13      1.04841928062999    -0.206504578148278      2.60569535065053    -0.159326599774673
     -1.64797775040521e-13     0.280106847717943   -0.0684242115351976    -0.159326599774679      1.25846043561462
bias_board_gyro =
       -0.0172132424854573
       0.00626602875859936
       0.00713447545232681
bias_mti_gyro =
     -5.56325458933925e-05
     -7.08487731810812e-05
     -6.52395872608188e-05
bias_ad_gyro =
     -3.16774490525673e-05
                         0
                         0
bias_board_mag =
        -0.494314372030452
       -0.0268211516103318
         0.190843132613016
bias_mti_mag =
        -0.495214357022242
       -0.0278154350832103
          0.18974664375122
bias_board_baro =
          1.05776279843121
bias_mti_baro =
          9.16684590386285
board_accel_meas =
         -0.19233568255859
         0.180708175353259
         0.136648986530669
board_accel_status =
   1
board_gyro_meas =
       -0.0440341125153526
        -0.019700213611591
        0.0151962788708299
board_gyro_status =
   1
mti_accel_meas =
        -0.168849761774545
       0.00238317273031636
        0.0201610055895165
mti_accel_status =
   1
mti_gyro_meas =
       -0.0254871545153386
       -0.0256626243348866
       0.00748382822641831
mti_gyro_status =
   1
ad_accel_meas =
         -0.16875110770555
       0.00261294178789435
        0.0206696981333774
ad_accel_status =
   1
ad_gyro_meas =
       -0.0254631994184978
                         0
                         0
ad_gyro_status =
   1
board_baro_meas =
          3465.83567809962
board_baro_status =
   0
board_mag_meas =
        -0.347022651712253
        0.0429120990265228
         0.391801732117854
board_mag_status =
   0
mti_baro_meas =
          3474.19243688357
mti_baro_status =
   0
mti_mag_meas =
        -0.346976475701865
        0.0429582750369107
         0.391847908128242
mti_mag_status =
   0
dt =
                    0.0025
flight_phase =
   1
x =
         0.937861219108414
       -0.0140344622704249
        -0.321491486751828
         0.129856041474236
       0.00872207545421512
       -0.0482887650669207
        0.0163009955040031
          111.912066959828
          -10.305436383856
          10.0439869133144
            23368.62931097
P =
  Columns 1 through 6
       1.5500112719226e-06  4.07333365904138e-08  2.33170876148015e-07 -1.42351069791209e-07  1.65672174621821e-21  1.30671216755199e-16
      4.07333365904248e-08  1.09782038310871e-06  1.69766979817356e-07  2.69252470997094e-07  1.15487139144994e-19  2.39527613925921e-16
      2.33170876147996e-07  1.69766979817358e-07  2.45735057521836e-06  3.66962359914528e-09  1.78203011786507e-20  1.82557159892907e-15
     -1.42351069791209e-07   2.6925247099708e-07  3.66962359915126e-09   2.4840011941879e-06  4.46409541708719e-20  7.07581770768282e-17
      1.65672174621821e-21  1.15487139144994e-19  1.78203011786507e-20  4.46409541708719e-20   9.9999990000002e-10  1.30018865628089e-25
      1.30671216755131e-16  2.39527613925926e-16  1.82557159892905e-15  7.07581770768431e-17  1.30018865628089e-25  9.99999900000025e-10
      2.68202156680661e-17   4.4305687618797e-16  2.29518751293973e-16   1.8988960985908e-15  3.82581234178574e-25  9.86998319727498e-25
     -0.000643941598024137 -2.34983572962804e-05 -0.000705026773253096  0.000353301428280394  -1.3103325000028e-19  -2.1456602842758e-12
     -3.90258340372675e-05  0.000331898978353158  0.000108142417107378    0.0014640398987032  1.43786318731267e-18  5.46580433382671e-13
     -4.06150369045308e-05 -0.000178490326257353  -0.00131292306378123 -8.51002558299407e-05  2.94128176481822e-18 -3.45953733296356e-12
     -0.000205458011925587   6.8861814885299e-06  7.83331599001722e-05 -4.24958791029642e-05  1.60803913212508e-24  2.81750955465065e-13
  Columns 7 through 11
      2.68202156680547e-17 -0.000643941598024171 -3.90258340372792e-05 -4.06150369045789e-05   -0.0002054580119256
      4.43056876187963e-16 -2.34983572962851e-05  0.000331898978353153  -0.00017849032625735  6.88618148852738e-06
      2.29518751293945e-16 -0.000705026773253081  0.000108142417107359  -0.00131292306378124  7.83331599001762e-05
      1.89889609859073e-15  0.000353301428280401   0.00146403989870315 -8.51002558299302e-05 -4.24958791029521e-05
      3.82581234178574e-25  -1.3103325000028e-19  1.43786318731267e-18  2.94128176481822e-18  1.60803913212308e-24
       9.8699831972748e-25 -2.14566028427582e-12  5.46580433382656e-13 -3.45953733296356e-12  2.81750955464986e-13
      9.99999900000026e-10  5.92549022696917e-13  4.45758162996719e-12 -7.97356386608833e-13 -1.56338001347851e-13
      5.92549022696939e-13      1.70204578854385     0.603352848604148        1.464648781663     0.275542933276786
       4.4575816299672e-12     0.603352848604132      3.41610142581196    -0.466295410403018   -0.0924997647651405
     -7.97356386608822e-13      1.46464878166301    -0.466295410403008      2.47662836952263     -0.23716543016649
     -1.56338001347839e-13     0.275542933276738   -0.0924997647651364    -0.237165430166545       1.4298458080391
bias_board_gyro =
       -0.0172132424854573
       0.00626602875859936
       0.00713447545232681
bias_mti_gyro =
     -5.56325458933925e-05
     -7.08487731810812e-05
     -6.52395872608188e-05
bias_ad_gyro =
     -3.16774490525673e-05
                         0
                         0
bias_board_mag =
        -0.494314372030452
       -0.0268211516103318
         0.190843132613016
bias_mti_mag =
        -0.495214357022242
       -0.0278154350832103
          0.18974664375122
bias_board_baro =
          1.05776279843121
bias_mti_baro =
          9.16684590386285
board_accel_meas =
        -0.082825170285024
         0.195107216721031
         0.121661688314193
board_accel_status =
   1
board_gyro_meas =
       -0.0109498762521143
       -0.0430209787076384
        0.0236758200602771
board_gyro_status =
   1
mti_accel_meas =
         -0.07109150848632
       0.00971095016868912
        0.0140302541791748
mti_accel_status =
   1
mti_gyro_meas =
       0.00677153341915397
       -0.0489896661180166
        0.0143599336068801
mti_gyro_status =
   1
ad_accel_meas =
       -0.0710363139014618
       0.00995546137935643
        0.0139589834527083
ad_accel_status =
   1
ad_gyro_meas =
        0.0067954885159948
                         0
                         0
ad_gyro_status =
   1
board_baro_meas =
          3189.44190936129
board_baro_status =
   0
board_mag_meas =
        -0.267168559267849
         0.065889800187493
         0.446761731142627
board_mag_status =
   0
mti_baro_meas =
          3198.42869853998
mti_baro_status =
   0
mti_mag_meas =
        -0.266679529759578
        0.0663788296957635
         0.447250760650898
mti_mag_status =
   0
dt =
                    0.0025
flight_phase =
   1
x =
         0.853464891811389
      -0.00254109031332107
        -0.475388017041638
         0.213535604896729
       0.00637642035163202
       -0.0933582844082127
        0.0455712915847444
          83.0251790866589
         -11.3193071067922
          11.5477956870384
          23656.8733009312
P =
  Columns 1 through 6
      1.78440361987954e-06  4.50103691970915e-08  4.15119140180431e-07 -2.57645760504438e-07  4.64400963265992e-22  1.87779536949264e-16
      4.50103691971003e-08  1.46824204265382e-06  2.75506597012173e-07   4.7830613849282e-07  1.01620892179998e-19  3.44026819839564e-16
      4.15119140180431e-07  2.75506597012156e-07  2.47306245533482e-06  8.27919914205757e-09  3.03295076844974e-20  1.18033345295076e-15
     -2.57645760504431e-07  4.78306138492829e-07  8.27919914205872e-09  2.50593680634564e-06  6.68782579371545e-20  1.92832467616039e-16
      4.64400963265991e-22  1.01620892179998e-19  3.03295076844974e-20  6.68782579371545e-20   9.9999990000002e-10  3.39487560480312e-25
      1.87779536949228e-16  3.44026819839571e-16  1.18033345295077e-15   1.9283246761606e-16  3.39487560480312e-25  9.99999900000022e-10
      6.00630497840946e-17  6.49586777627908e-16  3.90807552744986e-16  1.33137908687181e-15  7.00936374568809e-25  1.14914648760001e-24
     -0.000925926501981903 -4.32389646062768e-05   -0.0011351439602539  0.000584544483322064 -2.95860914821286e-19 -1.76638318093828e-12
     -6.21166298119732e-05  0.000685692628033551  0.000261445674808359   0.00149680196473287  1.42940149218002e-18  9.82710587584285e-13
     -7.08076811713899e-05 -0.000360245843266543  -0.00109830395826968 -0.000286716343172415  3.53565312491276e-18 -1.77370865946962e-12
     -0.000211012137669668  -1.3042219743208e-05  0.000124999612294135 -6.26873588483177e-05  3.95589005402579e-24  2.72995867618528e-13
  Columns 7 through 11
      6.00630497840963e-17 -0.000925926501981906 -6.21166298119717e-05 -7.08076811714278e-05 -0.000211012137669632
      6.49586777627887e-16 -4.32389646062821e-05  0.000685692628033528 -0.000360245843266535 -1.30422197432083e-05
      3.90807552744966e-16  -0.00113514396025393  0.000261445674808334  -0.00109830395826967  0.000124999612294127
      1.33137908687173e-15  0.000584544483322035   0.00149680196473278 -0.000286716343172389 -6.26873588483025e-05
      7.00936374568809e-25 -2.95860914821286e-19  1.42940149218002e-18  3.53565312491276e-18  3.95589005402387e-24
          1.1491464876e-24 -1.76638318093826e-12  9.82710587584273e-13 -1.77370865946962e-12  2.72995867618542e-13
      9.99999900000023e-10  2.00213990262795e-13   3.2994733737371e-12 -1.25117734029976e-12 -1.54142080602276e-13
      2.00213990262814e-13      3.29888987138028     0.662357836918232      1.42073827376913     0.161682687311773
       3.2994733737371e-12     0.662357836918212      3.60256716038879     -1.13839069239541    -0.142057088514028
     -1.25117734029974e-12       1.4207382737691      -1.1383906923954      1.69033973248503    -0.313143067917918
     -1.54142080602277e-13       0.1616826873118    -0.142057088514026    -0.313143067917907      1.52880438393877
bias_board_gyro =
       -0.0172132424854573
       0.00626602875859936
       0.00713447545232681
bias_mti_gyro =
     -5.56325458933925e-05
     -7.08487731810812e-05
     -6.52395872608188e-05
bias_ad_gyro =
     -3.16774490525673e-05
                         0
                         0
bias_board_mag =
        -0.494314372030452
       -0.0268211516103318
         0.190843132613016
bias_mti_mag =
        -0.495214357022242
       -0.0278154350832103
          0.18974664375122
bias_board_baro =
          1.05776279843121
bias_mti_baro =
          9.16684590386285
board_accel_meas =
       -0.0584054335930758
         0.227357865675101
         0.140233288885998
board_accel_status =
   1
board_gyro_meas =
       -0.0107219783784263
       -0.0862357850660794
        0.0520704261001085
board_gyro_status =
   1
mti_accel_meas =
       -0.0461333547268069
        0.0263332749038203
        0.0262436228193777
mti_accel_status =
   1
mti_gyro_meas =
       0.00518261066682886
       -0.0907921993236295
        0.0443288311810201
mti_gyro_status =
   1
ad_accel_meas =
       -0.0460789292620749
        0.0265253822559172
        0.0260651941021164
ad_accel_status =
   1
ad_gyro_meas =
       0.00520656576366968
                         0
                         0
ad_gyro_status =
   1
board_baro_meas =
           3047.7412462549
board_baro_status =
   0
board_mag_meas =
       -0.0821828597758955
          0.11178071274308
         0.505814004868801
board_mag_status =
   0
mti_baro_meas =
          3053.49411053081
mti_baro_status =
   0
mti_mag_meas =
       -0.0818604118132232
         0.112103160705752
         0.506136452831473
mti_mag_status =
   0
dt =
                    0.0025
flight_phase =
   1
x =
         0.726465113472975
        0.0160593400341958
        -0.620869633409128
         0.294128262522967
        0.0134391390010179
         0.335064686046545
        -0.176176443224377
          67.0489709524053
         -5.04166031954766
          22.3617794961395
          23704.2389171437
P =
  Columns 1 through 6
      2.14059580368271e-06  3.97890174097285e-08  5.42282363594828e-07 -3.60090908985798e-07 -3.06598522157615e-21  2.07840059234872e-16
      3.97890174097452e-08  1.93269732424813e-06  3.62594405981686e-07   6.1018721589191e-07  1.14320611346679e-19  4.83953507310192e-16
      5.42282363594833e-07  3.62594405981685e-07  2.38064419934556e-06  2.39402052592141e-08  2.56035934703895e-20  8.43744848085919e-16
     -3.60090908985796e-07  6.10187215891942e-07  2.39402052592127e-08  2.42523629722402e-06  5.53821263868896e-20   2.5443817047797e-16
     -3.06598522157615e-21  1.14320611346679e-19  2.56035934703895e-20  5.53821263868896e-20  9.99999900000021e-10 -1.28530380641085e-24
      2.07840059234852e-16  4.83953507310172e-16  8.43744848085924e-16  2.54438170478008e-16 -1.28530380641085e-24  9.99999900000021e-10
      9.66796532570058e-17  8.38552108380049e-16  4.41237314804142e-16  9.88910371976173e-16 -2.42440317696035e-24  1.07363711562904e-24
      -0.00136814338498446 -8.78617232035578e-05  -0.00136179097521188  0.000710829731311556   1.0223663644523e-18 -1.36220271688216e-12
      2.42944415841954e-05   0.00110685221291784  0.000482152884445449   0.00136709861362068  9.64531920219537e-18  1.32178403819197e-12
      0.000177677750066828 -0.000613543827637973 -0.000668687313625877 -0.000573561239343584 -8.88762335400278e-19 -1.01112900190634e-12
     -0.000168851261825621  -1.9740542105824e-05  0.000142678436395995 -6.77924145866421e-05  2.49157086551947e-24  2.40383178103585e-13
  Columns 7 through 11
      9.66796532570155e-17  -0.00136814338498449  2.42944415842062e-05  0.000177677750066811   -0.0001688512618256
      8.38552108379985e-16 -8.78617232035688e-05   0.00110685221291775 -0.000613543827637996 -1.97405421057691e-05
      4.41237314804114e-16  -0.00136179097521191   0.00048215288444541  -0.00066868731362586  0.000142678436395992
      9.88910371976113e-16  0.000710829731311536    0.0013670986136206 -0.000573561239343526 -6.77924145866565e-05
     -2.42440317696035e-24   1.0223663644523e-18  9.64531920219537e-18 -8.88762335400279e-19   2.4915708655083e-24
      1.07363711562904e-24 -1.36220271688216e-12  1.32178403819197e-12 -1.01112900190634e-12  2.40383178103589e-13
      9.99999900000022e-10   -1.672944537641e-13  2.83154096931416e-12 -1.37017948543513e-12 -1.24195784814587e-13
      -1.6729445376409e-13      4.68111190993774     0.134284810547421     0.256723328151789    0.0146287044447659
      2.83154096931416e-12     0.134284810547408      3.76992824092149     -1.79967480120328    -0.163824309256544
     -1.37017948543513e-12     0.256723328151796     -1.79967480120328      1.25752521107428    -0.323908561002264
     -1.24195784814589e-13    0.0146287044447701    -0.163824309256546     -0.32390856100226      1.54161460381373
bias_board_gyro =
       -0.0172132424854573
       0.00626602875859936
       0.00713447545232681
bias_mti_gyro =
     -5.56325458933925e-05
     -7.08487731810812e-05
     -6.52395872608188e-05
bias_ad_gyro =
     -3.16774490525673e-05
                         0
                         0
bias_board_mag =
        -0.494314372030452
       -0.0268211516103318
         0.190843132613016
bias_mti_mag =
        -0.495214357022242
       -0.0278154350832103
          0.18974664375122
bias_board_baro =
          1.05776279843121
bias_mti_baro =
          9.16684590386285
board_accel_meas =
         -5.62465002492264
         -1.19172387596119
         -2.56351664440674
board_accel_status =
   1
board_gyro_meas =
      -0.00742688221076931
          0.34104934885871
        -0.167857542768144
board_gyro_status =
   1
mti_accel_meas =
         -5.60252476608261
         -1.37752376043808
         -2.67329693237237
mti_accel_status =
   1
mti_gyro_meas =
       0.00980052699355692
         0.334813104770394
        -0.173884959893088
mti_gyro_status =
   1
ad_accel_meas =
         -5.58866844861067
         -1.37820358397974
          -2.6751268104261
ad_accel_status =
   1
ad_gyro_meas =
       0.00982448209039774
                         0
                         0
ad_gyro_status =
   1
board_baro_meas =
          3026.49245126863
board_baro_status =
   0
board_mag_meas =
         0.139802712264975
         0.139607924385304
         0.499389603440227
board_mag_status =
   0
mti_baro_meas =
          3034.53320151405
mti_baro_status =
   0
mti_mag_meas =
         0.133445372438409
         0.133250584558738
         0.493032263613661
mti_mag_status =
   0
dt =
                    0.0025
flight_phase =
   1
x =
         0.940700425102492
        -0.113931902935689
        -0.180959097861408
          0.26335534284808
       0.00831838949660133
          1.55588101962748
         -0.29077903065094
         -22.9608535765773
           13.095514297514
          64.8065119297144
          23539.0688780886
P =
  Columns 1 through 6
      1.63020908803765e-06  7.12640652284377e-08  2.71396077346359e-07 -4.44152522490273e-07  4.70704560637524e-20  3.76099028370643e-16
      7.12640652284963e-08  1.71905792971678e-06  3.37744889245786e-07  1.08658346836186e-07  1.50712351214234e-19 -1.19532332312038e-16
       2.7139607734638e-07  3.37744889245805e-07   2.8653319238595e-06  9.31624417267605e-08 -8.32494090941979e-21 -3.05318937684182e-17
     -4.44152522490258e-07  1.08658346836211e-07  9.31624417267555e-08   2.9813719591857e-06 -1.08649292508245e-19 -8.66508294395858e-16
      4.70704560637524e-20  1.50712351214234e-19  -8.3249409094198e-21 -1.08649292508245e-19  9.99999900000034e-10 -2.13372359425709e-24
      3.76099028370664e-16 -1.19532332312028e-16 -3.05318937684342e-17 -8.66508294395908e-16 -2.13372359425709e-24  9.99999900000021e-10
     -3.21252057071715e-18 -9.09491157670496e-17 -2.30529554029259e-16   -3.343611104801e-16  -1.1444968653905e-23  2.53230039401819e-25
     -0.000618276811905021 -2.72970077176436e-05 -0.000650853372568377   0.00115319268551966 -2.88741769711553e-19 -1.19282974659824e-12
     -0.000346558993477116  0.000330939962925496  0.000500864497384507   0.00194779212709991    9.689130672661e-18 -1.65990510087828e-12
     -0.000337957426199326 -0.000540703339272099   -0.0020040878727916 -5.07189749479804e-06  -2.0586391049282e-18  -1.9762742132019e-14
     -0.000430256278553656 -1.47945131770977e-05 -0.000108722977547777  1.12932368472599e-05   5.6178957561985e-23 -2.81379930494393e-13
  Columns 7 through 11
      -3.2125205707224e-18 -0.000618276811904997 -0.000346558993477082 -0.000337957426199341 -0.000430256278553648
     -9.09491157670451e-17 -2.72970077176304e-05  0.000330939962925487 -0.000540703339272101 -1.47945131770661e-05
      -2.3052955402925e-16 -0.000650853372568396  0.000500864497384461   -0.0020040878727916 -0.000108722977547776
     -3.34361110480078e-16    0.0011531926855196   0.00194779212709979  -5.0718974947817e-06  1.12932368472648e-05
      -1.1444968653905e-23 -2.88741769711554e-19    9.689130672661e-18  -2.0586391049282e-18  5.61789575619916e-23
      2.53230039401821e-25 -1.19282974659825e-12 -1.65990510087829e-12 -1.97627421320269e-14 -2.81379930494386e-13
       9.9999990000002e-10 -1.68830131184746e-13  -8.1845257788701e-13  4.88536266529027e-13  8.50930980442935e-14
     -1.68830131184753e-13       2.1328883775492      1.88462978816343      1.57209349131663     0.371591958850018
     -8.18452577887015e-13       1.8846297881634      4.22131087162196    -0.949080666874396    -0.110498686878512
      4.88536266529017e-13      1.57209349131662    -0.949080666874361      4.47854558698423   -0.0115605732983965
      8.50930980442922e-14     0.371591958850036    -0.110498686878497    -0.011560573298374      1.58246703435807
bias_board_gyro =
       -0.0172132424854573
       0.00626602875859936
       0.00713447545232681
bias_mti_gyro =
     -5.56325458933925e-05
     -7.08487731810812e-05
     -6.52395872608188e-05
bias_ad_gyro =
     -3.16774490525673e-05
                         0
                         0
bias_board_mag =
        -0.494314372030452
       -0.0268211516103318
         0.190843132613016
bias_mti_mag =
        -0.495214357022242
       -0.0278154350832103
          0.18974664375122
bias_board_baro =
          1.05776279843121
bias_mti_baro =
          9.16684590386285
board_accel_meas =
         -2.71960622475384
         -3.28601193900756
         -9.19083209191209
board_accel_status =
   1
board_gyro_meas =
      -0.00843675921319018
          1.57107069623929
        -0.287341524246481
board_gyro_status =
   1
mti_accel_meas =
         -2.68597880123129
         -3.46478856685646
         -9.27803621686172
mti_accel_status =
   1
mti_gyro_meas =
       0.00958983590940602
          1.56468514403983
        -0.296020153358933
mti_gyro_status =
   1
ad_accel_meas =
          -2.6461657744867
         -3.46710457051953
         -9.29200081689706
ad_accel_status =
   1
ad_gyro_meas =
       0.00961379100624684
                         0
                         0
ad_gyro_status =
   1
board_baro_meas =
          3105.89252261784
board_baro_status =
   0
board_mag_meas =
        -0.354766145733436
         0.139494667165444
         0.360714702172839
board_mag_status =
   0
mti_baro_meas =
          3112.95344727517
mti_baro_status =
   0
mti_mag_meas =
        -0.354365576263023
         0.139895236635857
         0.361115271643252
mti_mag_status =
   0
dt =
                    0.0025
flight_phase =
   1
x =
         0.633413795462925
        -0.675698193858552
         0.338130093357803
        -0.166993875634365
       0.00201852099615402
         -1.67954613995906
          -0.2061857783339
         -62.7942527787276
         -17.8358143251746
         -50.6071267103859
           23220.100368205
P =
  Columns 1 through 6
      1.74556894844756e-06  1.94755984190716e-07 -4.92696455845584e-07 -2.32922616851699e-07  1.17015403398232e-19 -1.69264678706438e-16
      1.94755984190732e-07  1.99025699984146e-06  3.79023490861392e-07 -5.59157474015508e-07  1.28479977070674e-19 -1.48318069590562e-16
      -4.9269645584557e-07  3.79023490861365e-07  2.89208105260439e-06  1.91207122361267e-08  7.14224630451963e-20  1.25391738862398e-16
     -2.32922616851646e-07  -5.5915747401551e-07   1.9120712236168e-08  2.96245157434388e-06  6.85937097918403e-20  7.31015105352566e-16
      1.17015403398232e-19  1.28479977070674e-19  7.14224630451963e-20  6.85937097918403e-20  9.99999900000036e-10 -1.54006300536192e-24
     -1.69264678706454e-16 -1.48318069590579e-16  1.25391738862389e-16  7.31015105352586e-16 -1.54006300536191e-24  9.99999900000021e-10
      7.27841876009346e-16  2.05214330423235e-16 -1.42644959940942e-15 -1.17924957639519e-15   1.2396041425816e-23 -1.00294643050963e-24
     -0.000371525485105676  0.000715344900577278   0.00149918865216467 -0.000647579830000089  -7.4669414323436e-18 -1.56642559299108e-13
     -0.000852557307064559 -0.000474292981829803   0.00145089327424168   0.00173841671275698  6.73919890994364e-18  1.36611063981852e-12
      8.13652745941799e-05 -0.000782267434069554  -0.00106432874213806   0.00149618266674333  6.88738524297324e-18  9.99662866970963e-13
     -0.000272680512335412 -3.60393948006109e-05 -6.86142177039937e-05  2.21682534417617e-05  3.81232022113118e-23   2.8141428261313e-13
  Columns 7 through 11
      7.27841876009343e-16 -0.000371525485105691  -0.00085255730706455  8.13652745942141e-05 -0.000272680512335393
      2.05214330423225e-16  0.000715344900577233 -0.000474292981829776 -0.000782267434069494 -3.60393948006116e-05
     -1.42644959940941e-15   0.00149918865216459   0.00145089327424169  -0.00106432874213799 -6.86142177039973e-05
     -1.17924957639521e-15 -0.000647579830000039   0.00173841671275699   0.00149618266674326  2.21682534417433e-05
       1.2396041425816e-23  -7.4669414323436e-18  6.73919890994364e-18  6.88738524297323e-18  3.81232022113166e-23
     -1.00294643050964e-24 -1.56642559299103e-13  1.36611063981852e-12  9.99662866970959e-13  2.81414282613132e-13
      9.99999900000024e-10 -1.41352968099728e-12 -4.43568648140212e-12 -1.64175509238748e-13 -3.45073554877423e-14
     -1.41352968099726e-12      3.02180654427879     0.999190574115254     -2.68500858436991     0.188745437281871
     -4.43568648140213e-12     0.999190574115282      5.55697630918216     0.983192567231348  -0.00793106048950504
     -1.64175509238766e-13      -2.6850085843699      0.98319256723137      3.52196830605615      0.21705184116975
     -3.45073554877309e-14     0.188745437281863  -0.00793106048951763     0.217051841169755      1.41806849630711
bias_board_gyro =
       -0.0172132424854573
       0.00626602875859936
       0.00713447545232681
bias_mti_gyro =
     -5.56325458933925e-05
     -7.08487731810812e-05
     -6.52395872608188e-05
bias_ad_gyro =
     -3.16774490525673e-05
                         0
                         0
bias_board_mag =
        -0.494314372030452
       -0.0268211516103318
         0.190843132613016
bias_mti_mag =
        -0.495214357022242
       -0.0278154350832103
          0.18974664375122
bias_board_baro =
          1.05776279843121
bias_mti_baro =
          9.16684590386285
board_accel_meas =
         0.965174848312129
          2.00673404939811
          7.35789771259002
board_accel_status =
   1
board_gyro_meas =
       -0.0137056381068421
         -1.67845572914228
        -0.196943619318625
board_gyro_status =
   1
mti_accel_meas =
          1.02484070251666
          1.83265679683045
          7.17596403084517
mti_accel_status =
   1
mti_gyro_meas =
       0.00315566298959394
          -1.6831143679196
        -0.203711222329203
mti_gyro_status =
   1
ad_accel_meas =
          1.00564224603744
           1.8316569647852
          7.18615262142545
ad_accel_status =
   1
ad_gyro_meas =
       0.00317961808643476
                         0
                         0
ad_gyro_status =
   1
board_baro_meas =
          3264.66629230798
board_baro_status =
   0
board_mag_meas =
        -0.372930729564001
       -0.0650321123975656
        -0.367082891218469
board_mag_status =
   0
mti_baro_meas =
          3272.31607844465
mti_baro_status =
   0
mti_mag_meas =
        -0.371810646476702
       -0.0639120293102667
         -0.36596280813117
mti_mag_status =
   0
dt =
                    0.0025
flight_phase =
   1
x =
         0.494041960541161
        -0.817765520423037
         0.269096744568306
        -0.121527926398114
       0.00969249002716157
         0.595858565566635
        -0.167316260116703
         -74.1904399419658
          5.74746130858731
         -55.8573426300349
          22809.4849573811
P =
  Columns 1 through 6
        1.850686845736e-06   2.1129179515906e-07 -3.36987606067278e-07  -3.0618387479887e-07  9.96385069335431e-20 -2.70317728237891e-16
      2.11291795159079e-07  1.98018550258643e-06  4.24708874585727e-07 -3.92702885855155e-07  4.48952802182731e-20 -1.97299271166007e-16
      -3.3698760606729e-07  4.24708874585705e-07   3.1299238141874e-06 -2.50288687325188e-08 -6.84225878407569e-20  3.67411205106399e-17
     -3.06183874798831e-07  -3.9270288585517e-07 -2.50288687324901e-08   3.2450975130822e-06 -4.85634360477403e-20  1.79893595715469e-15
      9.96385069335431e-20  4.48952802182731e-20 -6.84225878407569e-20 -4.85634360477403e-20  9.99999900000022e-10 -1.23784158311931e-24
     -2.70317728237912e-16 -1.97299271166032e-16  3.67411205106173e-17   1.7989359571547e-15 -1.23784158311931e-24  9.99999900000023e-10
      7.66131197837457e-16  8.36242766903176e-17 -1.80103270626021e-15 -1.48742663032626e-15 -4.46801928674617e-24 -2.20210215473421e-24
     -8.77766984400855e-05  0.000731308291135951   0.00146518266692486 -0.000531185816448077 -2.36578789430502e-18  -6.8301764130626e-13
     -0.000802430399785256 -2.97650849548955e-05   0.00198473098806481   0.00150343513215157  -2.2243562724816e-17  2.23370260682089e-12
     -0.000214425692028416 -0.000751885639866848  -0.00105914862039904   0.00226302223038112   8.5583981805627e-19  3.34774972220713e-12
     -0.000113117786874043 -3.36795888048573e-05 -8.44751394210076e-05  -3.8043742058487e-05 -1.55348760579782e-23  2.59408050857107e-13
  Columns 7 through 11
      7.66131197837443e-16 -8.77766984400969e-05 -0.000802430399785243 -0.000214425692028385 -0.000113117786874029
      8.36242766903204e-17  0.000731308291135936 -2.97650849548995e-05 -0.000751885639866811 -3.36795888048532e-05
     -1.80103270626018e-15   0.00146518266692477   0.00198473098806477  -0.00105914862039895 -8.44751394210172e-05
     -1.48742663032631e-15 -0.000531185816448056   0.00150343513215162   0.00226302223038111 -3.80437420585028e-05
     -4.46801928674617e-24 -2.36578789430502e-18  -2.2243562724816e-17   8.5583981805627e-19 -1.55348760579854e-23
     -2.20210215473426e-24 -6.83017641306235e-13  2.23370260682094e-12  3.34774972220711e-12  2.59408050857116e-13
      9.99999900000025e-10 -1.48587403040582e-12 -5.52332992151029e-12 -1.17012967213854e-12  1.28534279760682e-13
     -1.48587403040582e-12      2.36100263871146      1.72711126625244     -2.47584270085877     0.180262670234208
     -5.52332992151029e-12      1.72711126625244      5.87061033051202      1.02226082029278    -0.119359885456681
     -1.17012967213859e-12     -2.47584270085874      1.02226082029283      5.32485887381965     0.134184611547625
      1.28534279760661e-13     0.180262670234232    -0.119359885456656     0.134184611547598      1.26936982999697
bias_board_gyro =
       -0.0172132424854573
       0.00626602875859936
       0.00713447545232681
bias_mti_gyro =
     -5.56325458933925e-05
     -7.08487731810812e-05
     -6.52395872608188e-05
bias_ad_gyro =
     -3.16774490525673e-05
                         0
                         0
bias_board_mag =
        -0.494314372030452
       -0.0268211516103318
         0.190843132613016
bias_mti_mag =
        -0.495214357022242
       -0.0278154350832103
          0.18974664375122
bias_board_baro =
          1.05776279843121
bias_mti_baro =
          9.16684590386285
board_accel_meas =
          6.56637247199091
         -1.04192047038592
          8.83223617293865
board_accel_status =
   1
board_gyro_meas =
       -0.0108895812569109
         0.592968280607556
        -0.160513119538788
board_gyro_status =
   1
mti_accel_meas =
          6.54287934768098
          -1.2128912726309
          8.71008799305778
mti_accel_status =
   1
mti_gyro_meas =
       0.00404256708742757
         0.586139266601794
        -0.166679108822452
mti_gyro_status =
   1
ad_accel_meas =
          6.55590775836835
         -1.21349290701511
          8.70672169642458
ad_accel_status =
   1
ad_gyro_meas =
       0.00406652218426839
                         0
                         0
ad_gyro_status =
   1
board_baro_meas =
          3481.71408607307
board_baro_status =
   0
board_mag_meas =
        -0.401584575253912
      0.000717763360401772
        -0.342061026469902
board_mag_status =
   0
mti_baro_meas =
          3490.26252674165
mti_baro_status =
   0
mti_mag_meas =
         -0.40031690813962
         0.001985430474694
        -0.340793359355609
mti_mag_status =
   0
dt =
                    0.0025
flight_phase =
   1
x =
         0.464004652285232
         -0.87761593643727
         0.120329814216916
       0.00326903342255799
       0.00931679650579722
         0.824266704828801
         0.023206627612916
         -93.6743323502094
          8.03228250243668
         -24.5207846489639
          22351.4777441597
P =
  Columns 1 through 6
      1.93994414951373e-06  2.30321785901221e-07 -2.84374805698227e-08 -2.66203394906823e-07  1.09736652067418e-19 -4.78534713997165e-16
      2.30321785901256e-07  1.99560962188836e-06   3.0286045552931e-07 -1.06904667331006e-07  4.88530930492576e-20 -3.48174412481144e-16
     -2.84374805698341e-08  3.02860455529302e-07  3.44360133397674e-06 -5.43348994995008e-08  -6.5414312447428e-20 -1.65047442266954e-15
     -2.66203394906795e-07 -1.06904667331015e-07 -5.43348994994842e-08  3.55969843277121e-06 -5.25012198186459e-20  3.80259349000646e-15
      1.09736652067418e-19  4.88530930492576e-20 -6.54143124474279e-20 -5.25012198186459e-20  9.99999900000024e-10   1.8897299119533e-25
     -4.78534713997241e-16 -3.48174412481162e-16 -1.65047442266967e-15  3.80259349000648e-15   1.8897299119533e-25  9.99999900000032e-10
      3.83304102606495e-16 -2.65763663141311e-16 -3.32590293540569e-15 -1.87265925500193e-15  -6.1102923762845e-24 -1.09226313356001e-24
      0.000122530896544425  0.000516546433256118  0.000809540721309337  0.000107932114418925  -1.1087756395106e-18 -7.27501227246554e-13
     -0.000282477702717263  0.000247189272672338   0.00261048805561237   0.00144079987152272 -2.04202699353282e-17  7.74223555142224e-13
     -0.000397012095647423 -0.000398864582387554  -0.00146896993534753    0.0028764334649912 -2.45097863435885e-18   9.5097276631387e-12
     -7.52484867833063e-05  5.02722604679231e-05 -1.96428695394534e-05 -9.69879657216545e-06 -1.91314862546426e-24  1.20512153194157e-13
  Columns 7 through 11
        3.833041026065e-16  0.000122530896544409 -0.000282477702717268  -0.00039701209564736 -7.52484867833077e-05
     -2.65763663141314e-16  0.000516546433256127  0.000247189272672341 -0.000398864582387542  5.02722604679304e-05
     -3.32590293540567e-15  0.000809540721309316   0.00261048805561235  -0.00146896993534743  -1.9642869539459e-05
     -1.87265925500201e-15  0.000107932114418933   0.00144079987152279   0.00287643346499118 -9.69879657217325e-06
      -6.1102923762845e-24  -1.1087756395106e-18 -2.04202699353283e-17 -2.45097863435884e-18 -1.91314862546933e-24
     -1.09226313356008e-24 -7.27501227246587e-13   7.7422355514228e-13   9.5097276631387e-12  1.20512153194111e-13
      9.99999900000031e-10 -1.98869659718746e-12 -8.93345437786763e-12 -3.22176831875839e-13  1.00306387005035e-13
     -1.98869659718746e-12     0.745537900069853      1.58320879174635    -0.747500670503861        0.243916788593
     -8.93345437786764e-12      1.58320879174635      6.96170664471608     0.183682013859132    -0.055768564566814
     -3.22176831875896e-13    -0.747500670503886     0.183682013859173      7.45513974339712    0.0292424591928069
      1.00306387005019e-13        0.243916788593   -0.0557685645668018     0.029242459192842      1.15280168030102
bias_board_gyro =
       -0.0172132424854573
       0.00626602875859936
       0.00713447545232681
bias_mti_gyro =
     -5.56325458933925e-05
     -7.08487731810812e-05
     -6.52395872608188e-05
bias_ad_gyro =
     -3.16774490525673e-05
                         0
                         0
bias_board_mag =
        -0.494314372030452
       -0.0268211516103318
         0.190843132613016
bias_mti_mag =
        -0.495214357022242
       -0.0278154350832103
          0.18974664375122
bias_board_baro =
          1.05776279843121
bias_mti_baro =
          9.16684590386285
board_accel_meas =
          7.71482204096057
        -0.999010509736168
          3.79442635568394
board_accel_status =
   1
board_gyro_meas =
      -0.00789776531393755
          0.82586810208704
         0.031544343605056
board_gyro_status =
   1
mti_accel_meas =
           7.7411712394695
         -1.19651777567398
          3.67028729326917
mti_accel_status =
   1
mti_gyro_meas =
       0.00933326634333725
          0.81939463363342
        0.0257032339137951
mti_gyro_status =
   1
ad_accel_meas =
          7.75344475304845
         -1.19627957902394
          3.67059551766017
ad_accel_status =
   1
ad_gyro_meas =
       0.00935722144017807
                         0
                         0
ad_gyro_status =
   1
board_baro_meas =
          3740.92565687789
board_baro_status =
   0
board_mag_meas =
        -0.490577292346636
       -0.0324712187325374
        -0.183393433461046
board_mag_status =
   0
mti_baro_meas =
          3748.61535809259
mti_baro_status =
   0
mti_mag_meas =
        -0.490881862385964
       -0.0327757887718657
        -0.183698003500374
mti_mag_status =
   0
dt =
                    0.0025
flight_phase =
   1
x =
         0.448852733156167
         -0.89103179539446
        0.0565227987871985
        0.0373996891915792
       0.00676884602343701
         0.584699401942615
         0.046752557970619
         -97.9106741834573
          7.30301633367342
         -9.85622766911141
           21870.967516999
P =
  Columns 1 through 6
      2.11207849270538e-06  2.54137568830538e-07  8.84390189152695e-08  -2.1367777896789e-07  1.13198900788445e-19 -6.12164937749192e-16
      2.54137568830568e-07  2.12443970383549e-06  2.16332492197707e-07 -1.13281768631834e-08  5.29298401588404e-20 -2.48261811451784e-16
      8.84390189152476e-08    2.163324921977e-07  3.64716182215938e-06 -6.26473674938101e-08 -4.14710476468575e-20 -2.34475749339467e-15
     -2.13677778967862e-07 -1.13281768631852e-08  -6.2647367493793e-08  3.76824488339204e-06 -3.48301917505734e-20  4.82170675059668e-15
      1.13198900788445e-19  5.29298401588404e-20 -4.14710476468575e-20 -3.48301917505734e-20  9.99999900000022e-10  3.23912637582062e-25
     -6.12164937749313e-16 -2.48261811451781e-16 -2.34475749339482e-15  4.82170675059675e-15  3.23912637582062e-25  9.99999900000038e-10
      5.41841483825037e-17 -3.57717708619472e-16 -4.40519599866717e-15 -2.21568792312526e-15  -4.3134857834831e-24 -1.73715136476113e-25
      0.000148856589472579  0.000529424128239502  0.000429332180454636  0.000323924706029739 -7.06238154874736e-19  2.59721369935192e-13
     -2.56448922417666e-05  0.000281370973342221   0.00301255801553207   0.00152374752048828 -1.30055490683714e-17  1.38349964177941e-13
     -0.000428710429806611 -0.000219710672962479  -0.00162837126039293   0.00323055157520089 -2.61759463229799e-18  1.24359779067139e-11
     -7.78172387051174e-05  0.000105572687149254  1.36230677879325e-06  7.63007130030791e-06  3.79719336707815e-24  4.49143391388445e-14
  Columns 7 through 11
      5.41841483825131e-17   0.00014885658947257 -2.56448922417737e-05 -0.000428710429806528 -7.78172387051213e-05
     -3.57717708619491e-16  0.000529424128239505  0.000281370973342234 -0.000219710672962481  0.000105572687149254
     -4.40519599866721e-15  0.000429332180454636    0.0030125580155321  -0.00162837126039283  1.36230677879165e-06
     -2.21568792312538e-15  0.000323924706029751   0.00152374752048837   0.00323055157520084  7.63007130030466e-06
      -4.3134857834831e-24 -7.06238154874736e-19 -1.30055490683714e-17 -2.61759463229799e-18  3.79719336707795e-24
     -1.73715136476206e-25   2.5972136993517e-13  1.38349964178002e-13  1.24359779067139e-11   4.4914339138817e-14
      9.99999900000037e-10 -1.64876011309633e-12 -1.16789238915573e-11  4.36795885458196e-14  4.80280503185642e-14
     -1.64876011309634e-12      0.48294733909946      1.15150612811106     0.128504004470404     0.250015970271001
     -1.16789238915573e-11      1.15150612811105      7.98797390137926   -0.0189877175320312   -0.0139089930936607
      4.36795885457584e-14      0.12850400447039   -0.0189877175319909       8.4009137235047   0.00594405315601386
      4.80280503185628e-14     0.250015970271001   -0.0139089930936598   0.00594405315603247      1.05064507123892
bias_board_gyro =
       -0.0172132424854573
       0.00626602875859936
       0.00713447545232681
bias_mti_gyro =
     -5.56325458933925e-05
     -7.08487731810812e-05
     -6.52395872608188e-05
bias_ad_gyro =
     -3.16774490525673e-05
                         0
                         0
bias_board_mag =
        -0.494314372030452
       -0.0268211516103318
         0.190843132613016
bias_mti_mag =
        -0.495214357022242
       -0.0278154350832103
          0.18974664375122
bias_board_baro =
          1.05776279843121
bias_mti_baro =
          9.16684590386285
board_accel_meas =
          8.82920176995369
        -0.551247410677928
          1.37759660455839
board_accel_status =
   1
board_gyro_meas =
        -0.014314455447853
         0.586423230750272
        0.0529088983129892
board_gyro_status =
   1
mti_accel_meas =
          8.86171424298771
        -0.724427474201847
          1.27978216592493
mti_accel_status =
   1
mti_gyro_meas =
      0.000602121776480424
         0.578698244350685
        0.0453459853145818
mti_gyro_status =
   1
ad_accel_meas =
          8.86868497793404
         -0.72423610873723
          1.28043529793408
ad_accel_status =
   1
ad_gyro_meas =
      0.000626076873321247
                         0
                         0
ad_gyro_status =
   1
board_baro_meas =
          4034.44799458533
board_baro_status =
   0
board_mag_meas =
        -0.506300004554402
       -0.0686424281713193
        -0.129137787507069
board_mag_status =
   0
mti_baro_meas =
           4041.5330775865
mti_baro_status =
   0
mti_mag_meas =
        -0.505401666489544
       -0.0677440901064619
        -0.128239449442211
mti_mag_status =
   0
dt =
                    0.0025
flight_phase =
   1
x =
         0.439462868004095
        -0.896835682017098
        0.0296844093352474
        0.0409509822710031
     -0.000159742326256753
         0.371502557140265
         0.037878777386687
         -98.6899291699004
          7.53266908896078
         -3.39164609424545
          21381.0278581138
P =
  Columns 1 through 6
      2.28529578947676e-06  2.93847188949311e-07  1.30804067695207e-07 -1.75067712451942e-07  1.13409612433587e-19 -6.63165652676707e-16
      2.93847188949345e-07  2.24279031083483e-06  1.62714350246476e-07  5.29977853471872e-09  5.37836519509159e-20 -2.19115827408702e-16
       1.3080406769517e-07  1.62714350246465e-07  3.83550339530805e-06 -6.82826478433421e-08 -2.39008731248376e-20 -2.83051001962876e-15
     -1.75067712451909e-07  5.29977853472016e-09 -6.82826478433285e-08  3.95734932268367e-06 -2.18574733006253e-20  5.78825592211568e-15
      1.13409612433587e-19   5.3783651950916e-20 -2.39008731248376e-20 -2.18574733006253e-20  9.99999900000021e-10  2.82872984391352e-25
     -6.63165652676837e-16 -2.19115827408697e-16 -2.83051001962895e-15  5.78825592211572e-15  2.82872984391352e-25  9.99999900000044e-10
     -1.27424148535067e-16 -3.55113718072845e-16 -5.39599499453305e-15 -2.60674406645378e-15 -2.73169070010593e-24  1.41809826216933e-25
      0.000167803300130022  0.000557113795050646  0.000242289692516486  0.000350553522166219 -4.89480393542451e-19  6.98318495624335e-13
      9.17613120918237e-05  0.000262585502454266   0.00336435776705236   0.00164334448995214 -7.57656614585985e-18 -3.38036835363036e-14
     -0.000416660780450616 -0.000153991046362472  -0.00176299581724349   0.00357778272185674 -2.57993588207434e-18   1.5044323754578e-11
     -7.87298564237432e-05  0.000125431075113762  4.54839133861231e-06  1.32127977133298e-05  2.61984439100089e-24   1.9009808782949e-14
  Columns 7 through 11
     -1.27424148535055e-16   0.00016780330013002   9.1761312091816e-05 -0.000416660780450535 -7.87298564237426e-05
      -3.5511371807285e-16   0.00055711379505065   0.00026258550245427 -0.000153991046362475  0.000125431075113768
     -5.39599499453299e-15  0.000242289692516489   0.00336435776705233  -0.00176299581724338  4.54839133861851e-06
     -2.60674406645389e-15  0.000350553522166221   0.00164334448995221   0.00357778272185672  1.32127977133285e-05
     -2.73169070010593e-24 -4.89480393542451e-19 -7.57656614585984e-18 -2.57993588207434e-18  2.61984439100153e-24
      1.41809826216842e-25  6.98318495624359e-13 -3.38036835362452e-14   1.5044323754578e-11  1.90098087829875e-14
      9.99999900000043e-10 -1.32347393211469e-12 -1.43397673179405e-11  1.30874580799046e-13  2.95680600513728e-14
      -1.3234739321147e-12     0.425060471072989     0.853013366959649     0.419169213798762     0.239416443540523
     -1.43397673179405e-11      0.85301336695964      8.95661330070338   -0.0486422257986997 -0.000109716201526048
      1.30874580798989e-13     0.419169213798777   -0.0486422257986637      9.31470297798848   0.00399547752846901
      2.95680600513603e-14     0.239416443540521 -0.000109716201518462    0.0039954775284452     0.953192783666533
bias_board_gyro =
       -0.0172132424854573
       0.00626602875859936
       0.00713447545232681
bias_mti_gyro =
     -5.56325458933925e-05
     -7.08487731810812e-05
     -6.52395872608188e-05
bias_ad_gyro =
     -3.16774490525673e-05
                         0
                         0
bias_board_mag =
        -0.494314372030452
       -0.0268211516103318
         0.190843132613016
bias_mti_mag =
        -0.495214357022242
       -0.0278154350832103
          0.18974664375122
bias_board_baro =
          1.05776279843121
bias_mti_baro =
          9.16684590386285
board_accel_meas =
           9.4780937662332
        -0.264956541890483
         0.611117907567502
board_accel_status =
   1
board_gyro_meas =
       -0.0172367491319971
         0.375861081025215
        0.0483467838885436
board_gyro_status =
   1
mti_accel_meas =
          9.49533243556177
        -0.431035914872304
         0.507244568455081
mti_accel_status =
   1
mti_gyro_meas =
      1.22040863908965e-05
         0.370741522790847
        0.0431244564788782
mti_gyro_status =
   1
ad_accel_meas =
           9.4992646608506
        -0.430824886149159
         0.507556462967322
ad_accel_status =
   1
ad_gyro_meas =
      3.61591832317186e-05
                         0
                         0
ad_gyro_status =
   1
board_baro_meas =
          4358.66101486978
board_baro_status =
   0
board_mag_meas =
        -0.505975134767734
       -0.0879163592404174
        -0.115375845346199
board_mag_status =
   0
mti_baro_meas =
           4367.0865835675
mti_baro_status =
   0
mti_mag_meas =
         -0.50551940566202
       -0.0874606301347034
        -0.114920116240485
mti_mag_status =
   0
dt =
                    0.0025
flight_phase =
   1
x =
         0.425821814265915
        -0.903832828788269
        0.0160382073562636
        0.0387914424155295
      -0.00587483366777058
         0.225052780219289
        0.0334015836155791
         -98.2771271952792
          8.31526006157185
         0.847434590452456
          20889.6092030896
P =
  Columns 1 through 6
      2.46333462543798e-06  3.41027641389605e-07  1.53263434811493e-07 -1.46539724841985e-07  1.13737965432701e-19 -7.01419948154398e-16
      3.41027641389638e-07    2.338682924132e-06  1.26687000425116e-07  1.65383684516344e-09  5.27864812307451e-20 -2.24482664564052e-16
       1.5326343481145e-07  1.26687000425094e-07  4.02203856261167e-06 -7.35659184998937e-08 -1.25669917423231e-20 -3.26942902990527e-15
     -1.46539724841946e-07  1.65383684516852e-09 -7.35659184998794e-08  4.13879463935846e-06 -1.34391069961276e-20  6.86169904034892e-15
      1.13737965432701e-19  5.27864812307451e-20 -1.25669917423231e-20 -1.34391069961276e-20  9.99999900000021e-10  2.34276842428936e-25
     -7.01419948154521e-16 -2.24482664564058e-16 -3.26942902990548e-15  6.86169904034895e-15  2.34276842428936e-25  9.99999900000051e-10
     -2.66587520308254e-16 -3.29545543138074e-16 -6.46712142185651e-15 -2.97987611668101e-15 -1.65453276107217e-24  3.34771353343485e-25
      0.000191318668002792  0.000578626612206232  0.000132719021226721  0.000332811533418266 -3.48273147828251e-19  9.35246318906208e-13
      0.000169409944653208  0.000238307858836012   0.00372927490124985   0.00174144588554607 -3.84636052971406e-18 -1.12908692775462e-13
     -0.000401393258863598 -0.000123432525015949  -0.00187836093207078   0.00394828222604607 -2.65344715462724e-18  1.79126819347586e-11
     -6.92226446409882e-05  0.000129532897001147  4.49000222211572e-06  1.42384421995424e-05  1.25883914503183e-24  2.81904560000593e-15
  Columns 7 through 11
     -2.66587520308236e-16  0.000191318668002788  0.000169409944653197 -0.000401393258863527   -6.922264464099e-05
     -3.29545543138076e-16  0.000578626612206218  0.000238307858836012 -0.000123432525015945  0.000129532897001129
     -6.46712142185651e-15  0.000132719021226721   0.00372927490124985  -0.00187836093207065  4.49000222211696e-06
     -2.97987611668107e-15  0.000332811533418278    0.0017414458855461   0.00394828222604605  1.42384421995438e-05
     -1.65453276107217e-24 -3.48273147828251e-19 -3.84636052971406e-18 -2.65344715462724e-18  1.25883914503243e-24
      3.34771353343395e-25  9.35246318906234e-13 -1.12908692775408e-13  1.79126819347586e-11  2.81904560003635e-15
       9.9999990000005e-10 -1.06435988498447e-12 -1.72052994745348e-11  1.81871252598879e-13  2.51205578656569e-14
     -1.06435988498448e-12     0.400536970557908      0.64573446754259     0.541582584681068      0.22461457152277
     -1.72052994745348e-11     0.645734467542585      9.94600421056059   -0.0584935493270581   0.00452565387702855
      1.81871252598827e-13     0.541582584681083   -0.0584935493270269      10.3035451547163    0.0038041647036896
      2.51205578656481e-14     0.224614571522773   0.00452565387703389   0.00380416470367214     0.862266693768573
bias_board_gyro =
       -0.0172132424854573
       0.00626602875859936
       0.00713447545232681
bias_mti_gyro =
     -5.56325458933925e-05
     -7.08487731810812e-05
     -6.52395872608188e-05
bias_ad_gyro =
     -3.16774490525673e-05
                         0
                         0
bias_board_mag =
        -0.494314372030452
       -0.0268211516103318
         0.190843132613016
bias_mti_mag =
        -0.495214357022242
       -0.0278154350832103
          0.18974664375122
bias_board_baro =
          1.05776279843121
bias_mti_baro =
          9.16684590386285
board_accel_meas =
          9.77423509874205
       -0.0530291228585253
         0.304007000026005
board_accel_status =
   1
board_gyro_meas =
       -0.0225099318104504
         0.230017614509324
        0.0393841964359535
board_gyro_status =
   1
mti_accel_meas =
           9.7942748186625
        -0.236890688765714
         0.206569653972277
mti_accel_status =
   1
mti_gyro_meas =
      -0.00516428800474397
         0.223868648861803
        0.0326745447217506
mti_gyro_status =
   1
ad_accel_meas =
          9.79655264508282
        -0.236665346367017
         0.206678985349083
ad_accel_status =
   1
ad_gyro_meas =
      -0.00514033290790315
                         0
                         0
ad_gyro_status =
   1
board_baro_meas =
          4709.50777888501
board_baro_status =
   0
board_mag_meas =
         -0.50771184256821
        -0.100678243619272
        -0.117744124277098
board_mag_status =
   0
mti_baro_meas =
           4715.9283419995
mti_baro_status =
   0
mti_mag_meas =
        -0.504860411173339
       -0.0978268122244002
        -0.114892692882226
mti_mag_status =
   0
dt =
                    0.0025
flight_phase =
   1
x =
         0.404063289565226
        -0.913966392188838
       0.00776138188701783
         0.036579405766798
      -0.00962836388990192
         0.134491350298847
        0.0230266505650222
         -97.2731045597258
          9.15321984071629
           4.6615402293913
          20400.6435291533
P =
  Columns 1 through 6
      2.65547365491455e-06  3.84566496495954e-07  1.69997649263727e-07 -1.24541283596477e-07  1.14677071159032e-19 -7.41613026033882e-16
      3.84566496495988e-07  2.41291961334215e-06  1.00254834904053e-07 -6.02427179073442e-09  5.03309116016912e-20 -2.43494726777319e-16
      1.69997649263666e-07  1.00254834904025e-07  4.20812167838233e-06 -7.88303412880633e-08 -5.68711214788223e-21 -3.65111026459381e-15
      -1.2454128359644e-07  -6.0242717907335e-09 -7.88303412880517e-08  4.31457349041611e-06  -8.0111086939366e-21  8.07820057832077e-15
      1.14677071159032e-19  5.03309116016912e-20 -5.68711214788223e-21  -8.0111086939366e-21   9.9999990000002e-10  1.83725525071472e-25
     -7.41613026034003e-16 -2.43494726777354e-16 -3.65111026459401e-15  8.07820057832049e-15  1.83725525071472e-25  9.99999900000059e-10
     -4.09352836244022e-16 -2.99932369934273e-16 -7.68405582774136e-15 -3.28654920672383e-15 -9.80792033422485e-25  5.46513704510041e-25
      0.000212956999699157  0.000595094424939281  5.67652455334166e-05  0.000310271255265595 -2.45415436228471e-19  1.12791376287322e-12
       0.00023957539994184  0.000216783903593853   0.00412694247992588   0.00179207705871376 -1.21577360065165e-18 -1.86875806336845e-13
     -0.000387438986725658 -0.000101706778126572  -0.00195562938839772    0.0043482335016433 -2.73435522957776e-18  2.11289232814603e-11
      -5.4534728192961e-05  0.000128180927918752  4.15229775018132e-06  1.39276367424227e-05  4.38318609731598e-25 -1.27985434217758e-14
  Columns 7 through 11
        -4.09352836244e-16  0.000212956999699152  0.000239575399941828 -0.000387438986725594 -5.45347281929631e-05
      -2.9993236993426e-16  0.000595094424939316  0.000216783903593849 -0.000101706778126552  0.000128180927918772
     -7.68405582774158e-15  5.67652455334176e-05     0.004126942479926  -0.00195562938839761  4.15229775018113e-06
     -3.28654920672392e-15  0.000310271255265606   0.00179207705871381   0.00434823350164344  1.39276367424241e-05
     -9.80792033422485e-25 -2.45415436228471e-19 -1.21577360065165e-18 -2.73435522957776e-18  4.38318609731254e-25
       5.4651370450998e-25  1.12791376287323e-12 -1.86875806336811e-13  2.11289232814603e-11  -1.2798543421744e-14
      9.99999900000058e-10 -8.37174754699725e-13 -2.04004602919208e-11  2.52164833239224e-13  2.45605801200368e-14
     -8.37174754699735e-13     0.388654272070099     0.485550581781206     0.623865198760572     0.209651911101492
     -2.04004602919208e-11     0.485550581781201      10.9878551618977   -0.0764855013831978   0.00652701464378514
      2.52164833239191e-13      0.62386519876058   -0.0764855013831793       11.363504240297   0.00331743321174634
      2.45605801200208e-14     0.209651911101488   0.00652701464379334   0.00331743321172913      0.77984713445982
bias_board_gyro =
       -0.0172132424854573
       0.00626602875859936
       0.00713447545232681
bias_mti_gyro =
     -5.56325458933925e-05
     -7.08487731810812e-05
     -6.52395872608188e-05
bias_ad_gyro =
     -3.16774490525673e-05
                         0
                         0
bias_board_mag =
        -0.494314372030452
       -0.0268211516103318
         0.190843132613016
bias_mti_mag =
        -0.495214357022242
       -0.0278154350832103
          0.18974664375122
bias_board_baro =
          1.05776279843121
bias_mti_baro =
          9.16684590386285
board_accel_meas =
          9.93415044739608
         0.070689029681719
         0.173354850077736
board_accel_status =
   1
board_gyro_meas =
       -0.0257731374724575
         0.138678858488232
        0.0334672500948874
board_gyro_status =
   1
mti_accel_meas =
           9.9493938268935
        -0.120873459680052
        0.0693220497173225
mti_accel_status =
   1
mti_gyro_meas =
      -0.00695248254221262
         0.132743970462295
        0.0263998659944028
mti_gyro_status =
   1
ad_accel_meas =
          9.95069911780336
        -0.120641002091334
        0.0693226573128053
ad_accel_status =
   1
ad_gyro_meas =
       -0.0069285274453718
                         0
                         0
ad_gyro_status =
   1
board_baro_meas =
          5088.81325241484
board_baro_status =
   0
board_mag_meas =
        -0.503746384301348
        -0.100227911286811
        -0.118839606172578
board_mag_status =
   0
mti_baro_meas =
          5096.44390690796
mti_baro_status =
   0
mti_mag_meas =
        -0.502984558447426
       -0.0994660854328893
        -0.118077780318657
mti_mag_status =
   0
dt =
                    0.0025
flight_phase =
   1
x =
         0.372348163803026
        -0.927431245451967
       0.00223403143191758
        0.0349734038304653
       -0.0145062541738651
        0.0748282360978594
         0.020153416263651
         -96.0672642890269
          9.71964822134887
           8.5160328986982
          19916.1016660071
P =
  Columns 1 through 6
      2.86635130171554e-06  4.14825505161383e-07  1.84417679576174e-07 -1.06757933789847e-07  1.16168065366147e-19 -7.79417421384083e-16
      4.14825505161421e-07  2.46462144086231e-06  7.93153006344578e-08 -1.43808976683977e-08  4.64643730630765e-20 -2.69345012480495e-16
      1.84417679576104e-07  7.93153006344312e-08    4.394106509714e-06 -8.40516108958418e-08 -1.38712981362386e-21 -3.93429386487528e-15
     -1.06757933789812e-07 -1.43808976683945e-08 -8.40516108958303e-08  4.48512072582478e-06 -4.61568607803068e-21      9.4679727881e-15
      1.16168065366147e-19  4.64643730630765e-20 -1.38712981362386e-21 -4.61568607803069e-21   9.9999990000002e-10  1.50618848581751e-25
     -7.79417421384208e-16 -2.69345012480536e-16 -3.93429386487546e-15  9.46797278809978e-15  1.50618848581751e-25  9.99999900000069e-10
     -5.74054680477467e-16 -2.69443767950824e-16 -9.09292597975563e-15 -3.47832811038532e-15 -5.58091794291169e-25  8.20110988896583e-25
      0.000228937271896761  0.000606446904187651 -3.99241505006224e-07  0.000289160965762601 -1.67399179199924e-19  1.31306895367305e-12
      0.000311384993050974  0.000196576627198701   0.00456571620769381   0.00177569843165292  7.90960981984135e-19 -2.79396256804893e-13
     -0.000370966043767146 -8.12657549498498e-05  -0.00197543009718899   0.00477993611972232 -2.79109383780645e-18  2.47509975042501e-11
     -3.76966480033797e-05  0.000125119988050067   3.8330123798256e-06  1.34664295016616e-05 -1.53553737444918e-25 -2.87512053841058e-14
  Columns 7 through 11
     -5.74054680477452e-16  0.000228937271896756  0.000311384993050966 -0.000370966043767083 -3.76966480033817e-05
     -2.69443767950802e-16  0.000606446904187652   0.00019657662719869 -8.12657549498291e-05  0.000125119988050064
     -9.09292597975595e-15  -3.9924150500255e-07   0.00456571620769397   -0.0019754300971889  3.83301237982743e-06
     -3.47832811038541e-15  0.000289160965762604   0.00177569843165296   0.00477993611972244  1.34664295016535e-05
     -5.58091794291169e-25 -1.67399179199924e-19  7.90960981984135e-19 -2.79109383780645e-18 -1.53553737444542e-25
      8.20110988896573e-25  1.31306895367308e-12 -2.79396256804885e-13  2.47509975042501e-11 -2.87512053840796e-14
      9.99999900000068e-10 -6.16626105657234e-13  -2.4024091049084e-11  3.56225305319685e-13  2.41044628356466e-14
     -6.16626105657233e-13     0.382444901084192     0.348242884624092     0.693347995869507     0.195715055576192
      -2.4024091049084e-11     0.348242884624092      12.0978232539122    -0.108950959055677   0.00767904082407079
      3.56225305319681e-13     0.693347995869521    -0.108950959055673      12.4895937073127   0.00298485161418022
      2.41044628356359e-14     0.195715055576191   0.00767904082407611   0.00298485161416699     0.706349803530031
bias_board_gyro =
       -0.0172132424854573
       0.00626602875859936
       0.00713447545232681
bias_mti_gyro =
     -5.56325458933925e-05
     -7.08487731810812e-05
     -6.52395872608188e-05
bias_ad_gyro =
     -3.16774490525673e-05
                         0
                         0
bias_board_mag =
        -0.494314372030452
       -0.0268211516103318
         0.190843132613016
bias_mti_mag =
        -0.495214357022242
       -0.0278154350832103
          0.18974664375122
bias_board_baro =
          1.05776279843121
bias_mti_baro =
          9.16684590386285
board_accel_meas =
          9.94235251687868
         0.142713506246558
        0.0798041307324204
board_accel_status =
   1
board_gyro_meas =
       -0.0313843613350534
        0.0837311653393823
        0.0292452199181485
board_gyro_status =
   1
mti_accel_meas =
          9.98632456742081
       -0.0485225756686869
       -0.0223962215024513
mti_accel_status =
   1
mti_gyro_meas =
       -0.0131414474332262
        0.0787968739074349
         0.023107767594737
mti_gyro_status =
   1
ad_accel_meas =
          9.98699175231264
       -0.0482864448135487
       -0.0224390892087542
ad_accel_status =
   1
ad_gyro_meas =
       -0.0131174923363853
                         0
                         0
ad_gyro_status =
   1
board_baro_meas =
          5494.38534754995
board_baro_status =
   0
board_mag_meas =
        -0.499971181845872
       -0.0937985242494308
        -0.122520869135359
board_mag_status =
   0
mti_baro_meas =
           5501.1778354417
mti_baro_status =
   0
mti_mag_meas =
        -0.501459631765027
       -0.0952869741685859
        -0.124009319054514
mti_mag_status =
   0
dt =
                    0.0025
flight_phase =
   1
x =
         0.329143150826093
        -0.943499656495421
      -0.00363638197626538
        0.0382094384075164
       -0.0222323464822788
        0.0375108737517866
        0.0132328334538116
         -94.4625066564994
          9.61300982577763
          13.5583092529938
          19435.8849776171
P =
  Columns 1 through 6
       3.0983532199363e-06  4.21169027641467e-07  2.04771293655608e-07 -9.34586524340893e-08   1.1808009860801e-19 -8.22190792612078e-16
      4.21169027641508e-07  2.49520729761745e-06  5.84182403304244e-08 -1.26539763180151e-08  4.11034440817945e-20 -2.72029476685481e-16
      2.04771293655536e-07  5.84182403303982e-08  4.57839558546018e-06 -8.88288460777329e-08  1.84046445469901e-21 -4.02297279747175e-15
     -9.34586524340582e-08 -1.26539763180108e-08  -8.8828846077722e-08  4.65054295308757e-06 -2.10510438694906e-21  1.09780236617627e-14
       1.1808009860801e-19  4.11034440817945e-20  1.84046445469901e-21 -2.10510438694906e-21   9.9999990000002e-10   1.1624984378086e-25
     -8.22190792612206e-16 -2.72029476685532e-16 -4.02297279747187e-15  1.09780236617627e-14   1.1624984378086e-25   9.9999990000008e-10
     -8.22063634920718e-16 -2.49728299220645e-16 -1.06828349296084e-14 -3.46354077910715e-15 -2.89920455204265e-25  1.21914848069412e-24
      0.000233320559964606  0.000615192169864634 -6.77510308733201e-05  0.000314431755069729 -1.08908241518722e-19  1.73879689180445e-12
      0.000412684535724382  0.000180700893539118   0.00504766283933642   0.00167051975026727  2.70601077510254e-18 -4.01075544294765e-13
     -0.000355454938826689 -4.03088478364953e-05  -0.00191298631188775   0.00523949234594116 -2.67739583160743e-18  2.86032067890253e-11
     -1.96500628726476e-05  0.000121685217722817  2.00595135678129e-06  1.25398949860483e-05 -7.18115937757949e-25 -5.17363047478561e-14
  Columns 7 through 11
     -8.22063634920707e-16  0.000233320559964605  0.000412684535724377 -0.000355454938826629 -1.96500628726451e-05
      -2.4972829922061e-16  0.000615192169864646  0.000180700893539103 -4.03088478364696e-05  0.000121685217722813
     -1.06828349296089e-14 -6.77510308733217e-05   0.00504766283933666   -0.0019129863118877  2.00595135678106e-06
     -3.46354077910729e-15  0.000314431755069739   0.00167051975026734   0.00523949234594118   1.2539894986052e-05
     -2.89920455204265e-25 -1.08908241518722e-19  2.70601077510254e-18 -2.67739583160743e-18 -7.18115937758091e-25
      1.21914848069415e-24  1.73879689180443e-12  -4.0107554429478e-13  2.86032067890253e-11  -5.1736304747854e-14
      9.99999900000079e-10 -3.52864116389079e-13 -2.80425553060306e-11   5.2493514770115e-13  2.49139239375847e-14
      -3.5286411638907e-13     0.394429843841426     0.207011312931931     0.879355074106613     0.183406556413961
     -2.80425553060306e-11     0.207011312931935      13.2887921919805    -0.159456925202081   0.00686237355962332
      5.24935147701165e-13     0.879355074106607    -0.159456925202089      13.6596053427811   0.00187865599648214
      2.49139239375798e-14     0.183406556413961   0.00686237355962566   0.00187865599648115     0.642453522044291
bias_board_gyro =
       -0.0172132424854573
       0.00626602875859936
       0.00713447545232681
bias_mti_gyro =
     -5.56325458933925e-05
     -7.08487731810812e-05
     -6.52395872608188e-05
bias_ad_gyro =
     -3.16774490525673e-05
                         0
                         0
bias_board_mag =
        -0.494314372030452
       -0.0268211516103318
         0.190843132613016
bias_mti_mag =
        -0.495214357022242
       -0.0278154350832103
          0.18974664375122
bias_board_baro =
          1.05776279843121
bias_mti_baro =
          9.16684590386285
board_accel_meas =
          10.0689432694415
         0.156269941311799
     -0.000718179211076246
board_accel_status =
   1
board_gyro_meas =
       -0.0360994864575265
        0.0451493738254165
        0.0217202512118342
board_gyro_status =
   1
mti_accel_meas =
          10.0775318629953
       -0.0259887880344539
         -0.08841533593931
mti_accel_status =
   1
mti_gyro_meas =
        -0.017554977434137
        0.0390316445540834
        0.0147019897888076
mti_gyro_status =
   1
ad_accel_meas =
          10.0779224297647
       -0.0257512896172483
       -0.0884874815898613
ad_accel_status =
   1
ad_gyro_meas =
       -0.0175310223372961
                         0
                         0
ad_gyro_status =
   1
board_baro_meas =
          5927.75250609036
board_baro_status =
   0
board_mag_meas =
        -0.495974519540808
       -0.0801815029841588
        -0.121602676143462
board_mag_status =
   0
mti_baro_meas =
          5936.04408827889
mti_baro_status =
   0
mti_mag_meas =
        -0.501070011739122
       -0.0852769951824723
        -0.126698168341775
mti_mag_status =
   0
dt =
                    0.0025
flight_phase =
   1
x =
         0.273327168477706
        -0.960726630807577
       -0.0111496855343359
        0.0466077712572352
       -0.0232908983923783
        0.0260076372864156
        0.0188216692866086
         -92.1251166705059
           8.0894848333954
          20.6168613810443
          18965.3208997483
P =
  Columns 1 through 6
      3.34799948187979e-06  3.89476722379308e-07  2.31516537068464e-07 -8.20297188153887e-08   1.2020482515431e-19  -8.3114506880619e-16
       3.8947672237935e-07  2.50044120417507e-06  3.64354668815494e-08   3.8018314651392e-10  3.41306932668483e-20 -2.40326875882415e-16
       2.3151653706839e-07  3.64354668815276e-08  4.76053180897045e-06 -9.23264017412263e-08  4.13451300531693e-21 -3.79256792760708e-15
     -8.20297188153619e-08  3.80183146520273e-10 -9.23264017412165e-08  4.81054257143213e-06 -4.94990919463388e-22  1.25021953548901e-14
       1.2020482515431e-19  3.41306932668483e-20  4.13451300531693e-21 -4.94990919463389e-22   9.9999990000002e-10  1.08583408484474e-25
     -8.31145068806316e-16 -2.40326875882446e-16 -3.79256792760718e-15  1.25021953548896e-14  1.08583408484474e-25  9.99999900000091e-10
      -1.1915752906064e-15  -2.3552715471769e-16 -1.24005139825302e-14 -3.15910183382029e-15 -1.71999170500729e-25  1.58196943955828e-24
      0.000218603469308266  0.000617343706637761 -0.000155280793644245  0.000398717408815972 -9.06171698918437e-20  2.51009473029526e-12
      0.000555654965530773  0.000160191413878933   0.00556935736771247   0.00145689176279189  4.75853111775165e-18 -4.94024334546264e-13
     -0.000325208096521015  2.99904776411598e-05  -0.00174191268133499   0.00571808827977652 -2.27216369681268e-18  3.23758855296176e-11
      3.38678365222362e-08  0.000119045508276079 -1.67049596288394e-06   1.4181560995849e-05 -1.33516519279172e-24 -7.84840609113229e-14
  Columns 7 through 11
     -1.19157529060633e-15  0.000218603469308261  0.000555654965530741 -0.000325208096520959  3.38678365208403e-08
     -2.35527154717641e-16  0.000617343706637782  0.000160191413878913  2.99904776411781e-05  0.000119045508276082
     -1.24005139825305e-14 -0.000155280793644248   0.00556935736771261  -0.00174191268133494 -1.67049596288383e-06
     -3.15910183382044e-15  0.000398717408815993   0.00145689176279196   0.00571808827977676   1.4181560995837e-05
     -1.71999170500729e-25 -9.06171698918437e-20  4.75853111775165e-18 -2.27216369681268e-18 -1.33516519279151e-24
      1.58196943955836e-24  2.51009473029529e-12 -4.94024334546296e-13  3.23758855296177e-11  -7.8484060911324e-14
      9.99999900000092e-10  5.01991873373755e-14 -3.23703483357499e-11  7.21488494848718e-13  2.20386846946671e-14
      5.01991873373969e-14     0.433672794410516    0.0153630217565565      1.22711914782965     0.172660795333151
     -3.23703483357498e-11    0.0153630217565662      14.5745774076437    -0.218091037357139   0.00522769263265751
      7.21488494848758e-13      1.22711914782966    -0.218091037357155      14.8506498781711   0.00331947291832375
      2.20386846946661e-14     0.172660795333151   0.00522769263265791   0.00331947291832408     0.586120509462227
bias_board_gyro =
       -0.0172132424854573
       0.00626602875859936
       0.00713447545232681
bias_mti_gyro =
     -5.56325458933925e-05
     -7.08487731810812e-05
     -6.52395872608188e-05
bias_ad_gyro =
     -3.16774490525673e-05
                         0
                         0
bias_board_mag =
        -0.494314372030452
       -0.0268211516103318
         0.190843132613016
bias_mti_mag =
        -0.495214357022242
       -0.0278154350832103
          0.18974664375122
bias_board_baro =
          1.05776279843121
bias_mti_baro =
          9.16684590386285
board_accel_meas =
          10.0651695362138
         0.192100881658602
       -0.0442297089780574
board_accel_status =
   1
board_gyro_meas =
       -0.0435474905976102
        0.0300259785400705
        0.0246739193187076
board_gyro_status =
   1
mti_accel_meas =
          10.0939538932307
       0.00951719625871403
        -0.145614841387827
mti_accel_status =
   1
mti_gyro_meas =
       -0.0269195953172207
        0.0233707230702162
        0.0190234504077088
mti_gyro_status =
   1
ad_accel_meas =
          10.0940503835418
        0.0097463210255066
        -0.145687424846313
ad_accel_status =
   1
ad_gyro_meas =
       -0.0268956402203798
                         0
                         0
ad_gyro_status =
   1
board_baro_meas =
          6387.00966418369
board_baro_status =
   0
board_mag_meas =
        -0.503384826549076
       -0.0725514643734002
        -0.125938814798857
board_mag_status =
   0
mti_baro_meas =
          6394.26275337586
mti_baro_status =
   0
mti_mag_meas =
        -0.504651897724007
       -0.0738185355483312
        -0.127205885973788
mti_mag_status =
   0
dt =
                    0.0025
flight_phase =
   1
x =
         0.203901547142415
        -0.977804257711239
       -0.0136415575333004
        0.0462266220133847
       -0.0344542135914613
      0.000227755506047951
        0.0130781548491149
         -90.0271508520396
          5.22654858483227
          26.2128244596775
          18502.1871987936
P =
  Columns 1 through 6
      3.59570923258585e-06  3.06088904956581e-07  2.43190312545991e-07  -6.9262386173977e-08  1.22249800947488e-19  -7.2585486430834e-16
      3.06088904956622e-07  2.49044064925684e-06  2.36172813337943e-08 -1.26978565674271e-08  2.54389789022931e-20 -2.99180844781004e-16
       2.4319031254591e-07  2.36172813337771e-08  4.94677917668813e-06  -9.3868013987131e-08  5.84284447409306e-21 -3.24997233204218e-15
     -6.92623861739568e-08 -1.26978565674328e-08 -9.38680139871207e-08  4.96349559537676e-06  4.70641477922033e-22  1.42518434716405e-14
      1.22249800947488e-19  2.54389789022931e-20  5.84284447409306e-21  4.70641477922033e-22   9.9999990000002e-10  9.79857910244979e-26
     -7.25854864308442e-16 -2.99180844781017e-16 -3.24997233204227e-15  1.42518434716406e-14  9.79857910244979e-26  9.99999900000104e-10
     -1.48555035964633e-15 -1.82627079995369e-16 -1.43443746106907e-14 -2.55508422153732e-15 -1.51723485829736e-26   1.6407649980499e-24
      0.000194184987510875  0.000610751927711297 -0.000180720096650925  0.000382192938668608 -6.61039541843795e-20  2.71161935333741e-12
      0.000647188064863202  0.000113594190294945   0.00612997567017533   0.00111537616198567  6.51895174412703e-18 -5.48247715237305e-13
     -0.000254114305400518   4.9717701451857e-05  -0.00144333952813617   0.00621210097177144 -1.52694466695235e-18  3.67854521399534e-11
      2.05551539900221e-05  0.000114945534161512 -5.06980267894546e-07  1.62533241687482e-05 -1.44199862705412e-24 -9.51901518540002e-14
  Columns 7 through 11
     -1.48555035964622e-15   0.00019418498751087  0.000647188064863154 -0.000254114305400476  2.05551539900205e-05
     -1.82627079995329e-16  0.000610751927711308  0.000113594190294928  4.97177014518657e-05  0.000114945534161526
     -1.43443746106904e-14 -0.000180720096650927   0.00612997567017519  -0.00144333952813613 -5.06980267895755e-07
     -2.55508422153748e-15  0.000382192938668609   0.00111537616198574   0.00621210097177138  1.62533241687593e-05
     -1.51723485829736e-26 -6.61039541843795e-20  6.51895174412703e-18 -1.52694466695235e-18 -1.44199862705433e-24
      1.64076499804996e-24  2.71161935333736e-12 -5.48247715237334e-13  3.67854521399534e-11 -9.51901518540128e-14
      9.99999900000107e-10  4.30752634905632e-13 -3.73215428193861e-11  8.24837824827491e-13  1.68740865354201e-15
      4.30752634905656e-13     0.431180627527017    -0.159491907389944      1.28620293983641     0.162219734458645
     -3.73215428193861e-11    -0.159491907389934      15.9665041479966    -0.279871095339485    0.0086875284281633
      8.24837824827524e-13      1.28620293983639      -0.2798710953395       16.120748013975   0.00648130673151884
      1.68740865354465e-15     0.162219734458644   0.00868752842816207   0.00648130673152376     0.536028103483822
bias_board_gyro =
       -0.0172132424854573
       0.00626602875859936
       0.00713447545232681
bias_mti_gyro =
     -5.56325458933925e-05
     -7.08487731810812e-05
     -6.52395872608188e-05
bias_ad_gyro =
     -3.16774490525673e-05
                         0
                         0
bias_board_mag =
        -0.494314372030452
       -0.0268211516103318
         0.190843132613016
bias_mti_mag =
        -0.495214357022242
       -0.0278154350832103
          0.18974664375122
bias_board_baro =
          1.05776279843121
bias_mti_baro =
          9.16684590386285
board_accel_meas =
          10.1184033466628
         0.203506633662551
        0.0225667998292788
board_accel_status =
   1
board_gyro_meas =
       -0.0485369955904326
       0.00514038910302024
         0.019411728191556
board_gyro_status =
   1
mti_accel_meas =
          10.1306511360199
        0.0073894778015122
       -0.0854517441183987
mti_accel_status =
   1
mti_gyro_meas =
       -0.0313891630384332
      -0.00280262757691546
         0.011641056854955
mti_gyro_status =
   1
ad_accel_meas =
          10.1309407685306
       0.00761137106322172
       -0.0855417613264751
ad_accel_status =
   1
ad_gyro_meas =
       -0.0313652079415924
                         0
                         0
ad_gyro_status =
   1
board_baro_meas =
          6874.37230905167
board_baro_status =
   0
board_mag_meas =
        -0.507870371652406
       -0.0570640698294357
          -0.1389977080985
board_mag_status =
   0
mti_baro_meas =
          6882.57237486492
mti_baro_status =
   0
mti_mag_meas =
        -0.505982704571068
       -0.0551764027480985
        -0.137110041017163
mti_mag_status =
   0
dt =
                    0.0025
flight_phase =
   1
x =
        -0.107227483880156
        -0.992801893476066
       -0.0339800100567602
         0.041134242762112
        -0.229725471094801
       -0.0131365623897038
       0.00966615557897054
         -87.7691635076099
         -15.3026636233331
          28.2089565825533
          18046.9906608755
P =
  Columns 1 through 6
      3.75957172901258e-06  -1.7786622644538e-07  2.54929407372836e-07  3.46281705844503e-10  1.24107487509253e-19  4.21607697262468e-16
     -1.77866226445335e-07  2.49222707524542e-06 -6.64159792963759e-08 -2.34283504582421e-08 -1.34281869634086e-20 -3.97979208053911e-16
       2.5492940737275e-07 -6.64159792963645e-08  5.17164667654052e-06 -8.03680727626125e-08  5.69382289672033e-21  1.76686153586686e-15
      3.46281705833408e-10 -2.34283504582501e-08 -8.03680727626036e-08  5.07110274460933e-06  3.28723049284545e-21  1.58907756115003e-14
      1.24107487509253e-19 -1.34281869634086e-20  5.69382289672033e-21  3.28723049284546e-21   9.9999990000002e-10  7.17447216168644e-26
      4.21607697262427e-16 -3.97979208053871e-16  1.76686153586693e-15  1.58907756115002e-14  7.17447216168644e-26   9.9999990000012e-10
     -1.79029404893852e-15  2.35564823597056e-16 -1.65302145919285e-14  1.99183992025795e-15  5.22060037222754e-26 -2.19434888581883e-24
      0.000222703340195392  0.000567632798460747 -0.000384223755299046  0.000308952901027035 -7.04779781199217e-20  2.07737086160681e-12
       0.00069237589471611 -0.000195096561031967   0.00681905324680367 -0.000871119819265218   7.1665392258999e-18  5.11586887809288e-13
      0.000244179411335717  1.97385431861491e-05  0.000601988120047571   0.00659001519953451  3.66830974638246e-18  4.12671933223275e-11
      0.000193542569915245  7.61220785280761e-05  3.62496873324289e-06  1.46739426537874e-05 -4.25998583680672e-24 -7.64866075297468e-14
  Columns 7 through 11
     -1.79029404893845e-15  0.000222703340195385   0.00069237589471608  0.000244179411335732  0.000193542569915242
      2.35564823597047e-16  0.000567632798460744 -0.000195096561031963  1.97385431861322e-05  7.61220785280712e-05
     -1.65302145919285e-14 -0.000384223755299045   0.00681905324680366  0.000601988120047543  3.62496873324265e-06
      1.99183992025788e-15  0.000308952901027039 -0.000871119819265191   0.00659001519953454  1.46739426537896e-05
      5.22060037222754e-26 -7.04779781199216e-20   7.1665392258999e-18  3.66830974638246e-18 -4.25998583680666e-24
     -2.19434888581877e-24  2.07737086160678e-12  5.11586887809271e-13  4.12671933223275e-11 -7.64866075297823e-14
      9.99999900000124e-10  2.71510070267951e-12 -4.27935729658973e-11 -4.71335648776327e-14  -1.3928490035266e-13
      2.71510070267954e-12     0.455255499960468     -1.18890206401235      0.99419302531759     0.155655444539858
     -4.27935729658973e-11     -1.18890206401234      17.6876789983087    -0.163457965497738    0.0297694771766957
     -4.71335648776009e-14     0.994193025317578    -0.163457965497749      17.1762796920628    0.0188048720539264
     -1.39284900352639e-13     0.155655444539861    0.0297694771766868    0.0188048720539417     0.499297019277806
bias_board_gyro =
       -0.0172132424854573
       0.00626602875859936
       0.00713447545232681
bias_mti_gyro =
     -5.56325458933925e-05
     -7.08487731810812e-05
     -6.52395872608188e-05
bias_ad_gyro =
     -3.16774490525673e-05
                         0
                         0
bias_board_mag =
        -0.494314372030452
       -0.0268211516103318
         0.190843132613016
bias_mti_mag =
        -0.495214357022242
       -0.0278154350832103
          0.18974664375122
bias_board_baro =
          1.05776279843121
bias_mti_baro =
          9.16684590386285
board_accel_meas =
          10.0540975138359
         0.285778908350235
         0.109212350471252
board_accel_status =
   1
board_gyro_meas =
        -0.243961960321168
      -0.00328424143728987
         0.018690412246466
board_gyro_status =
   1
mti_accel_meas =
          10.0842915045875
         0.109128528812842
        0.0112854789781796
mti_accel_status =
   1
mti_gyro_meas =
        -0.227093536810002
      -0.00919813936816092
        0.0127692117924349
mti_gyro_status =
   1
ad_accel_meas =
           10.083644344186
         0.107844067167233
        0.0153183992649523
ad_accel_status =
   1
ad_gyro_meas =
        -0.227069581713162
                         0
                         0
ad_gyro_status =
   1
board_baro_meas =
          7388.19969347099
board_baro_status =
   0
board_mag_meas =
        -0.506064046871782
        0.0290503824315654
        -0.141901353462289
board_mag_status =
   0
mti_baro_meas =
          7394.08814386302
mti_baro_status =
   0
mti_mag_meas =
        -0.506101481050388
        0.0290129482529598
        -0.141938787640894
mti_mag_status =
   0
dt =
                    0.0025
flight_phase =
   1
x =
         0.130172783295824
        -0.990955012912466
      -0.00476467859165274
        0.0322568862507064
         0.227167043721911
       -0.0208650392787537
        0.0243555494518901
         -87.3444947443481
          2.13565000827196
          33.1319389551795
          17598.5243356769
P =
  Columns 1 through 6
      3.59357219414796e-06 -1.01648491015471e-07  2.17108766303337e-07 -1.02618914748575e-07  1.23820895267737e-19   -3.903863285284e-16
     -1.01648491015435e-07  2.45449017958101e-06   2.7047481998683e-08 -9.61024102751752e-08   1.6169528004363e-20 -7.34462493318238e-16
      2.17108766303248e-07  2.70474819986674e-08  5.30363086427507e-06 -9.08617772586294e-08  6.15932147339516e-21 -2.85652420806254e-15
     -1.02618914748565e-07 -9.61024102751827e-08 -9.08617772586188e-08  5.26953818489525e-06 -9.34232767031099e-22  1.85416338622593e-14
      1.23820895267737e-19   1.6169528004363e-20  6.15932147339516e-21 -9.34232767031099e-22   9.9999990000002e-10  1.43955289422021e-25
     -3.90386328528405e-16 -7.34462493318128e-16 -2.85652420806231e-15   1.8541633862259e-14  1.43955289422021e-25  9.99999900000146e-10
      -1.5347284134021e-15 -9.39268787501708e-17 -1.87281623534671e-14 -1.91551790141725e-15     1.53061322527e-25  2.53577409446882e-24
     -0.000212854620567245  0.000568869627702905 -6.61028499058459e-05  0.000156183124970673 -1.10831877407732e-19  1.78865901599174e-12
      0.000581401653855462   4.9596908645818e-05   0.00715698985704879  0.000740098266046806  8.61669861468345e-18 -8.98290197927616e-13
     -0.000230270196556308 -6.51302566788416e-05  -0.00112123138881992   0.00714657399372278 -8.47815714800808e-19  4.88296344215448e-11
     -0.000104894805522123  9.46611031541475e-05 -9.16843417030333e-06  1.85819539229238e-05  1.77893482437097e-24 -9.73766669074865e-14
  Columns 7 through 11
      -1.5347284134021e-15 -0.000212854620567256  0.000581401653855464 -0.000230270196556309 -0.000104894805522126
     -9.39268787501785e-17   0.00056886962770291   4.9596908645821e-05 -6.51302566788813e-05  9.46611031541502e-05
     -1.87281623534674e-14 -6.61028499058443e-05    0.0071569898570489  -0.00112123138882001 -9.16843417029633e-06
     -1.91551790141738e-15  0.000156183124970673  0.000740098266046856   0.00714657399372289  1.85819539229197e-05
         1.53061322527e-25 -1.10831877407732e-19  8.61669861468344e-18 -8.47815714800808e-19  1.77893482437156e-24
      2.53577409446879e-24  1.78865901599174e-12 -8.98290197927604e-13  4.88296344215447e-11 -9.73766669075169e-14
       9.9999990000015e-10  2.46939181506996e-13 -4.95434169066734e-11   1.0921943672911e-12  5.44180099243747e-14
      2.46939181507014e-13     0.348107396567699   -0.0855303356313448     0.815713332844246     0.142611839497986
     -4.95434169066734e-11   -0.0855303356313379      18.9363600953668    -0.386986825249523   -0.0173499453300775
      1.09219436729109e-12     0.815713332844246    -0.386986825249521      18.9749743756806    0.0168610909575806
      5.44180099243849e-14     0.142611839497986   -0.0173499453300814     0.016861090957592     0.453017519103034
bias_board_gyro =
       -0.0172132424854573
       0.00626602875859936
       0.00713447545232681
bias_mti_gyro =
     -5.56325458933925e-05
     -7.08487731810812e-05
     -6.52395872608188e-05
bias_ad_gyro =
     -3.16774490525673e-05
                         0
                         0
bias_board_mag =
        -0.494314372030452
       -0.0268211516103318
         0.190843132613016
bias_mti_mag =
        -0.495214357022242
       -0.0278154350832103
          0.18974664375122
bias_board_baro =
          1.05776279843121
bias_mti_baro =
          9.16684590386285
board_accel_meas =
          10.0313285811993
         0.358215996714182
         0.131378608703179
board_accel_status =
   1
board_gyro_meas =
         0.209520870278522
       -0.0128663479942024
        0.0257046382144144
board_gyro_status =
   1
mti_accel_meas =
          10.0664470349378
         0.163115613721853
        0.0301553041675802
mti_accel_status =
   1
mti_gyro_meas =
         0.227472466206454
        -0.018147185217275
        0.0169791255761625
mti_gyro_status =
   1
ad_accel_meas =
           10.065164940605
         0.161830042104326
        0.0257567929234845
ad_accel_status =
   1
ad_gyro_meas =
         0.227496421303294
                         0
                         0
ad_gyro_status =
   1
board_baro_meas =
           7933.5020911325
board_baro_status =
   0
board_mag_meas =
        -0.502473186094756
       -0.0238066191380913
        -0.158145982927106
board_mag_status =
   0
mti_baro_meas =
          7940.57843763482
mti_baro_status =
   0
mti_mag_meas =
        -0.502038038689506
        -0.023371471732841
        -0.157710835521856
mti_mag_status =
   0
dt =
                    0.0025
flight_phase =
   1
x =
         0.956714821654931
        -0.289120700113121
        0.0329973609455555
       0.00414064759449444
         0.601792935138965
          0.02000720027467
        0.0318667248941005
          -85.525380191999
          23.4447335941416
         -28.0757714122927
          17156.5638126923
P =
  Columns 1 through 6
      1.80160688275407e-06 -9.14801629384925e-09  7.40971747175166e-08  4.69558992734174e-08  3.61451970790897e-20 -2.49916833076945e-16
     -9.14801629381759e-09  3.20367757446037e-06 -3.32790365069785e-08 -2.32982702757315e-07  1.19492340927512e-19   -1.176355601681e-16
      7.40971747175239e-08 -3.32790365070061e-08  5.36788952422533e-06  3.87004786461404e-08  2.67504693971854e-21 -1.94983561893294e-14
      4.69558992734198e-08 -2.32982702757247e-07  3.87004786461537e-08   5.5183821946121e-06 -6.62289884908625e-21  5.89343672355079e-15
      3.61451970790897e-20  1.19492340927512e-19  2.67504693971854e-21 -6.62289884908625e-21   9.9999990000002e-10  2.23171218204711e-25
     -2.49916833076909e-16 -1.17635560168113e-16 -1.94983561893291e-14  5.89343672355081e-15  2.23171218204711e-25  9.99999900000167e-10
     -2.11486766619774e-16  1.92329305043984e-15 -6.11725914408823e-15 -2.07454157257578e-14 -1.41951078396742e-25 -2.14314858641633e-24
     -0.000205186743813184  0.000430949154134841  0.000176853117688994 -0.000109771586665412   7.3491236634207e-20 -2.13424254093426e-12
      2.06496757255394e-05 -0.000581998074020927   0.00226406076807557   0.00752348431704602 -7.32171505363541e-18  2.76679103697088e-13
     -2.37754966531556e-05 -0.000183163928213637  -0.00715779564877715   0.00216978253327376 -6.33812946144817e-18  5.43271141644779e-11
     -0.000315055357886989  5.19999422428582e-05 -4.83733825111817e-07 -8.45667772520764e-06  1.92368479225125e-24  1.26111654100993e-13
  Columns 7 through 11
     -2.11486766619871e-16 -0.000205186743813188  2.06496757255736e-05 -2.37754966531676e-05 -0.000315055357886999
      1.92329305043988e-15  0.000430949154134833 -0.000581998074020944 -0.000183163928213629  5.19999422428504e-05
     -6.11725914408814e-15  0.000176853117688994   0.00226406076807554  -0.00715779564877727  -4.8373382511355e-07
     -2.07454157257582e-14 -0.000109771586665401   0.00752348431704616   0.00216978253327375 -8.45667772520809e-06
     -1.41951078396742e-25   7.3491236634207e-20 -7.32171505363541e-18 -6.33812946144817e-18  1.92368479225143e-24
     -2.14314858641649e-24 -2.13424254093431e-12  2.76679103697132e-13  5.43271141644779e-11  1.26111654100975e-13
      9.99999900000177e-10 -1.91061727799925e-13 -5.73743947320962e-11 -6.32511105926913e-13  1.43891947794407e-13
     -1.91061727799916e-13     0.289268245290266      0.14756194150945    -0.871720333331862     0.149579107039798
     -5.73743947320961e-11     0.147561941509453      20.9216563841348    0.0213963591336618   -0.0113285756448217
     -6.32511105926974e-13    -0.871720333331881     0.021396359133679      20.0578240336708  -0.00309911463540168
      1.43891947794417e-13     0.149579107039799   -0.0113285756448252   -0.0030991146353954     0.466876064652706
bias_board_gyro =
       -0.0172132424854573
       0.00626602875859936
       0.00713447545232681
bias_mti_gyro =
     -5.56325458933925e-05
     -7.08487731810812e-05
     -6.52395872608188e-05
bias_ad_gyro =
     -3.16774490525673e-05
                         0
                         0
bias_board_mag =
        -0.494314372030452
       -0.0268211516103318
         0.190843132613016
bias_mti_mag =
        -0.495214357022242
       -0.0278154350832103
          0.18974664375122
bias_board_baro =
          1.05776279843121
bias_mti_baro =
          9.16684590386285
board_accel_meas =
          10.1749888946993
         0.193301223244946
         0.141774934334483
board_accel_status =
   1
board_gyro_meas =
          0.58238004516193
        0.0245391191672494
        0.0354056054713349
board_gyro_status =
   1
mti_accel_meas =
           10.198304524729
        0.0225457109919815
         0.031719243905586
mti_accel_status =
   1
mti_gyro_meas =
         0.599543131116871
        0.0175530363361065
        0.0272215548867438
mti_gyro_status =
   1
ad_accel_meas =
          10.1990355662061
        0.0119909220907414
        0.0296620986667448
ad_accel_status =
   1
ad_gyro_meas =
         0.599567086213712
                         0
                         0
ad_gyro_status =
   1
board_baro_meas =
          8509.35226115642
board_baro_status =
   0
board_mag_meas =
        -0.502914840053897
        -0.115242826304244
         0.111743802959623
board_mag_status =
   0
mti_baro_meas =
          8516.75332757673
mti_baro_status =
   0
mti_mag_meas =
        -0.501943634101147
        -0.114271620351494
         0.112715008912372
mti_mag_status =
   0
dt =
                    0.0025
flight_phase =
   1
x =
         0.927845682032454
         0.372337696044146
         0.011009870651791
       -0.0185960529817171
        -0.100543856421254
        0.0131784894108645
        -0.010059051484224
         -84.5244810116365
         -23.2399011883221
         -27.5167875308297
          16724.9037219071
P =
  Columns 1 through 6
      1.32976309266917e-06 -2.78035538108815e-07  1.92291235751889e-07   2.7615912712118e-08 -4.65729805363404e-20 -8.40909228892837e-16
     -2.78035538108806e-07  2.46893554844686e-06 -2.77190633767529e-08 -6.14193389215655e-08  1.15941212494855e-19  6.02901276667349e-16
      1.92291235751877e-07  -2.7719063376731e-08  5.61207930405605e-06  8.03782444833678e-08 -2.66578318672678e-21 -2.24485955791829e-14
      2.76159127121006e-08  -6.1419338921525e-08  8.03782444833819e-08  5.58302746908762e-06 -3.08329270832195e-21 -9.42156499596274e-15
     -4.65729805363404e-20  1.15941212494855e-19 -2.66578318672678e-21 -3.08329270832195e-21   9.9999990000002e-10 -7.63063121053377e-26
     -8.40909228892753e-16  6.02901276667368e-16 -2.24485955791825e-14 -9.42156499596237e-15 -7.63063121053377e-26  9.99999900000212e-10
      -5.5664442622979e-17  4.03009280363394e-16  8.53832284182958e-15 -2.14380930611348e-14  -1.1679994047523e-25  2.34960071818728e-24
       3.2292803141631e-05 -4.46833328402941e-05 -0.000185540676640957 -0.000203977387566079  1.53469716199243e-20  1.06857764833582e-12
      1.03231316238268e-05 -0.000126384812580416  -0.00288365839750017   0.00743015966337551  -7.1259236304369e-18 -1.11851602308663e-12
     -0.000299736288581721  0.000221851318170122  -0.00766106996373613  -0.00317225776798635   5.9710796923923e-18  6.56570642725298e-11
     -0.000128660182578459  0.000122137857460912 -1.22129378410224e-05 -1.27216126679613e-05 -3.76266500244277e-24  2.03308213193853e-13
  Columns 7 through 11
     -5.56644426230324e-17  3.22928031416322e-05  1.03231316238448e-05 -0.000299736288581751 -0.000128660182578459
      4.03009280363425e-16 -4.46833328402933e-05 -0.000126384812580427  0.000221851318170115  0.000122137857460912
      8.53832284182977e-15 -0.000185540676640956  -0.00288365839750023  -0.00766106996373625 -1.22129378410219e-05
     -2.14380930611353e-14 -0.000203977387566084   0.00743015966337568  -0.00317225776798647 -1.27216126679561e-05
      -1.1679994047523e-25  1.53469716199243e-20  -7.1259236304369e-18   5.9710796923923e-18 -3.76266500244303e-24
      2.34960071818705e-24  1.06857764833582e-12 -1.11851602308655e-12  6.56570642725298e-11  2.03308213193854e-13
      9.99999900000201e-10  1.57207343475456e-12 -6.26363855494234e-11  2.81904963942953e-13  -4.4093338508109e-14
      1.57207343475451e-12     0.188309162333052    -0.592501665261709     0.306134234288416    0.0930076488152389
     -6.26363855494234e-11    -0.592501665261728       21.705337285369    -0.186819052544191   -0.0104177855474836
      2.81904963942892e-13     0.306134234288414    -0.186819052544169       22.481486018608    0.0396581954204013
      -4.4093338508117e-14    0.0930076488152386   -0.0104177855474807    0.0396581954204009     0.393620569996113
bias_board_gyro =
       -0.0172132424854573
       0.00626602875859936
       0.00713447545232681
bias_mti_gyro =
     -5.56325458933925e-05
     -7.08487731810812e-05
     -6.52395872608188e-05
bias_ad_gyro =
     -3.16774490525673e-05
                         0
                         0
bias_board_mag =
        -0.494314372030452
       -0.0268211516103318
         0.190843132613016
bias_mti_mag =
        -0.495214357022242
       -0.0278154350832103
          0.18974664375122
bias_board_baro =
          1.05776279843121
bias_mti_baro =
          9.16684590386285
board_accel_meas =
          10.1085556192661
         0.157345439019848
        -0.058417702291395
board_accel_status =
   1
board_gyro_meas =
        -0.118693269810673
        0.0242245582779273
      -0.00363577712432322
board_gyro_status =
   1
mti_accel_meas =
          10.1307688687969
       -0.0267717970040228
        -0.157140799402158
mti_accel_status =
   1
mti_gyro_meas =
        -0.102058980476659
        0.0197481497066559
       -0.0108052251624731
mti_gyro_status =
   1
ad_accel_meas =
          10.1311129923179
       -0.0268241319038229
        -0.160794021994423
ad_accel_status =
   1
ad_gyro_meas =
        -0.102035025379819
                         0
                         0
ad_gyro_status =
   1
board_baro_meas =
          9112.45676730584
board_baro_status =
   0
board_mag_meas =
        -0.497149051137035
        0.0889982830988023
         0.151682740535536
board_mag_status =
   0
mti_baro_meas =
          9120.57783417711
mti_baro_status =
   0
mti_mag_meas =
        -0.496306359237758
        0.0898409749980796
         0.152525432434813
mti_mag_status =
   0
dt =
                    0.0025
flight_phase =
   1
x =
         0.994480449581291
        -0.101117415895315
         0.024526268634759
       -0.0135042863603563
        -0.132576544043244
      0.000293222564046634
         0.024222510230887
         -82.4646792316845
          8.56533252408136
         -38.2914121629112
          16301.9867965239
P =
  Columns 1 through 6
      1.36442275135063e-06  2.98767623011725e-07  1.24301372602128e-07   5.9937257756951e-08    1.256274310675e-20 -2.03003069850228e-16
      2.98767623011729e-07  2.49659607106732e-06 -6.38313514983133e-08 -1.27990425554355e-07  1.24335662256971e-19  1.69373920075797e-16
       1.2430137260212e-07 -6.38313514983099e-08  5.69302747981421e-06   5.5240276927693e-08  4.48019965352193e-22 -2.55290965463331e-14
      5.99372577569586e-08 -1.27990425554305e-07  5.52402769277084e-08  5.80635847326909e-06 -3.51989150611212e-21  1.80730661918375e-15
        1.256274310675e-20  1.24335662256971e-19  4.48019965352194e-22 -3.51989150611212e-21   9.9999990000002e-10  1.74072074615184e-25
     -2.03003069850213e-16  1.69373920075831e-16 -2.55290965463325e-14  1.80730661918352e-15  1.74072074615184e-25  9.99999900000231e-10
     -2.58472807516573e-16  1.16523245353526e-15  -3.0271881569366e-15 -2.64486114137804e-14 -1.88511641876144e-26  5.32037994143147e-24
      5.89035870421841e-05 -8.26877503073475e-05  1.92032432663171e-05 -0.000294677822949313  1.62337258627469e-19 -1.52612597394169e-12
      9.13457527620176e-05 -0.000392714483574716   0.00100265461278415   0.00868812829396718 -9.61196490018273e-18  -1.9348071668053e-12
     -9.42727216761958e-05  9.40898944414862e-05  -0.00842436548588399  0.000735688447519697 -2.49989782172752e-18  7.02009194037093e-11
     -9.98407268584498e-05 -9.96657655559277e-05  6.96568964165506e-06 -4.07500356358675e-06  3.98660798355563e-24   1.1803653397903e-13
  Columns 7 through 11
     -2.58472807516678e-16  5.89035870421844e-05  9.13457527620522e-05 -9.42727216762007e-05 -9.98407268584488e-05
      1.16523245353533e-15 -8.26877503073462e-05 -0.000392714483574737  9.40898944414745e-05 -9.96657655559284e-05
     -3.02718815693647e-15  1.92032432663247e-05   0.00100265461278411  -0.00842436548588419  6.96568964165272e-06
     -2.64486114137813e-14 -0.000294677822949326    0.0086881282939675  0.000735688447519778 -4.07500356358741e-06
     -1.88511641876144e-26  1.62337258627469e-19 -9.61196490018273e-18 -2.49989782172752e-18  3.98660798355564e-24
      5.32037994143122e-24 -1.52612597394171e-12 -1.93480716680522e-12  7.02009194037093e-11   1.1803653397904e-13
      9.99999900000243e-10  2.09153563232279e-12 -7.33077356338057e-11  7.56802975394646e-13  2.20245629492042e-14
      2.09153563232278e-12     0.207954859561839     -0.66774310861678    -0.599830946548087    0.0900528092255745
     -7.33077356338058e-11    -0.667743108616787      24.0967646660995    -0.319242095834086   0.00206921626440307
      7.56802975394573e-13    -0.599830946548095    -0.319242095834063      23.4201534812494  -0.00290098358974563
       2.2024562949201e-14    0.0900528092255748   0.00206921626440418  -0.00290098358974901     0.358663862769762
bias_board_gyro =
       -0.0172132424854573
       0.00626602875859936
       0.00713447545232681
bias_mti_gyro =
     -5.56325458933925e-05
     -7.08487731810812e-05
     -6.52395872608188e-05
bias_ad_gyro =
     -3.16774490525673e-05
                         0
                         0
bias_board_mag =
        -0.494314372030452
       -0.0268211516103318
         0.190843132613016
bias_mti_mag =
        -0.495214357022242
       -0.0278154350832103
          0.18974664375122
bias_board_baro =
          1.05776279843121
bias_mti_baro =
          9.16684590386285
board_accel_meas =
           10.123301467235
         0.329592029631595
        0.0673454315303509
board_accel_status =
   1
board_gyro_meas =
        -0.149058524769441
       0.00594529921992944
        0.0327047243388952
board_gyro_status =
   1
mti_accel_meas =
          10.1694536892011
         0.138941915190552
       -0.0365018389811918
mti_accel_status =
   1
mti_gyro_meas =
        -0.131993505156099
      -0.00186886385482962
        0.0264074104284269
mti_gyro_status =
   1
ad_accel_meas =
          10.1686034271146
         0.138659625688563
       -0.0345676029069259
ad_accel_status =
   1
ad_gyro_meas =
        -0.131969550059258
                         0
                         0
ad_gyro_status =
   1
board_baro_meas =
          9743.98804873862
board_baro_status =
   0
board_mag_meas =
        -0.500287712406788
       -0.0788064288648817
         0.152406680286763
board_mag_status =
   0
mti_baro_meas =
          9751.03193423567
mti_baro_status =
   0
mti_mag_meas =
        -0.498421328718327
       -0.0769400451764205
         0.154273063975225
mti_mag_status =
   0
dt =
                    0.0025
flight_phase =
   1
x =
         0.996471743439724
       -0.0789097320383885
         0.023032557173033
       -0.0169357617454338
        0.0913710194088967
       -0.0162866303110805
      -0.00989831641390698
         -80.7361139940536
          5.86888559858632
         -41.3005131032531
          15887.1829157565
P =
  Columns 1 through 6
      1.39199074893759e-06  1.24034946030474e-07  1.48046729717313e-07   7.5443249623519e-08  9.92380393535387e-21 -2.57986506737134e-16
      1.24034946030467e-07  2.55505848535058e-06 -5.68871413856258e-08 -1.21589945975686e-07  1.24579041754156e-19  5.50114601459096e-16
      1.48046729717306e-07 -5.68871413856194e-08  5.84130787021564e-06  5.40188331460688e-08 -2.85245705101394e-21 -2.83328179630889e-14
      7.54432496235245e-08 -1.21589945975635e-07  5.40188331460844e-08  5.95376218282056e-06 -1.26168729446779e-21   1.2269267419609e-15
      9.92380393535387e-21  1.24579041754156e-19 -2.85245705101394e-21 -1.26168729446779e-21   9.9999990000002e-10 -6.90450753793296e-26
     -2.57986506737116e-16  5.50114601459133e-16 -2.83328179630886e-14  1.22692674196074e-15 -6.90450753793296e-26  9.99999900000269e-10
     -4.36026131504786e-16  1.23071474517911e-15 -2.71252681484178e-15 -2.91815523056374e-14  1.24663616725222e-25  8.07763701365929e-24
      9.56164014206847e-05  7.74539440306657e-05  -3.0009191360391e-05 -0.000364170542784146 -5.28951130698687e-20 -1.28350341195986e-12
      0.000144417051357456 -0.000382357174979009  0.000851082530794425   0.00917432182433685 -1.00742994912259e-17 -2.62285820530052e-12
     -0.000130334046065264  0.000133913995676866  -0.00891815731978491   0.00057100323897414 -1.32848580743453e-18  7.89785917301887e-11
     -6.78414206251268e-05 -9.42385181562379e-06  7.53992753414453e-06 -5.62866944623616e-06  1.36516989025287e-24  1.23899854881722e-13
  Columns 7 through 11
     -4.36026131504904e-16  9.56164014206841e-05  0.000144417051357493  -0.00013033404606527 -6.78414206251259e-05
      1.23071474517916e-15  7.74539440306677e-05 -0.000382357174979025  0.000133913995676853 -9.42385181562323e-06
     -2.71252681484169e-15 -3.00091913603842e-05    0.0008510825307944  -0.00891815731978501  7.53992753414692e-06
     -2.91815523056391e-14 -0.000364170542784157   0.00917432182433738  0.000571003238974197 -5.62866944623395e-06
      1.24663616725222e-25 -5.28951130698687e-20 -1.00742994912259e-17 -1.32848580743453e-18  1.36516989025275e-24
      8.07763701365899e-24  -1.2835034119599e-12 -2.62285820530043e-12  7.89785917301887e-11  1.23899854881709e-13
      9.99999900000281e-10  2.94743283206539e-12 -8.20944473354884e-11  1.05824723920772e-12  4.24364772572988e-14
      2.94743283206537e-12      0.21892173507314    -0.913458859991767    -0.516413473768865    0.0804826596109557
     -8.20944473354884e-11    -0.913458859991772      25.8167688370605    -0.365722051801318  -0.00751652918888184
      1.05824723920763e-12    -0.516413473768877    -0.365722051801291      25.1657956926807  -0.00210831036215616
       4.2436477257293e-14    0.0804826596109557  -0.00751652918888003  -0.00210831036215225     0.326424258966708
bias_board_gyro =
       -0.0172132424854573
       0.00626602875859936
       0.00713447545232681
bias_mti_gyro =
     -5.56325458933925e-05
     -7.08487731810812e-05
     -6.52395872608188e-05
bias_ad_gyro =
     -3.16774490525673e-05
                         0
                         0
bias_board_mag =
        -0.494314372030452
       -0.0268211516103318
         0.190843132613016
bias_mti_mag =
        -0.495214357022242
       -0.0278154350832103
          0.18974664375122
bias_board_baro =
          1.05776279843121
bias_mti_baro =
          9.16684590386285
board_accel_meas =
           10.073341450116
         0.353745244598086
       -0.0287120929785069
board_accel_status =
   1
board_gyro_meas =
         0.075360225985036
       -0.0085423018673957
      -0.00197791014123045
board_gyro_status =
   1
mti_accel_meas =
          10.1018837347115
          0.14279941733537
        -0.122078588227777
mti_accel_status =
   1
mti_gyro_meas =
         0.094162708231234
       -0.0135437063157965
      -0.00730392664032232
mti_gyro_status =
   1
ad_accel_meas =
          10.1010815461146
         0.142805542644678
         -0.12197600584745
ad_accel_status =
   1
ad_gyro_meas =
        0.0941866633280748
                         0
                         0
ad_gyro_status =
   1
board_baro_meas =
          10406.4534008973
board_baro_status =
   0
board_mag_meas =
        -0.496778214169639
       -0.0719170320498984
         0.159749699047266
board_mag_status =
   0
mti_baro_meas =
          10414.1891034617
mti_baro_status =
   0
mti_mag_meas =
        -0.497032274074818
       -0.0721710919550772
         0.159495639142087
mti_mag_status =
   0
dt =
                    0.0025
flight_phase =
   1
x =
         0.997964965143292
        0.0616892189621616
        0.0135779013397286
      -0.00871832584825623
      -0.00115510849372204
       -0.0322418318660322
      -0.00687687943325331
          -79.445857769774
         -5.50233476175575
         -42.2597393293087
          15480.7286712872
P =
  Columns 1 through 6
      1.44990521837182e-06 -4.85450135529832e-11  1.96934782586022e-07  9.79362819558844e-10  -7.6757793381154e-21 -6.50073080414667e-16
     -4.85450135592876e-11   2.7454052062419e-06 -1.20209509975068e-08 -8.29945525048708e-08  1.24779923836884e-19  3.60313570631636e-16
      1.96934782586015e-07 -1.20209509974913e-08  5.99898620517275e-06  6.88875013882052e-08 -1.96343747155238e-21 -3.18907747165802e-14
      9.79362819564771e-10 -8.29945525048212e-08  6.88875013882199e-08  6.08280588758608e-06  1.22300856466793e-21 -2.81684185082861e-15
     -7.67577933811541e-21  1.24779923836884e-19 -1.96343747155237e-21  1.22300856466793e-21   9.9999990000002e-10  -5.5448185776501e-26
     -6.50073080414633e-16  3.60313570631662e-16 -3.18907747165793e-14 -2.81684185082844e-15 -5.54481857765011e-26  9.99999900000323e-10
     -5.99052347551626e-17  9.06091362098094e-16  1.39428493931668e-15 -3.19332350507859e-14  2.37962711431233e-25  7.82680451391031e-24
      0.000100375552790357  2.25060607695887e-05 -0.000219544777953915 -0.000136548308135605 -9.11462311919035e-20  5.70420429305013e-13
      1.10420078096372e-05 -0.000273774043751184 -0.000403775914767306   0.00960327684088996 -1.00938380247854e-17 -2.39013608926993e-12
     -0.000248766873244915   9.6275999601835e-05  -0.00946466614413683 -0.000773767443896139   1.4852393507274e-18  9.06273287627626e-11
     -6.33604234669043e-05  2.73551245352211e-05    1.261776855191e-06  -4.5796160897736e-11 -1.01766924851826e-24  1.62876650296099e-13
  Columns 7 through 11
     -5.99052347552701e-17  0.000100375552790357  1.10420078096696e-05 -0.000248766873244925 -6.33604234669041e-05
      9.06091362098147e-16  2.25060607695896e-05   -0.0002737740437512   9.6275999601827e-05  2.73551245352211e-05
      1.39428493931667e-15 -0.000219544777953913 -0.000403775914767304   -0.0094646661441371  1.26177685519043e-06
     -3.19332350507874e-14 -0.000136548308135611   0.00960327684089039 -0.000773767443896188 -4.57961598215352e-11
      2.37962711431233e-25 -9.11462311919035e-20 -1.00938380247854e-17   1.4852393507274e-18 -1.01766924851842e-24
      7.82680451390993e-24  5.70420429304974e-13 -2.39013608926981e-12  9.06273287627626e-11  1.62876650296103e-13
      9.99999900000323e-10  1.36046000026442e-12 -9.11323311376283e-11  1.62869772056059e-12 -1.78695422869955e-14
      1.36046000026437e-12     0.181434711948567    -0.421271010364602    0.0748918476114523    0.0755086237051293
     -9.11323311376283e-11    -0.421271010364616      27.4080332297489     -0.49426930334733  0.000142636508184891
       1.6286977205605e-12    0.0748918476114406    -0.494269303347302      27.1885169843967   0.00875519425837406
     -1.78695422870097e-14    0.0755086237051292  0.000142636508189159   0.00875519425837284     0.302922664964008
bias_board_gyro =
       -0.0172132424854573
       0.00626602875859936
       0.00713447545232681
bias_mti_gyro =
     -5.56325458933925e-05
     -7.08487731810812e-05
     -6.52395872608188e-05
bias_ad_gyro =
     -3.16774490525673e-05
                         0
                         0
bias_board_mag =
        -0.494314372030452
       -0.0268211516103318
         0.190843132613016
bias_mti_mag =
        -0.495214357022242
       -0.0278154350832103
          0.18974664375122
bias_board_baro =
          1.05776279843121
bias_mti_baro =
          9.16684590386285
board_accel_meas =
          10.2040289854437
        -0.103713829733389
          0.15762714554131
board_accel_status =
   1
board_gyro_meas =
       -0.0161051304407245
       -0.0267361013475993
      0.000659753281335353
board_gyro_status =
   1
mti_accel_meas =
          10.2140418376058
        -0.272844482160256
        0.0454428403901965
mti_accel_status =
   1
mti_gyro_meas =
       0.00324691430319218
       -0.0328385335170224
      -0.00611721615146775
mti_gyro_status =
   1
ad_accel_meas =
          10.2163362077911
        -0.272589667769349
        0.0446837393966661
ad_accel_status =
   1
ad_gyro_meas =
         0.003270869400033
                         0
                         0
ad_gyro_status =
   1
board_baro_meas =
          11098.9468678082
board_baro_status =
   0
board_mag_meas =
        -0.499353632907142
       -0.0176329787435237
         0.175599086678123
board_mag_status =
   0
mti_baro_meas =
           11107.190543182
mti_baro_status =
   0
mti_mag_meas =
        -0.496391755840972
        -0.014671101677354
         0.178560963744292
mti_mag_status =
   0
dt =
                    0.0025
flight_phase =
   1
x =
         0.999784303516988
      -0.00899415887708919
        0.0182620722132661
      -0.00411682713057818
        -0.030102058329654
      -0.00895873064836402
       0.00561392310977119
         -77.7543217235771
         0.104824620542259
         -44.5941291021892
          15083.1100569373
P =
  Columns 1 through 6
      1.52417433256867e-06  1.05051516477823e-07  1.69422675870398e-07 -1.49830790785993e-08  1.11421001505753e-21 -4.32300199237972e-16
      1.05051516477818e-07  2.93036690867084e-06 -5.53927720228213e-09  -1.0126406716656e-07  1.24992316453083e-19  9.86546445545644e-17
      1.69422675870389e-07 -5.53927720226538e-09   6.1268840177917e-06  5.99932843135443e-08 -1.20484879849956e-23 -3.46449982276067e-14
     -1.49830790785901e-08  -1.0126406716651e-07  5.99932843135586e-08  6.23068338561769e-06 -1.34077521569666e-21 -4.02454532328949e-16
      1.11421001505753e-21  1.24992316453082e-19 -1.20484879849955e-23 -1.34077521569666e-21   9.9999990000002e-10  3.95945538680136e-26
     -4.32300199237917e-16  9.86546445545999e-17 -3.46449982276052e-14 -4.02454532328866e-16  3.95945538680136e-26  9.99999900000365e-10
      8.53744660261637e-17  1.19518084964275e-15 -8.97375270409153e-16 -3.51715839971108e-14  7.59001570893654e-26  7.05022520680687e-24
      0.000109948997112106  -1.1189802496428e-05 -0.000130717592072114 -7.18782204553939e-05  4.42756334722943e-20 -4.24815015773225e-13
     -2.44494820018965e-05 -0.000344472942640339  0.000259238592894951    0.0101366393460941 -1.10020736682347e-17 -2.04027656222171e-12
     -0.000187709013248756  3.48194838730659e-05  -0.00991010828849475 -7.38861171155065e-05 -1.03380460206804e-19  9.96772070635904e-11
     -6.12978082028804e-05 -1.49309855688605e-05  2.48987619177865e-06  2.77708285866732e-06  3.41177329724203e-25  1.60345062453272e-13
  Columns 7 through 11
      8.53744660260702e-17  0.000109948997112105 -2.44494820018695e-05 -0.000187709013248771 -6.12978082028809e-05
      1.19518084964283e-15 -1.11898024964268e-05 -0.000344472942640364   3.4819483873055e-05 -1.49309855688605e-05
     -8.97375270409246e-16 -0.000130717592072102  0.000259238592894978  -0.00991010828849519  2.48987619177762e-06
     -3.51715839971124e-14 -7.18782204553953e-05    0.0101366393460946 -7.38861171155295e-05  2.77708285866754e-06
      7.59001570893654e-26  4.42756334722943e-20 -1.10020736682347e-17 -1.03380460206804e-19  3.41177329724171e-25
      7.05022520680662e-24 -4.24815015773322e-13 -2.04027656222163e-12  9.96772070635905e-11  1.60345062453282e-13
      9.99999900000374e-10   7.5433192834587e-13 -1.02028048659212e-10  1.59044962215688e-12 -2.10236929035817e-14
      7.54331928345878e-13     0.178012368919814    -0.217154259392662    -0.224499557939265    0.0704436840020483
     -1.02028048659212e-10    -0.217154259392659      29.4046516356872     -0.46092905388939   0.00614925062914289
       1.5904496221568e-12    -0.224499557939293    -0.460929053889368      28.8565281952373   0.00580849327834532
     -2.10236929035726e-14    0.0704436840020485   0.00614925062914028   0.00580849327834231     0.281379987044575
bias_board_gyro =
       -0.0172132424854573
       0.00626602875859936
       0.00713447545232681
bias_mti_gyro =
     -5.56325458933925e-05
     -7.08487731810812e-05
     -6.52395872608188e-05
bias_ad_gyro =
     -3.16774490525673e-05
                         0
                         0
bias_board_mag =
        -0.494314372030452
       -0.0268211516103318
         0.190843132613016
bias_mti_mag =
        -0.495214357022242
       -0.0278154350832103
          0.18974664375122
bias_board_baro =
          1.05776279843121
bias_mti_baro =
          9.16684590386285
board_accel_meas =
          9.78156203661859
        -0.161487589727946
         0.420128754993729
board_accel_status =
   1
board_gyro_meas =
       -0.0479635996755118
       -0.0043387107914623
        0.0121618603893416
board_gyro_status =
   1
mti_accel_meas =
          9.79696680304092
        -0.343925518861994
          0.31452194400349
mti_accel_status =
   1
mti_gyro_meas =
       -0.0317613043033867
       -0.0108457817480317
       0.00510058447479466
mti_gyro_status =
   1
ad_accel_meas =
          9.80001364709669
        -0.343696199470138
         0.314626033858098
ad_accel_status =
   1
ad_gyro_meas =
       -0.0317373492065459
                         0
                         0
ad_gyro_status =
   1
board_baro_meas =
          11820.4413806104
board_baro_status =
   0
board_mag_meas =
        -0.499652050624841
       -0.0381856958689376
         0.169400442518883
board_mag_status =
   0
mti_baro_meas =
          11827.1794042419
mti_baro_status =
   0
mti_mag_meas =
        -0.497763076391941
        -0.036296721636037
         0.171289416751784
mti_mag_status =
   0
