date,temperature,pressure,110,stdev [110m],direction [110m],320,stdev [320m],direction [320m],500,stdev [500m],direction [500m],800,stdev [800m],direction [800m],1000,stdev [1000m],direction [1000m],1500,stdev [1500m],direction [1500m],1900,stdev [1900m],direction [1900m],3200,stdev [3200m],direction [3200m],4200,stdev [4200m],direction [4200m],5600,stdev [5600m],direction [5600m],7200,stdev [7200m],direction [7200m],9200,stdev [9200m],direction [9200m],10400,stdev [10400m],direction [10400m],11800,stdev [11800m],direction [11800m],13500,stdev [13500m],direction [13500m],15800,stdev [15800m],direction [15800m],17700,stdev [17700m],direction [17700m],19300,stdev [19300m],direction [19300m],22000,stdev [22000m],direction [22000m]
2023-08-01 08:00:00,12.3,987.4,2.0,1.02978,96,4.2,1.33233,90,3.7,1.26561,32,6.6,1.76827,351,9.2,2.58035,328,15.0,3.67606,292,19.5,3.56416,295,22.8,2.04059,323,28.1,0.67462,325,35.8,1.26232,324,50.3,2.07753,328,58.6,15.59065,329,60.2,18.01989,329,61.2,8.56103,326,53.0,2.16292,321,30.8,4.29102,328,27.5,4.30737,311,6.0,1.84297,353,11.9,2.53281,90
2023-08-01 09:00:00,15.7,987.9,1.8,1.02978,104,2.4,1.33233,107,3.9,1.26561,79,5.4,1.76827,34,7.5,2.58035,358,10.4,3.67606,303,14.3,3.56416,300,20.8,2.04059,321,27.2,0.67462,322,35.8,1.26232,324,49.5,2.07753,329,55.1,15.59065,330,58.6,18.01989,329,65.5,8.56103,323,57.3,2.16292,321,29.0,4.29102,325,30.8,4.30737,328,4.5,1.84297,360,12.0,2.53281,94
2023-08-01 10:00:00,17.4,988.3,2.6,1.02978,70,3.4,1.33233,70,3.9,1.26561,83,4.0,1.76827,83,3.6,2.58035,60,4.8,3.67606,315,11.4,3.56416,296,19.4,2.04059,319,27.2,0.67462,322,37.0,1.26232,326,48.5,2.07753,329,51.8,15.59065,330,65.1,18.01989,327,70.0,8.56103,324,58.5,2.16292,322,29.5,4.29102,315,30.0,4.30737,346,6.0,1.84297,353,10.5,2.53281,94
2023-08-01 11:00:00,18.4,988.5,4.1,1.02978,49,4.9,1.33233,45,4.4,1.26561,41,3.6,1.76827,39,2.6,2.58035,24,4.1,3.67606,286,10.3,3.56416,286,20.0,2.04059,311,27.4,0.67462,318,36.4,1.26232,325,46.8,2.07753,329,54.0,15.59065,325,77.8,18.01989,328,73.8,8.56103,322,58.8,2.16292,321,30.7,4.29102,309,25.9,4.30737,348,6.1,1.84297,14,10.5,2.53281,98
2023-08-01 12:00:00,19.7,988.2,3.6,1.02978,94,4.2,1.33233,90,3.8,1.26561,90,3.2,1.76827,90,2.1,2.58035,90,3.1,3.67606,275,8.3,3.56416,283,20.0,2.04059,310,26.7,0.67462,320,35.4,1.26232,325,46.7,2.07753,326,67.8,15.59065,320,101.3,18.01989,327,85.4,8.56103,321,58.8,2.16292,321,33.7,4.29102,305,22.4,4.30737,345,1.7,1.84297,27,9.7,2.53281,113
2023-08-01 13:00:00,20.6,988.1,2.5,1.02978,95,2.4,1.33233,101,1.6,1.26561,117,1.2,1.76827,143,1.3,2.58035,180,4.3,3.67606,259,8.7,3.56416,276,20.6,2.04059,308,26.3,0.67462,319,36.2,1.26232,323,46.5,2.07753,325,72.3,15.59065,323,99.1,18.01989,327,80.3,8.56103,319,57.4,2.16292,322,37.0,4.29102,310,19.8,4.30737,340,4.8,1.84297,51,9.0,2.53281,138
2023-08-01 14:00:00,21.4,987.7,2.3,1.02978,107,2.2,1.33233,108,1.2,1.26561,127,1.0,1.76827,180,1.5,2.58035,225,3.7,3.67606,247,9.0,3.56416,268,17.3,2.04059,302,26.0,0.67462,320,36.1,1.26232,322,44.7,2.07753,323,86.5,15.59065,322,101.9,18.01989,324,83.6,8.56103,320,56.4,2.16292,323,38.0,4.29102,312,20.9,4.30737,325,3.1,1.84297,76,7.5,2.53281,143
2023-08-01 15:00:00,22.1,987.6,1.1,1.02978,360,1.0,1.33233,333,1.5,1.26561,288,2.3,1.76827,264,3.2,2.58035,256,5.7,3.67606,250,9.2,3.56416,258,16.3,2.04059,292,26.3,0.67462,319,36.7,1.26232,322,45.3,2.07753,324,91.2,15.59065,327,100.6,18.01989,325,85.4,8.56103,321,55.5,2.16292,319,39.6,4.29102,313,20.6,4.30737,316,3.7,1.84297,180,5.4,2.53281,106
2023-08-01 16:00:00,22.5,987.2,0.8,1.02978,34,1.2,1.33233,360,1.5,1.26561,309,2.1,1.76827,284,2.9,2.58035,275,5.5,3.67606,258,8.2,3.56416,259,16.6,2.04059,292,27.3,0.67462,317,38.7,1.26232,320,44.6,2.07753,322,88.8,15.59065,331,96.8,18.01989,325,81.6,8.56103,324,59.6,2.16292,317,39.5,4.29102,316,19.0,4.30737,315,5.8,1.84297,230,5.3,2.53281,82
2023-08-01 17:00:00,22.1,986.7,1.6,1.02978,196,1.9,1.33233,210,2.3,1.26561,238,2.9,1.76827,250,3.7,2.58035,258,6.1,3.67606,257,9.2,3.56416,258,19.4,2.04059,287,27.7,0.67462,314,39.2,1.26232,321,44.6,2.07753,322,83.1,15.59065,332,90.5,18.01989,323,78.9,8.56103,323,60.3,2.16292,319,38.0,4.29102,315,22.4,4.30737,307,8.2,1.84297,270,6.4,2.53281,69
2023-08-02 08:00:00,13.4,982.2,4.7,0.82523,177,10.0,1.10071,187,18.8,2.64668,211,17.5,2.72389,217,16.9,3.80761,217,16.4,7.18796,217,16.3,9.94353,228,18.7,8.96998,263,26.2,2.98619,288,38.3,3.67726,303,51.8,3.25271,306,70.2,5.66083,307,81.7,7.57909,306,86.1,5.12315,308,55.4,5.40551,303,42.0,3.99056,303,21.1,4.4888,318,7.5,2.36843,323,14.7,3.73726,75
2023-08-02 09:00:00,15.5,982.0,5.4,0.82523,182,8.5,1.10071,189,17.9,2.64668,211,20.2,2.72389,216,19.6,3.80761,220,18.0,7.18796,222,17.5,9.94353,231,19.8,8.96998,264,26.3,2.98619,285,39.0,3.67726,299,49.0,3.25271,303,60.6,5.66083,304,73.4,7.57909,305,86.3,5.12315,307,55.7,5.40551,298,45.5,3.99056,305,23.0,4.4888,324,9.2,2.36843,346,15.7,3.73726,85
2023-08-02 10:00:00,16.7,981.5,5.6,0.82523,185,8.0,1.10071,188,11.7,2.64668,202,17.5,2.72389,217,19.1,3.80761,218,19.6,7.18796,214,19.6,9.94353,224,22.7,8.96998,260,28.7,2.98619,277,37.0,3.67726,289,44.1,3.25271,294,53.0,5.66083,298,67.6,7.57909,304,82.7,5.12315,304,58.7,5.40551,296,45.2,3.99056,308,22.8,4.4888,328,8.2,2.36843,360,15.1,3.73726,99
2023-08-02 11:00:00,17.6,980.7,5.7,0.82523,159,8.2,1.10071,164,11.6,2.64668,178,14.8,2.72389,191,18.4,3.80761,201,21.0,7.18796,217,22.4,9.94353,233,26.3,8.96998,260,31.5,2.98619,280,36.0,3.67726,283,43.2,3.25271,288,54.5,5.66083,287,65.7,7.57909,295,82.8,5.12315,299,62.8,5.40551,294,48.2,3.99056,309,22.1,4.4888,327,6.0,2.36843,353,14.7,3.73726,114
2023-08-02 12:00:00,17.8,980.7,7.2,0.82523,150,10.2,1.10071,153,14.1,2.64668,163,16.8,2.72389,174,21.2,3.80761,191,26.0,7.18796,213,28.0,9.94353,231,30.4,8.96998,258,31.5,2.98619,280,34.5,3.67726,284,42.9,3.25271,287,56.4,5.66083,285,67.8,7.57909,300,81.7,5.12315,297,66.4,5.40551,295,45.5,3.99056,310,18.2,4.4888,325,3.8,2.36843,259,12.1,3.73726,133
2023-08-02 13:00:00,17.1,980.1,6.1,0.82523,144,8.6,1.10071,149,13.6,2.64668,167,16.3,2.72389,176,18.8,3.80761,186,28.2,7.18796,216,33.2,9.94353,235,34.6,8.96998,256,31.3,2.98619,278,33.3,3.67726,286,43.6,3.25271,287,53.6,5.66083,286,63.1,7.57909,299,80.2,5.12315,293,67.6,5.40551,292,42.4,3.99056,309,16.6,4.4888,324,4.8,2.36843,309,10.6,3.73726,129
2023-08-02 14:00:00,17.2,979.4,4.8,0.82523,124,7.2,1.10071,132,12.6,2.64668,159,17.3,2.72389,175,20.9,3.80761,186,31.2,7.18796,214,38.8,9.94353,235,39.3,8.96998,252,32.0,2.98619,272,31.7,3.67726,285,44.8,3.25271,288,51.2,5.66083,286,61.1,7.57909,298,79.0,5.12315,289,69.5,5.40551,293,40.9,3.99056,308,15.7,4.4888,335,3.3,2.36843,333,8.5,3.73726,142
2023-08-02 15:00:00,16.9,978.2,6.5,0.82523,121,9.2,1.10071,124,15.0,2.64668,143,18.7,2.72389,160,21.7,3.80761,174,28.4,7.18796,205,36.3,9.94353,227,40.4,8.96998,249,36.3,2.98619,264,35.9,3.67726,274,47.4,3.25271,286,56.6,5.66083,288,64.2,7.57909,285,77.6,5.12315,290,69.1,5.40551,294,39.5,3.99056,306,13.7,4.4888,338,2.4,2.36843,288,6.3,3.73726,135
2023-08-02 16:00:00,18.9,977.5,5.2,0.82523,170,6.8,1.10071,170,11.3,2.64668,179,15.0,2.72389,206,21.3,3.80761,225,33.0,7.18796,240,39.9,9.94353,247,40.0,8.96998,257,29.0,2.98619,259,26.9,3.67726,268,41.3,3.25271,287,50.9,5.66083,281,54.8,7.57909,282,71.7,5.12315,287,66.6,5.40551,292,37.9,3.99056,306,10.5,4.4888,315,3.7,2.36843,270,6.0,3.73726,83
2023-08-02 17:00:00,19.7,976.6,6.7,0.82523,166,7.9,1.10071,166,16.0,2.64668,201,24.1,2.72389,222,30.8,3.80761,232,38.5,7.18796,243,42.4,9.94353,250,41.3,8.96998,261,31.0,2.98619,271,31.4,3.67726,274,43.2,3.25271,285,56.5,5.66083,278,59.0,7.57909,291,71.9,5.12315,287,67.0,5.40551,289,35.2,3.99056,306,12.9,4.4888,280,7.6,2.36843,281,8.7,3.73726,70
2023-08-03 08:00:00,16.4,973.8,6.3,0.62858,266,6.3,0.64842,266,20.0,2.35221,280,26.1,3.80364,290,26.9,4.14333,297,29.4,4.14837,293,31.1,3.79128,292,32.8,4.47641,290,39.1,7.18406,286,40.2,6.45498,281,41.1,3.90817,273,44.4,3.34307,262,45.5,3.83957,269,52.5,2.03197,285,52.9,1.97903,292,36.6,1.96245,303,23.1,1.47588,358,4.8,3.65186,309,10.1,2.20091,126
2023-08-03 09:00:00,18.0,974.3,7.6,0.62858,265,7.7,0.64842,265,15.2,2.35221,270,21.0,3.80364,280,23.9,4.14333,287,27.8,4.14837,289,29.8,3.79128,288,30.6,4.47641,287,35.3,7.18406,285,39.1,6.45498,283,37.3,3.90817,282,41.0,3.34307,269,43.4,3.83957,274,51.0,2.03197,291,54.1,1.97903,294,36.1,1.96245,300,23.5,1.47588,349,8.7,3.65186,340,8.1,2.20091,124
2023-08-03 10:00:00,19.1,974.3,8.1,0.62858,265,8.1,0.64842,265,14.9,2.35221,273,19.4,3.80364,278,24.8,4.14333,280,27.3,4.14837,280,27.4,3.79128,283,30.0,4.47641,286,33.9,7.18406,287,34.2,6.45498,290,33.3,3.90817,290,39.0,3.34307,275,40.4,3.83957,282,48.5,2.03197,293,53.1,1.97903,294,34.8,1.96245,301,23.4,1.47588,343,10.7,3.65186,348,7.0,2.20091,122
2023-08-03 11:00:00,18.1,974.3,7.0,0.62858,253,6.8,0.64842,252,14.4,2.35221,259,16.8,3.80364,264,20.8,4.14333,274,28.1,4.14837,282,28.4,3.79128,280,30.1,4.47641,286,32.6,7.18406,293,30.7,6.45498,296,30.4,3.90817,295,35.1,3.34307,282,39.6,3.83957,286,48.1,2.03197,294,51.4,1.97903,296,35.2,1.96245,302,22.7,1.47588,337,10.5,3.65186,4,5.3,2.20091,135
2023-08-03 12:00:00,17.9,974.5,6.2,0.62858,249,6.2,0.64842,248,13.2,2.35221,260,15.3,3.80364,263,17.2,4.14333,269,22.9,4.14837,282,25.1,3.79128,285,27.3,4.47641,297,28.3,7.18406,300,27.7,6.45498,297,29.0,3.90817,296,34.1,3.34307,280,46.4,3.83957,281,49.1,2.03197,294,52.4,1.97903,298,35.4,1.96245,298,24.4,1.47588,337,12.0,3.65186,30,4.3,2.20091,59
2023-08-03 13:00:00,19.9,974.4,7.2,0.62858,266,7.2,0.64842,268,12.8,2.35221,268,15.5,3.80364,268,16.9,4.14333,271,18.9,4.14837,279,21.9,3.79128,288,22.5,4.47641,301,24.6,7.18406,300,26.4,6.45498,299,29.4,3.90817,306,36.1,3.34307,308,46.5,3.83957,305,50.3,2.03197,291,50.7,1.97903,298,35.7,1.96245,296,23.7,1.47588,336,8.1,3.65186,56,7.5,2.20091,53
2023-08-03 14:00:00,21.4,974.4,6.5,0.62858,270,6.5,0.64842,270,11.6,2.35221,277,13.5,3.80364,282,15.5,4.14333,288,19.7,4.14837,300,21.0,3.79128,301,20.9,4.47641,298,22.0,7.18406,289,24.7,6.45498,295,31.0,3.90817,305,43.4,3.34307,311,52.1,3.83957,308,52.7,2.03197,295,49.1,1.97903,300,37.0,1.96245,295,22.0,1.47588,332,4.0,3.65186,68,9.7,2.20091,67
2023-08-03 15:00:00,21.4,974.4,7.7,0.62858,300,7.5,0.64842,300,13.2,2.35221,299,14.3,3.80364,299,15.5,4.14333,299,18.8,4.14837,299,20.3,3.79128,297,21.4,4.47641,290,20.3,7.18406,288,23.3,6.45498,297,31.2,3.90817,303,38.7,3.34307,304,45.1,3.83957,301,49.1,2.03197,294,49.4,1.97903,299,38.0,1.96245,298,24.4,1.47588,329,2.7,3.65186,146,10.5,2.20091,86
2023-08-03 16:00:00,18.0,974.2,6.8,0.62858,314,6.6,0.64842,312,13.6,2.35221,311,15.4,3.80364,306,16.8,4.14333,302,20.8,4.14837,299,22.9,3.79128,297,22.2,4.47641,283,20.3,7.18406,292,25.0,6.45498,297,32.3,3.90817,304,39.1,3.34307,294,43.7,3.83957,297,50.4,2.03197,295,49.4,1.97903,297,38.7,1.96245,298,25.1,1.47588,330,2.2,3.65186,270,9.0,2.20091,95
2023-08-03 17:00:00,19.4,974.4,6.8,0.62858,297,6.5,0.64842,297,12.3,2.35221,309,16.8,3.80364,313,20.2,4.14333,313,22.6,4.14837,309,24.5,3.79128,303,23.8,4.47641,290,19.8,7.18406,293,22.4,6.45498,291,29.4,3.90817,300,39.6,3.34307,290,39.6,3.83957,286,54.3,2.03197,291,48.4,1.97903,295,41.2,1.96245,305,27.3,1.47588,325,3.8,3.65186,259,10.7,2.20091,115
2023-08-04 08:00:00,13.4,980.3,7.8,0.74603,319,12.6,0.9267,322,18.9,1.70428,330,21.7,2.72684,337,22.4,3.39,342,20.3,3.81321,345,18.9,2.62274,340,20.3,1.10056,327,27.8,1.75882,325,33.6,4.66382,323,40.7,4.80111,319,48.5,6.44568,314,47.0,10.77275,312,47.0,11.75161,312,44.5,4.23483,305,31.3,3.11814,308,14.7,2.69353,345,4.7,3.63289,18,15.1,3.93205,81
2023-08-04 09:00:00,13.4,981.2,9.0,0.74603,325,14.6,0.9267,327,19.3,1.70428,331,22.6,2.72684,337,24.8,3.39,343,22.7,3.81321,346,20.7,2.62274,341,20.0,1.10056,330,26.7,1.75882,329,32.1,4.66382,324,41.3,4.80111,321,48.1,6.44568,312,46.0,10.77275,310,47.5,11.75161,312,45.9,4.23483,306,32.5,3.11814,307,14.4,2.69353,339,5.3,3.63289,352,14.2,3.93205,90
2023-08-04 10:00:00,14.0,981.5,9.4,0.74603,332,14.9,0.9267,332,18.4,1.70428,336,21.3,2.72684,342,23.6,3.39,349,24.5,3.81321,353,21.7,2.62274,347,20.2,1.10056,331,26.2,1.75882,331,31.0,4.66382,325,39.8,4.80111,322,44.8,6.44568,317,45.3,10.77275,315,47.5,11.75161,316,46.2,4.23483,308,32.3,3.11814,304,16.3,2.69353,344,10.4,3.63289,360,15.0,3.93205,96
2023-08-04 11:00:00,16.0,982.1,8.3,0.74603,333,13.2,0.9267,336,16.4,1.70428,339,18.5,2.72684,344,21.2,3.39,349,26.4,3.81321,358,21.9,2.62274,353,20.5,1.10056,332,25.7,1.75882,330,30.6,4.66382,326,41.0,4.80111,323,47.0,6.44568,324,46.5,10.77275,319,44.8,11.75161,316,47.6,4.23483,310,34.2,3.11814,306,20.3,2.69353,354,12.1,3.63289,11,12.7,3.93205,111
2023-08-04 12:00:00,17.5,982.3,9.3,0.74603,339,14.1,0.9267,340,16.9,1.70428,343,18.1,2.72684,345,19.6,3.39,349,22.8,3.81321,354,22.8,2.62274,354,21.6,1.10056,333,26.7,1.75882,329,31.5,4.66382,324,41.4,4.80111,326,48.4,6.44568,326,50.6,10.77275,323,45.9,11.75161,316,51.7,4.23483,313,35.9,3.11814,312,18.3,2.69353,12,10.4,3.63289,21,13.3,3.93205,117
2023-08-04 13:00:00,18.7,982.5,10.2,0.74603,334,14.8,0.9267,338,17.3,1.70428,341,18.0,2.72684,343,18.5,3.39,346,19.4,3.81321,352,19.4,2.62274,353,22.8,1.10056,336,28.1,1.75882,328,34.2,4.66382,324,44.7,4.80111,327,52.5,6.44568,325,56.5,10.77275,326,49.0,11.75161,314,52.2,4.23483,313,38.0,3.11814,317,16.1,2.69353,13,10.8,3.63289,34,12.1,3.93205,133
2023-08-04 14:00:00,19.1,982.6,10.0,0.74603,331,14.5,0.9267,333,16.9,1.70428,337,17.3,2.72684,340,17.4,3.39,343,17.2,3.81321,347,16.5,2.62274,348,22.8,1.10056,336,28.6,1.75882,327,36.2,4.66382,323,46.4,4.80111,323,55.0,6.44568,324,57.3,10.77275,328,53.4,11.75161,311,54.8,4.23483,315,36.7,3.11814,322,15.0,2.69353,6,9.7,3.63289,58,9.1,3.93205,145
2023-08-04 15:00:00,19.5,982.8,9.5,0.74603,341,13.8,0.9267,340,15.8,1.70428,340,16.4,2.72684,340,16.5,3.39,342,16.2,3.81321,344,15.7,2.62274,346,22.4,1.10056,336,29.3,1.75882,326,38.9,4.66382,324,48.3,4.80111,322,56.5,6.44568,326,58.5,10.77275,326,58.6,11.75161,311,57.1,4.23483,319,34.6,3.11814,323,12.0,2.69353,353,6.1,3.63289,104,7.5,3.93205,143
2023-08-04 16:00:00,19.2,982.9,8.5,0.74603,337,12.5,0.9267,338,14.5,1.70428,341,15.0,2.72684,342,15.5,3.39,342,15.9,3.81321,344,16.1,2.62274,345,21.6,1.10056,333,30.2,1.75882,324,42.5,4.66382,322,52.5,4.80111,321,60.0,6.44568,325,64.7,10.77275,322,70.7,11.75161,314,53.8,4.23483,323,30.0,3.11814,325,12.0,2.69353,353,3.7,3.63289,180,4.8,3.93205,129
2023-08-04 17:00:00,19.9,983.1,9.1,0.74603,340,12.9,0.9267,339,14.3,1.70428,337,14.8,2.72684,338,15.4,3.39,338,16.1,3.81321,342,17.2,2.62274,343,22.1,1.10056,335,31.0,1.75882,325,43.1,4.66382,323,52.1,4.80111,322,64.9,6.44568,326,79.5,10.77275,324,79.2,11.75161,318,50.8,4.23483,320,28.0,3.11814,314,12.7,2.69353,357,1.5,3.63289,360,5.3,3.93205,98
2023-08-05 08:00:00,10.1,984.7,2.1,1.386,257,5.8,1.20005,270,6.5,1.21124,274,7.9,1.18415,298,9.8,1.14412,318,10.8,1.47802,325,12.4,1.94025,321,21.0,1.29568,328,29.7,1.79617,322,37.4,0.95505,316,50.1,1.53406,314,66.2,1.14256,306,82.0,2.39629,301,88.1,4.6015,299,64.1,2.66508,310,38.1,4.73094,310,17.7,1.95573,338,6.0,2.49301,360,14.9,3.36082,87
2023-08-05 09:00:00,14.4,985.6,3.2,1.386,262,5.6,1.20005,265,10.1,1.21124,282,9.8,1.18415,302,9.4,1.14412,316,10.1,1.47802,322,13.0,1.94025,316,20.1,1.29568,324,28.6,1.79617,321,35.9,0.95505,317,48.0,1.53406,317,66.6,1.14256,304,80.5,2.39629,299,85.6,4.6015,300,65.8,2.66508,309,39.8,4.73094,308,16.0,1.95573,332,6.0,2.49301,330,14.9,3.36082,90
2023-08-05 10:00:00,18.2,986.1,4.6,1.386,281,6.2,1.20005,283,9.2,1.21124,285,10.8,1.18415,296,10.8,1.14412,307,11.0,1.47802,316,13.4,1.94025,318,19.7,1.29568,325,27.5,1.79617,321,36.4,0.95505,317,49.1,1.53406,317,67.8,1.14256,303,79.4,2.39629,298,83.9,4.6015,300,69.4,2.66508,306,42.6,4.73094,303,17.3,1.95573,335,9.0,2.49301,336,16.4,3.36082,90
2023-08-05 11:00:00,19.9,985.8,5.5,1.386,325,7.1,1.20005,322,8.0,1.21124,314,9.7,1.18415,312,11.2,1.14412,312,13.2,1.47802,313,14.9,1.94025,315,19.5,1.29568,326,26.4,1.79617,320,35.4,0.95505,318,47.5,1.53406,315,68.1,1.14256,302,79.4,2.39629,296,84.7,4.6015,297,69.7,2.66508,305,45.1,4.73094,304,16.7,1.95573,333,9.8,2.49301,351,17.3,3.36082,97
2023-08-05 12:00:00,20.7,985.5,7.1,1.386,319,9.4,1.20005,318,9.5,1.21124,315,9.7,1.18415,314,10.3,1.14412,313,12.2,1.47802,314,13.9,1.94025,312,17.7,1.29568,324,24.8,1.79617,317,35.9,0.95505,317,47.0,1.53406,313,69.1,1.14256,303,79.7,2.39629,296,82.7,4.6015,298,69.6,2.66508,301,49.2,4.73094,302,14.9,1.95573,323,8.2,2.49301,360,15.6,3.36082,107
2023-08-05 13:00:00,21.0,985.3,5.7,1.386,329,8.1,1.20005,329,9.3,1.21124,329,10.1,1.18415,325,10.4,1.14412,323,11.4,1.47802,318,12.1,1.94025,316,17.7,1.29568,324,25.5,1.79617,316,35.9,0.95505,315,45.5,1.53406,310,66.9,1.14256,301,79.5,2.39629,293,80.4,4.6015,297,67.5,2.66508,301,50.0,4.73094,303,14.0,1.95573,335,6.4,2.49301,36,11.4,3.36082,113
2023-08-05 14:00:00,21.9,985.1,5.6,1.386,299,7.5,1.20005,300,8.5,1.21124,302,9.4,1.18415,304,9.5,1.14412,305,9.9,1.47802,307,10.4,1.94025,307,17.0,1.29568,322,25.2,1.79617,315,34.8,0.95505,315,46.1,1.53406,309,68.8,1.14256,300,82.9,2.39629,292,77.1,4.6015,298,68.1,2.66508,299,52.5,4.73094,309,12.3,1.95573,335,3.3,2.49301,63,9.9,3.36082,103
2023-08-05 15:00:00,22.5,984.9,4.9,1.386,317,6.9,1.20005,312,8.4,1.21124,307,9.6,1.18415,303,10.0,1.14412,301,10.9,1.47802,298,11.1,1.94025,297,17.8,1.29568,319,24.8,1.79617,314,33.8,0.95505,311,45.3,1.53406,306,69.4,1.14256,298,86.8,2.39629,293,77.0,4.6015,296,68.7,2.66508,297,49.6,4.73094,313,13.4,1.95573,326,1.7,2.49301,297,9.4,3.36082,108
2023-08-05 16:00:00,22.8,984.5,4.8,1.386,319,6.2,1.20005,318,7.4,1.21124,308,8.1,1.18415,304,8.7,1.14412,303,9.2,1.47802,297,9.6,1.94025,295,18.3,1.29568,319,25.2,1.79617,313,35.5,0.95505,309,47.0,1.53406,306,67.8,1.14256,300,83.4,2.39629,295,74.8,4.6015,293,71.0,2.66508,295,47.5,4.73094,314,16.1,1.95573,326,5.3,2.49301,352,9.7,3.36082,113
2023-08-05 17:00:00,22.8,984.0,4.4,1.386,315,5.9,1.20005,318,6.7,1.21124,319,6.9,1.18415,316,7.2,1.14412,314,8.0,1.47802,302,8.9,1.94025,295,18.1,1.29568,320,24.5,1.79617,312,36.1,0.95505,308,46.4,1.53406,307,69.2,1.14256,300,82.4,2.39629,296,76.1,4.6015,294,73.7,2.66508,297,43.8,4.73094,312,18.2,1.95573,325,7.5,2.49301,354,8.3,3.36082,100
2023-08-06 08:00:00,11.9,981.5,2.2,0.66533,174,8.0,1.44025,210,5.3,0.70404,234,3.3,0.8787,266,4.2,0.99331,300,6.5,1.11201,308,5.0,0.75609,338,11.3,2.10386,288,15.7,0.88726,299,24.7,1.56574,295,44.5,3.37654,279,60.2,2.33038,285,75.7,1.78001,289,75.3,1.18021,281,72.4,8.47171,287,45.9,2.87868,306,19.1,1.14547,329,6.1,1.48343,14,19.7,4.96091,65
2023-08-06 09:00:00,16.4,982.1,2.9,0.66533,184,4.1,1.44025,196,5.1,0.70404,225,3.1,0.8787,235,2.6,0.99331,270,5.4,1.11201,288,2.7,0.75609,291,10.9,2.10386,287,14.2,0.88726,291,23.4,1.56574,287,45.9,3.37654,277,59.2,2.33038,281,74.6,1.78001,282,76.3,1.18021,279,71.0,8.47171,287,42.0,2.87868,303,20.1,1.14547,321,9.1,1.48343,351,21.0,4.96091,73
2023-08-06 10:00:00,20.2,982.2,2.9,0.66533,176,3.7,1.44025,180,5.1,0.70404,199,4.4,0.8787,204,2.8,0.99331,221,4.0,1.11201,266,3.2,0.75609,259,11.1,2.10386,290,14.3,0.88726,287,22.8,1.56574,281,47.9,3.37654,275,62.6,2.33038,279,72.9,1.78001,277,74.5,1.18021,277,68.4,8.47171,286,42.5,2.87868,301,21.1,1.14547,328,8.7,1.48343,340,19.6,4.96091,81
2023-08-06 11:00:00,22.2,982.1,3.3,0.66533,164,4.3,1.44025,164,5.2,0.70404,167,5.2,0.8787,166,4.5,0.99331,170,3.2,1.11201,232,3.8,0.75609,246,9.7,2.10386,299,13.5,0.88726,281,22.4,1.56574,274,47.0,3.37654,269,64.9,2.33038,272,71.6,1.78001,269,73.9,1.18021,273,64.6,8.47171,284,40.7,2.87868,298,20.9,1.14547,325,7.3,1.48343,336,17.9,4.96091,90
2023-08-06 12:00:00,23.5,981.9,3.4,0.66533,148,4.3,1.44025,151,4.3,0.70404,161,4.1,0.8787,169,3.7,0.99331,176,2.8,1.11201,217,3.5,0.75609,255,7.8,2.10386,303,13.8,0.88726,274,22.6,1.56574,262,44.8,3.37654,268,61.9,2.33038,269,71.8,1.78001,266,73.8,1.18021,271,60.3,8.47171,282,38.7,2.87868,295,20.6,1.14547,316,9.1,1.48343,351,18.8,4.96091,97
2023-08-06 13:00:00,24.3,981.5,2.9,0.66533,176,3.7,1.44025,180,4.3,0.70404,180,4.5,0.8787,183,4.5,0.99331,187,4.1,1.11201,205,4.0,0.75609,247,7.3,2.10386,302,14.8,0.88726,272,25.6,1.56574,262,42.5,3.37654,268,66.5,2.33038,266,72.1,1.78001,263,76.5,1.18021,264,57.4,8.47171,279,39.1,2.87868,294,21.2,1.14547,321,8.2,1.48343,5,17.9,4.96091,107
2023-08-06 14:00:00,24.8,981.0,4.7,0.66533,177,5.6,1.44025,178,6.0,0.70404,185,6.1,0.8787,189,5.9,0.99331,193,5.5,1.11201,201,4.9,0.75609,220,5.9,2.10386,281,15.8,0.88726,266,26.4,1.56574,262,39.6,3.37654,267,60.4,2.33038,261,73.2,1.78001,261,74.1,1.18021,265,54.8,8.47171,276,38.0,2.87868,290,23.0,1.14547,324,8.5,1.48343,345,14.2,4.96091,133
2023-08-06 15:00:00,25.4,980.7,2.9,0.66533,189,3.7,1.44025,187,4.7,0.70404,192,4.9,0.8787,195,5.2,0.99331,198,5.1,1.11201,207,4.4,0.75609,219,6.7,2.10386,283,15.8,0.88726,268,25.6,1.56574,262,39.1,3.37654,262,59.5,2.33038,255,71.6,1.78001,262,74.7,1.18021,258,53.0,8.47171,272,37.7,2.87868,288,22.8,1.14547,322,8.2,1.48343,355,11.1,4.96091,138
2023-08-06 16:00:00,25.8,980.4,2.8,0.66533,198,3.4,1.44025,196,4.1,0.70404,201,4.3,0.8787,201,4.4,0.99331,201,4.6,1.11201,202,4.3,0.75609,210,6.6,2.10386,277,15.8,0.88726,270,24.0,1.56574,263,40.6,3.37654,263,61.9,2.33038,255,70.0,1.78001,256,77.2,1.18021,250,50.8,8.47171,267,37.0,2.87868,289,21.2,1.14547,309,4.5,1.48343,360,7.3,4.96091,114
2023-08-06 17:00:00,25.5,980.0,2.6,0.66533,160,3.1,1.44025,167,3.6,0.70404,180,4.0,0.8787,184,4.2,0.99331,187,4.7,1.11201,194,4.7,0.75609,203,6.9,2.10386,270,14.8,0.88726,272,21.9,1.56574,260,39.0,3.37654,265,61.7,2.33038,258,70.3,1.78001,251,74.9,1.18021,248,49.4,8.47171,266,37.1,2.87868,285,21.1,1.14547,318,6.8,1.48343,6,8.7,4.96091,70
2023-08-07 08:00:00,15.6,976.5,2.4,1.51983,146,4.0,1.56503,144,4.6,1.38788,141,4.6,1.06792,139,4.8,0.68678,144,4.0,1.15321,141,3.8,1.4418,125,4.2,1.51965,90,0.7,1.95474,135,10.9,2.40067,254,38.1,6.23539,230,50.6,6.84492,225,52.2,4.68041,224,56.5,2.66268,221,38.0,2.51752,227,23.0,1.46909,257,11.1,1.95494,312,6.0,1.41264,300,11.9,0.86801,90
2023-08-07 09:00:00,16.9,976.6,1.3,1.51983,135,1.3,1.56503,135,4.3,1.38788,128,5.5,1.06792,126,6.0,0.68678,124,5.2,1.15321,112,5.2,1.4418,107,6.1,1.51965,108,2.3,1.95474,117,9.1,2.40067,261,33.5,6.23539,238,53.7,6.84492,218,60.2,4.68041,214,54.3,2.66268,217,39.6,2.51752,227,20.1,1.46909,255,7.5,1.95494,307,4.5,1.41264,261,13.4,0.86801,93
2023-08-07 10:00:00,19.1,977.0,0.5,1.51983,117,0.5,1.56503,117,1.7,1.38788,98,2.8,1.06792,105,4.4,0.68678,107,6.6,1.15321,100,5.6,1.4418,93,6.1,1.51965,125,2.6,1.95474,101,6.9,2.40067,283,27.7,6.23539,243,53.2,6.84492,217,59.8,4.68041,209,53.2,2.66268,217,39.1,2.51752,235,19.4,1.46909,247,4.3,1.95494,301,5.3,1.41264,315,12.1,0.86801,101
2023-08-07 11:00:00,21.9,977.0,2.6,1.51983,160,2.7,1.56503,160,2.9,1.38788,145,2.7,1.06792,131,3.5,0.68678,117,6.9,1.15321,99,6.8,1.4418,93,5.5,1.51965,115,3.0,1.95474,59,5.7,2.40067,293,24.6,6.23539,235,51.5,6.84492,214,59.4,4.68041,204,53.8,2.66268,217,37.9,2.51752,234,20.0,1.46909,243,5.4,1.95494,304,2.7,1.41264,326,11.4,0.86801,101
2023-08-07 12:00:00,23.3,976.7,3.1,1.51983,180,3.3,1.56503,176,4.2,1.38788,167,4.0,1.06792,158,4.5,0.68678,144,7.0,1.15321,117,8.0,1.4418,111,3.9,1.51965,101,4.4,1.95474,36,5.4,2.40067,304,25.7,6.23539,234,49.7,6.84492,208,57.1,4.68041,204,55.7,2.66268,215,37.0,2.51752,236,20.5,1.46909,237,4.7,1.95494,252,3.0,1.41264,180,12.3,0.86801,104
2023-08-07 13:00:00,23.6,976.5,4.2,1.51983,148,4.7,1.56503,147,5.7,1.38788,144,5.5,1.06792,144,5.4,0.68678,141,6.1,1.15321,124,7.9,1.4418,108,5.2,1.51965,73,5.1,1.95474,37,4.0,2.40067,292,24.5,6.23539,232,49.4,6.84492,209,57.1,4.68041,197,60.2,2.66268,214,36.4,2.51752,235,20.7,1.46909,232,5.4,1.95494,254,2.7,1.41264,214,12.3,0.86801,104
2023-08-07 14:00:00,24.1,976.2,3.8,1.51983,111,4.0,1.56503,111,5.2,1.38788,112,4.9,1.06792,114,4.8,0.68678,112,4.7,1.15321,107,5.4,1.4418,100,6.0,1.51965,63,5.4,1.95474,41,3.3,2.40067,297,22.1,6.23539,237,45.5,6.84492,212,54.9,4.68041,198,58.7,2.66268,213,34.6,2.51752,233,22.4,1.46909,233,5.0,1.95494,243,3.7,1.41264,180,10.1,0.86801,73
2023-08-07 15:00:00,24.4,976.0,3.2,1.51983,102,3.3,1.56503,102,4.4,1.38788,96,4.5,1.06792,93,4.7,0.68678,90,4.3,1.15321,86,4.7,1.4418,86,6.9,1.51965,52,5.8,1.95474,38,3.8,2.40067,281,21.7,6.23539,239,40.4,6.84492,210,53.5,4.68041,199,60.0,2.66268,212,33.7,2.51752,235,22.2,1.46909,230,6.4,1.95494,216,4.5,1.41264,189,11.1,0.86801,70
2023-08-07 16:00:00,24.2,975.7,3.0,1.51983,107,2.9,1.56503,108,4.1,1.38788,93,4.3,1.06792,87,4.2,0.68678,79,4.2,1.15321,70,4.2,1.4418,63,7.9,1.51965,47,6.4,1.95474,29,5.3,2.40067,278,19.7,6.23539,245,36.8,6.84492,216,49.4,4.68041,207,56.9,2.66268,214,32.3,2.51752,230,23.7,1.46909,226,6.4,1.95494,234,4.7,1.41264,198,12.1,0.86801,79
2023-08-07 17:00:00,23.8,975.5,6.0,1.51983,124,5.9,1.56503,124,6.7,1.38788,111,5.8,1.06792,97,5.2,0.68678,87,5.1,1.15321,63,5.3,1.4418,45,8.8,1.51965,38,6.4,1.95474,18,6.7,2.40067,270,17.7,6.23539,248,35.0,6.84492,214,46.2,4.68041,211,59.8,2.66268,213,33.7,2.51752,225,22.4,1.46909,233,6.0,1.95494,240,6.9,1.41264,221,12.0,0.86801,86
2023-08-08 08:00:00,11.0,973.8,2.3,1.0461,253,2.4,1.05935,253,3.5,1.40776,236,2.1,1.90543,76,3.9,1.7396,4,12.7,1.83548,339,14.3,1.51441,342,17.3,1.2354,328,11.2,0.91652,313,13.0,2.41314,294,27.7,2.47781,265,47.9,7.82546,233,54.8,9.29243,226,41.7,3.09604,221,25.4,1.42267,230,21.3,4.15881,216,7.5,1.85128,186,3.3,2.55943,207,15.1,4.13924,81
2023-08-08 09:00:00,15.9,974.6,4.0,1.0461,251,4.0,1.05935,249,6.9,1.40776,256,6.2,1.90543,286,7.7,1.7396,315,10.8,1.83548,340,14.8,1.51441,340,16.8,1.2354,323,11.9,0.91652,301,12.3,2.41314,295,23.1,2.47781,268,45.8,7.82546,233,53.8,9.29243,226,40.2,3.09604,220,24.9,1.42267,231,22.7,4.15881,221,6.9,1.85128,193,1.5,2.55943,270,15.7,4.13924,85
2023-08-08 10:00:00,19.1,974.9,4.1,1.0461,264,4.0,1.05935,263,6.3,1.40776,270,7.1,1.90543,278,6.7,1.7396,306,11.2,1.83548,339,14.7,1.51441,342,16.8,1.2354,323,12.3,0.91652,294,12.5,2.41314,287,20.9,2.47781,268,43.1,7.82546,233,51.7,9.29243,226,39.6,3.09604,221,25.4,1.42267,230,23.2,4.15881,228,5.7,1.85128,203,3.8,2.55943,101,15.7,4.13924,85
2023-08-08 11:00:00,20.5,974.8,4.0,1.0461,273,3.9,1.05935,273,6.5,1.40776,276,7.6,1.90543,281,9.4,1.7396,298,11.5,1.83548,332,13.0,1.51441,339,15.4,1.2354,323,12.1,0.91652,292,12.0,2.41314,277,19.5,2.47781,263,41.6,7.82546,234,52.4,9.29243,230,37.5,3.09604,227,26.0,1.42267,231,24.0,4.15881,234,5.7,1.85128,203,3.0,2.55943,90,17.3,4.13924,97
2023-08-08 12:00:00,22.6,974.8,2.5,1.0461,275,2.6,1.05935,275,5.2,1.40776,283,6.6,1.90543,290,8.4,1.7396,304,13.5,1.83548,330,13.6,1.51441,333,14.5,1.2354,318,12.4,0.91652,289,14.2,2.41314,276,19.7,2.47781,259,40.9,7.82546,232,53.3,9.29243,227,35.8,3.09604,234,23.9,1.42267,231,22.5,4.15881,236,5.4,1.85128,214,8.0,2.55943,112,15.0,4.13924,117
2023-08-08 13:00:00,23.7,974.3,3.4,1.0461,262,3.3,1.05935,262,4.8,1.40776,276,5.4,1.90543,283,5.7,1.7396,294,8.2,1.83548,326,12.0,1.51441,332,14.7,1.2354,313,13.5,0.91652,290,15.7,2.41314,275,21.1,2.47781,262,41.2,7.82546,238,53.5,9.29243,230,36.0,3.09604,230,26.6,1.42267,232,19.4,4.15881,247,5.4,1.85128,254,7.8,2.55943,107,11.2,4.13924,127
2023-08-08 14:00:00,25.1,973.9,4.6,1.0461,284,4.6,1.05935,285,6.6,1.40776,280,7.1,1.90543,280,7.3,1.7396,285,8.0,1.83548,297,11.9,1.51441,321,15.1,1.2354,308,12.4,0.91652,289,15.0,2.41314,276,19.7,2.47781,259,36.4,7.82546,244,49.8,9.29243,235,35.6,3.09604,233,26.4,1.42267,227,13.7,4.15881,241,6.0,1.85128,240,7.4,2.55943,135,13.0,4.13924,121
2023-08-08 15:00:00,25.3,973.5,4.7,1.0461,265,4.6,1.05935,267,7.3,1.40776,278,8.1,1.90543,286,8.9,1.7396,291,9.6,1.83548,298,12.4,1.51441,309,16.2,1.2354,303,11.7,0.91652,288,15.7,2.41314,273,20.6,2.47781,257,33.0,7.82546,252,47.4,9.29243,237,36.5,3.09604,229,28.6,1.42267,229,12.7,4.15881,242,9.1,1.85128,235,9.1,2.55943,171,10.5,4.13924,135
2023-08-08 16:00:00,25.9,973.4,5.8,1.0461,268,6.0,1.05935,268,8.2,1.40776,272,8.5,1.90543,275,8.7,1.7396,279,9.1,1.83548,284,10.3,1.51441,295,18.1,1.2354,297,10.0,0.91652,285,17.2,2.41314,275,21.7,2.47781,264,28.6,7.82546,263,38.2,9.29243,249,34.0,3.09604,232,28.1,1.42267,230,15.1,4.15881,213,10.1,1.85128,234,5.4,2.55943,196,6.3,4.13924,135
2023-08-08 17:00:00,25.1,973.3,4.5,1.0461,267,4.6,1.05935,267,7.5,1.40776,270,8.5,1.90543,272,9.1,1.7396,273,9.7,1.83548,278,11.3,1.51441,286,17.3,1.2354,291,11.5,0.91652,283,19.5,2.41314,277,23.2,2.47781,264,23.2,7.82546,266,25.5,9.29243,263,31.2,3.09604,237,25.5,1.42267,232,19.1,4.15881,219,9.7,1.85128,238,4.5,2.55943,180,5.2,4.13924,90
2023-08-09 08:00:00,14.7,970.6,3.9,1.42318,211,4.1,1.33267,211,14.7,1.81977,242,15.4,2.42304,248,16.1,2.28961,252,17.9,1.74941,258,19.1,2.76196,258,20.3,4.66272,261,22.8,2.28619,258,25.9,2.55145,252,29.7,7.3738,245,33.1,8.69263,247,44.2,8.82106,264,41.4,3.59345,240,33.0,2.41946,245,18.2,2.91595,235,7.5,4.57409,276,4.2,1.45224,45,9.7,1.79941,86
2023-08-09 09:00:00,18.0,970.9,6.2,1.42318,240,6.1,1.33267,241,13.8,1.81977,241,18.7,2.42304,244,18.3,2.28961,242,17.4,1.74941,242,19.0,2.76196,249,18.5,4.66272,259,22.4,2.28619,253,27.1,2.55145,249,33.0,7.3738,242,39.9,8.69263,237,49.0,8.82106,257,45.9,3.59345,238,32.7,2.41946,243,18.8,2.91595,236,8.5,4.57409,285,5.3,1.45224,98,12.1,1.79941,79
2023-08-09 10:00:00,20.0,971.0,8.5,1.42318,252,8.3,1.33267,252,14.6,1.81977,253,17.1,2.42304,255,19.9,2.28961,256,18.9,1.74941,244,18.5,2.76196,245,18.3,4.66272,252,22.9,2.28619,249,26.4,2.55145,245,37.1,7.3738,240,45.7,8.69263,236,50.5,8.82106,248,47.8,3.59345,236,33.3,2.41946,243,18.2,2.91595,235,8.3,4.57409,297,5.8,1.45224,140,12.8,1.79941,83
2023-08-09 11:00:00,20.4,970.6,7.5,1.42318,258,7.6,1.33267,258,12.8,1.81977,258,14.6,2.42304,258,17.8,2.28961,259,21.8,1.74941,252,21.3,2.76196,247,19.8,4.66272,243,24.3,2.28619,241,30.2,2.55145,237,41.0,7.3738,237,48.3,8.69263,232,56.4,8.82106,241,49.5,3.59345,233,31.7,2.41946,240,23.8,2.91595,229,7.4,4.57409,315,6.9,1.45224,131,9.7,1.79941,94
2023-08-09 12:00:00,19.8,970.5,6.0,1.42318,248,6.0,1.33267,247,10.5,1.81977,247,12.7,2.42304,248,14.9,2.28961,251,23.1,1.74941,248,25.0,2.76196,243,21.3,4.66272,238,26.5,2.28619,238,31.9,2.55145,233,43.9,7.3738,235,51.9,8.69263,231,56.4,8.82106,233,49.1,3.59345,234,31.6,2.41946,236,24.4,2.91595,239,3.7,4.57409,307,6.1,1.45224,166,12.1,1.79941,101
2023-08-09 13:00:00,20.1,970.1,6.2,1.42318,210,6.1,1.33267,209,9.2,1.81977,223,10.5,2.42304,234,12.0,2.28961,240,19.0,1.74941,247,24.0,2.76196,243,22.4,4.66272,243,27.1,2.28619,242,32.8,2.55145,231,47.4,7.3738,233,57.5,8.69263,226,61.1,8.82106,232,53.1,3.59345,232,36.0,2.41946,230,22.8,2.91595,238,0.0,4.57409,270,5.3,1.45224,172,11.8,1.79941,108
2023-08-09 14:00:00,22.5,970.0,7.0,1.42318,222,6.9,1.33267,222,10.9,1.81977,227,12.3,2.42304,232,14.6,2.28961,237,20.9,1.74941,245,24.4,2.76196,251,23.7,4.66272,251,25.7,2.28619,243,31.5,2.55145,234,50.9,7.3738,231,57.0,8.69263,222,62.5,8.82106,234,53.6,3.59345,238,36.2,2.41946,233,21.4,2.91595,241,7.5,4.57409,180,3.8,1.45224,169,11.1,1.79941,110
2023-08-09 15:00:00,23.2,969.3,8.8,1.42318,210,8.6,1.33267,211,13.1,1.81977,216,13.8,2.42304,221,14.5,2.28961,224,19.7,1.74941,238,24.5,2.76196,248,28.4,4.66272,249,26.4,2.28619,242,32.5,2.55145,238,50.0,7.3738,237,59.1,8.69263,226,67.7,8.82106,242,51.7,3.59345,242,38.7,2.41946,236,22.5,2.91595,236,9.7,4.57409,203,3.1,1.45224,166,9.0,1.79941,114
2023-08-09 16:00:00,24.4,968.7,7.8,1.42318,219,7.7,1.33267,219,12.5,1.81977,220,13.8,2.42304,224,15.1,2.28961,226,19.7,1.74941,234,25.6,2.76196,243,30.5,4.66272,244,28.7,2.28619,240,30.7,2.55145,241,47.8,7.3738,239,57.2,8.69263,230,68.5,8.82106,248,48.5,3.59345,239,37.0,2.41946,236,25.7,2.91595,234,12.8,4.57409,216,3.7,1.45224,180,6.9,1.79941,103
2023-08-09 17:00:00,23.5,968.3,7.2,1.42318,219,7.2,1.33267,220,13.5,1.81977,219,16.1,2.42304,222,17.1,2.28961,224,19.0,1.74941,232,23.8,2.76196,243,29.9,4.66272,248,28.2,2.28619,242,30.1,2.55145,247,47.4,7.3738,240,55.5,8.69263,234,69.7,8.82106,249,47.6,3.59345,238,35.2,2.41946,234,25.7,2.91595,244,16.9,4.57409,229,7.5,1.45224,186,11.1,1.79941,70
2023-08-10 08:00:00,12.7,967.5,3.6,1.48563,277,3.5,1.55692,278,10.8,1.23036,299,12.4,0.60882,313,10.5,0.94522,310,9.3,1.63081,293,9.8,2.38935,281,13.6,3.04893,277,17.9,1.60762,250,25.9,3.50549,237,34.6,5.95636,233,49.7,10.56197,221,45.9,8.96388,227,37.8,5.31707,248,27.4,1.47441,248,25.9,2.65751,252,9.0,1.85652,246,8.4,2.26483,225,16.4,3.58893,93
2023-08-10 09:00:00,14.9,968.2,5.9,1.48563,288,5.6,1.55692,287,9.1,1.23036,292,11.9,0.60882,298,12.1,0.94522,298,10.9,1.63081,287,11.0,2.38935,280,12.0,3.04893,266,16.2,1.60762,250,24.2,3.50549,236,31.0,5.95636,235,46.4,10.56197,225,44.5,8.96388,230,36.1,5.31707,248,28.0,1.47441,245,25.9,2.65751,258,10.7,1.85652,245,4.3,2.26483,239,17.9,3.58893,88
2023-08-10 10:00:00,16.5,968.3,6.7,1.48563,291,6.7,1.55692,290,11.0,1.23036,293,12.2,0.60882,296,13.5,0.94522,295,12.7,1.63081,287,12.2,2.38935,277,12.1,3.04893,263,14.6,1.60762,250,21.1,3.50549,238,29.4,5.95636,234,37.7,10.56197,232,36.4,8.96388,239,34.0,5.31707,251,29.4,1.47441,246,26.0,2.65751,257,8.5,1.85652,255,3.8,2.26483,191,18.7,3.58893,95
2023-08-10 11:00:00,18.2,968.5,8.2,1.48563,296,8.3,1.55692,297,11.9,1.23036,298,12.4,0.60882,298,12.3,0.94522,298,12.7,1.63081,291,11.6,2.38935,279,10.8,3.04893,266,13.3,1.60762,252,19.4,3.50549,238,28.2,5.95636,233,35.9,10.56197,228,35.0,8.96388,236,33.5,5.31707,253,30.2,1.47441,250,23.4,2.65751,261,6.7,1.85652,270,5.3,2.26483,188,18.7,3.58893,113
2023-08-10 12:00:00,17.0,969.2,8.8,1.48563,297,8.9,1.55692,298,13.5,1.23036,299,13.4,0.60882,299,13.3,0.94522,298,13.1,1.63081,294,13.4,2.38935,288,9.3,3.04893,263,12.2,1.60762,253,20.0,3.50549,243,29.0,5.95636,235,35.9,10.56197,225,33.4,8.96388,241,29.5,5.31707,249,27.4,1.47441,253,19.6,2.65751,261,6.4,1.85652,249,6.0,2.26483,210,16.4,3.58893,129
2023-08-10 13:00:00,16.1,969.0,7.6,1.48563,289,7.8,1.55692,289,11.6,1.23036,291,12.0,0.60882,291,12.3,0.94522,291,12.4,1.63081,287,10.3,2.38935,277,8.7,3.04893,238,14.0,1.60762,251,19.8,3.50549,250,25.4,5.95636,242,27.9,10.56197,236,25.5,8.96388,255,26.6,5.31707,252,26.2,1.47441,255,18.7,2.65751,247,6.4,1.85652,234,3.0,2.26483,180,13.7,3.58893,139
2023-08-10 14:00:00,17.2,968.9,6.5,1.48563,272,6.5,1.55692,272,9.9,1.23036,277,11.2,0.60882,280,11.9,0.94522,281,13.5,1.63081,278,14.0,2.38935,267,12.8,3.04893,241,15.0,1.60762,252,17.9,3.50549,253,22.3,5.95636,244,26.5,10.56197,238,22.8,8.96388,259,25.5,5.31707,255,27.5,1.47441,257,21.4,2.65751,241,4.0,1.85652,248,8.2,2.26483,175,11.8,3.58893,125
2023-08-10 15:00:00,18.5,969.0,7.6,1.48563,291,7.6,1.55692,290,11.9,1.23036,289,12.9,0.60882,288,13.1,0.94522,287,13.7,1.63081,284,15.0,2.38935,276,15.7,3.04893,253,15.7,1.60762,257,16.8,3.50549,257,19.6,5.95636,252,24.0,10.56197,244,21.0,8.96388,264,24.0,5.31707,263,26.1,1.47441,267,21.7,2.65751,243,6.0,1.85652,240,9.0,2.26483,185,10.4,3.58893,120
2023-08-10 16:00:00,17.9,968.9,8.1,1.48563,284,7.9,1.55692,285,12.2,1.23036,288,12.8,0.60882,291,13.2,0.94522,292,13.7,1.63081,292,15.3,2.38935,288,17.0,3.04893,270,15.8,1.60762,264,15.8,3.50549,262,17.7,5.95636,255,20.8,10.56197,249,23.1,8.96388,272,23.2,5.31707,266,25.4,1.47441,270,21.5,2.65751,250,6.9,1.85652,221,9.1,2.26483,215,9.9,3.58893,103
2023-08-10 17:00:00,18.9,968.8,7.4,1.48563,284,7.4,1.55692,284,11.5,1.23036,290,12.6,0.60882,295,13.5,0.94522,298,15.2,1.63081,301,17.1,2.38935,303,17.6,3.04893,285,14.3,1.60762,276,14.9,3.50549,270,17.4,5.95636,260,18.4,10.56197,256,27.7,8.96388,275,26.1,5.31707,273,26.9,1.47441,272,21.2,2.65751,252,6.4,1.85652,216,5.4,2.26483,214,10.5,3.58893,98
2023-08-11 08:00:00,12.3,974.1,6.1,1.62512,303,6.0,1.63873,302,12.6,3.94129,325,15.2,4.73751,335,15.5,4.80075,337,17.4,4.50344,338,18.4,5.37898,330,19.6,3.63356,315,24.5,3.04675,317,29.8,2.25559,323,48.4,8.63085,326,81.3,16.37113,325,80.4,12.89255,323,95.8,18.20409,310,32.3,3.84621,296,22.6,2.04407,278,4.5,2.6655,9,3.3,2.21833,153,15.9,3.29113,101
2023-08-11 09:00:00,12.5,974.7,5.7,1.62512,291,5.9,1.63873,291,12.0,3.94129,300,13.9,4.73751,306,13.6,4.80075,317,10.8,4.50344,337,16.3,5.37898,342,17.9,3.63356,323,24.1,3.04675,318,28.5,2.25559,317,51.5,8.63085,321,73.3,16.37113,322,74.9,12.89255,314,90.8,18.20409,312,33.7,3.84621,295,21.9,2.04407,280,2.1,2.6655,45,3.8,2.21833,169,15.1,3.29113,110
2023-08-11 10:00:00,12.2,974.7,5.4,1.62512,312,5.6,1.63873,312,9.9,3.94129,309,11.6,4.73751,307,12.2,4.80075,308,11.4,4.50344,325,15.2,5.37898,343,16.2,3.63356,327,22.3,3.04675,313,27.0,2.25559,309,50.6,8.63085,316,63.8,16.37113,314,71.8,12.89255,303,81.9,18.20409,311,36.8,3.84621,291,22.1,2.04407,282,3.1,2.6655,104,3.7,2.21833,180,16.8,3.29113,111
2023-08-11 11:00:00,13.1,975.6,5.2,1.62512,301,5.7,1.63873,302,8.7,3.94129,302,9.9,4.73751,300,10.9,4.80075,298,9.9,4.50344,307,11.6,5.37898,340,12.6,3.63356,317,20.2,3.04675,304,24.8,2.25559,303,47.0,8.63085,312,59.0,16.37113,302,69.0,12.89255,298,73.8,18.20409,308,41.0,3.84621,289,19.4,2.04407,286,6.4,2.6655,159,3.8,2.21833,169,16.1,3.29113,112
2023-08-11 12:00:00,14.4,975.4,4.8,1.62512,304,5.1,1.63873,306,8.0,3.94129,303,9.3,4.73751,301,9.9,4.80075,300,9.9,4.50344,307,9.2,5.37898,340,11.7,3.63356,304,19.3,3.04675,297,24.3,2.25559,297,42.7,8.63085,306,56.0,16.37113,295,67.4,12.89255,295,68.8,18.20409,307,44.1,3.84621,289,17.2,2.04407,275,8.2,2.6655,185,3.3,2.21833,153,13.9,3.29113,126
2023-08-11 13:00:00,15.3,975.2,3.5,1.62512,333,3.8,1.63873,335,5.5,3.94129,322,6.4,4.73751,315,6.8,4.80075,313,7.6,4.50344,315,7.1,5.37898,331,11.4,3.63356,294,17.9,3.04675,285,25.0,2.25559,287,37.1,8.63085,300,47.4,16.37113,294,61.6,12.89255,291,58.0,18.20409,296,42.0,3.84621,282,20.1,2.04407,272,7.8,2.6655,163,2.7,2.21833,124,12.7,3.29113,135
2023-08-11 14:00:00,17.2,975.3,2.2,1.62512,323,2.5,1.63873,319,4.1,3.94129,320,4.8,4.73751,317,5.2,4.80075,315,5.4,4.50344,313,5.5,5.37898,322,10.7,3.63356,296,17.6,3.04675,282,24.4,2.25559,282,34.8,8.63085,293,42.4,16.37113,288,55.2,12.89255,286,53.3,18.20409,288,42.4,3.84621,280,17.9,2.04407,272,8.3,2.6655,190,4.3,2.21833,149,15.1,3.29113,123
2023-08-11 15:00:00,18.2,975.5,2.9,1.62512,219,3.0,1.63873,219,3.1,3.94129,238,2.9,4.73751,250,2.6,4.80075,264,2.9,4.50344,281,3.9,5.37898,299,10.4,3.63356,285,17.9,3.04675,275,24.8,2.25559,277,33.5,8.63085,282,36.3,16.37113,279,50.2,12.89255,275,51.6,18.20409,281,40.5,3.84621,276,17.3,2.04407,263,8.5,2.6655,218,8.2,2.21833,175,11.6,3.29113,135
2023-08-11 16:00:00,18.7,975.6,1.8,1.62512,150,1.9,1.63873,150,1.8,3.94129,203,2.7,4.73751,229,3.3,4.80075,241,4.1,4.50344,254,4.7,5.37898,262,9.3,3.63356,272,16.3,3.04675,266,23.9,2.25559,270,30.7,8.63085,276,34.4,16.37113,266,43.5,12.89255,264,49.2,18.20409,272,38.8,3.84621,272,20.2,2.04407,266,8.1,2.6655,236,8.0,2.21833,202,9.9,3.29113,167
2023-08-11 17:00:00,19.2,975.3,2.3,1.62512,169,2.4,1.63873,169,2.7,3.94129,175,2.5,4.73751,186,2.5,4.80075,198,3.5,4.50344,241,4.8,5.37898,259,9.7,3.63356,265,16.3,3.04675,265,22.4,2.25559,268,28.3,8.63085,270,36.6,16.37113,258,45.0,12.89255,258,44.8,18.20409,267,37.4,3.84621,267,21.7,2.04407,264,10.4,2.6655,249,8.0,2.21833,202,6.3,3.29113,135
2023-08-12 08:00:00,14.0,973.3,4.3,1.0005,81,4.0,1.08853,80,11.6,2.09976,94,14.0,1.8981,109,15.2,1.24793,117,16.8,3.03734,126,16.5,5.68194,136,10.6,2.40483,190,14.1,2.48095,206,17.2,4.0492,198,26.8,6.21489,193,36.2,4.73807,194,42.5,14.08394,195,39.0,6.95005,206,35.1,1.34367,253,24.7,3.56852,273,9.3,2.56593,241,5.3,1.4703,188,11.0,2.94326,118
2023-08-12 09:00:00,14.1,973.3,4.2,1.0005,54,4.1,1.08853,52,8.0,2.09976,83,10.8,1.8981,109,12.9,1.24793,120,17.0,3.03734,123,18.3,5.68194,129,9.6,2.40483,182,12.4,2.48095,199,16.8,4.0492,193,25.0,6.21489,197,37.6,4.73807,187,47.2,14.08394,192,38.5,6.95005,212,34.2,1.34367,254,22.4,3.56852,268,12.3,2.56593,245,3.1,1.4703,194,8.5,2.94326,128
2023-08-12 10:00:00,14.6,973.2,4.3,1.0005,51,4.1,1.08853,52,7.7,2.09976,64,10.3,1.8981,96,12.8,1.24793,110,16.2,3.03734,119,17.3,5.68194,126,8.5,2.40483,175,11.6,2.48095,195,16.6,4.0492,188,21.2,6.21489,198,37.3,4.73807,180,51.3,14.08394,188,33.0,6.95005,218,32.6,1.34367,254,23.2,3.56852,264,12.0,2.56593,248,2.7,1.4703,214,8.7,2.94326,121
2023-08-12 11:00:00,15.3,972.7,6.4,1.0005,70,6.4,1.08853,71,10.3,2.09976,74,11.5,1.8981,88,13.6,1.24793,103,18.2,3.03734,116,18.6,5.68194,123,9.5,2.40483,168,11.8,2.48095,187,13.5,4.0492,186,15.2,6.21489,191,36.6,4.73807,176,70.9,14.08394,182,26.9,6.95005,228,31.2,1.34367,249,24.9,3.56852,261,15.8,2.56593,251,3.3,1.4703,207,9.0,2.94326,95
2023-08-12 12:00:00,15.3,972.7,6.0,1.0005,75,6.2,1.08853,75,11.2,2.09976,80,12.8,1.8981,86,14.9,1.24793,97,17.6,3.03734,109,17.6,5.68194,126,7.1,2.40483,167,9.7,2.48095,180,11.3,4.0492,188,14.3,6.21489,189,39.1,4.73807,167,68.6,14.08394,179,24.3,6.95005,225,32.3,1.34367,244,23.4,3.56852,261,16.8,2.56593,257,3.7,1.4703,217,10.4,2.94326,90
2023-08-12 13:00:00,15.4,972.6,5.4,1.0005,81,5.4,1.08853,80,10.2,2.09976,83,12.5,1.8981,90,15.4,1.24793,101,18.5,3.03734,113,16.4,5.68194,129,7.0,2.40483,161,8.2,2.48095,176,9.9,4.0492,193,12.7,6.21489,180,35.7,4.73807,169,66.6,14.08394,175,24.8,6.95005,224,32.7,1.34367,246,24.8,3.56852,254,15.8,2.56593,262,4.0,1.4703,202,12.7,2.94326,90
2023-08-12 14:00:00,15.4,972.5,6.1,1.0005,73,6.3,1.08853,73,11.1,2.09976,77,13.3,1.8981,86,14.9,1.24793,96,15.9,3.03734,112,12.7,5.68194,137,6.5,2.40483,163,7.6,2.48095,176,8.2,4.0492,180,10.4,6.21489,159,30.4,4.73807,163,67.9,14.08394,171,23.7,6.95005,226,31.4,1.34367,248,25.9,3.56852,252,16.4,2.56593,270,1.7,1.4703,207,13.7,2.94326,103
2023-08-12 15:00:00,15.5,972.8,6.4,1.0005,65,6.3,1.08853,66,11.5,2.09976,67,13.0,1.8981,73,13.6,1.24793,83,12.7,3.03734,114,8.8,5.68194,148,5.8,2.40483,172,8.3,2.48095,191,8.2,4.0492,185,10.9,6.21489,164,27.3,4.73807,154,53.0,14.08394,166,19.5,6.95005,227,31.9,1.34367,249,28.4,3.56852,247,13.7,2.56593,283,4.8,1.4703,231,14.9,2.94326,108
2023-08-12 16:00:00,15.3,972.8,6.1,1.0005,54,6.0,1.08853,54,12.9,2.09976,57,14.5,1.8981,61,14.7,1.24793,67,10.6,3.03734,98,5.9,5.68194,162,4.6,2.40483,180,7.6,2.48095,200,7.6,4.0492,191,11.4,6.21489,169,30.5,4.73807,158,42.7,14.08394,175,20.6,6.95005,229,30.9,1.34367,255,30.9,3.56852,250,12.0,2.56593,292,6.1,1.4703,194,14.9,2.94326,108
2023-08-12 17:00:00,15.0,972.9,6.9,1.0005,36,6.8,1.08853,35,14.8,2.09976,44,16.8,1.8981,49,16.8,1.24793,54,10.4,3.03734,79,2.9,5.68194,148,2.9,2.40483,203,6.9,2.48095,216,7.3,4.0492,204,10.5,6.21489,176,25.7,4.73807,150,29.1,14.08394,180,24.8,6.95005,226,31.6,1.34367,251,33.3,3.56852,254,11.1,2.56593,290,6.1,1.4703,194,16.7,2.94326,100
2023-08-13 08:00:00,11.6,977.2,7.4,1.35896,314,10.3,1.96027,318,17.4,1.69063,327,20.1,1.91686,337,19.1,1.92815,345,16.1,0.75982,350,16.8,1.66936,358,18.9,2.03473,356,15.3,1.22129,339,18.0,1.44948,312,21.9,1.56152,305,27.8,4.11719,301,34.3,5.54152,297,35.6,7.30087,290,33.1,5.81836,278,27.7,2.0089,265,21.2,5.35554,288,7.4,3.48599,225,16.6,3.88914,82
2023-08-13 09:00:00,12.0,977.7,6.4,1.35896,324,9.2,1.96027,326,15.5,1.69063,332,19.9,1.91686,340,21.2,1.92815,344,17.8,0.75982,351,16.2,1.66936,360,17.4,2.03473,359,15.3,1.22129,339,17.4,1.44948,313,22.5,1.56152,304,30.4,4.11719,298,41.7,5.54152,297,36.0,7.30087,283,33.6,5.81836,271,26.1,2.0089,267,17.7,5.35554,298,3.3,3.48599,243,17.9,3.88914,90
2023-08-13 10:00:00,12.8,978.1,5.9,1.35896,320,7.9,1.96027,322,12.3,1.69063,327,16.6,1.91686,337,19.1,1.92815,343,17.2,0.75982,347,14.1,1.66936,351,15.1,2.03473,357,15.0,1.22129,342,16.9,1.44948,315,21.7,1.56152,301,34.0,4.11719,296,49.0,5.54152,296,40.0,7.30087,284,32.9,5.81836,274,26.9,2.0089,267,13.4,5.35554,304,5.4,3.48599,286,16.4,3.88914,93
2023-08-13 11:00:00,14.7,978.8,7.0,1.35896,310,9.5,1.96027,313,13.0,1.69063,320,15.6,1.91686,328,17.9,1.92815,339,16.4,0.75982,350,14.6,1.66936,356,13.9,2.03473,358,14.2,1.22129,345,16.4,1.44948,313,23.0,1.56152,299,39.4,4.11719,295,49.1,5.54152,294,42.7,7.30087,286,33.6,5.81836,270,24.7,2.0089,267,9.7,5.35554,302,3.8,3.48599,281,17.2,3.88914,92
2023-08-13 12:00:00,16.0,979.5,7.6,1.35896,304,9.8,1.96027,306,13.0,1.69063,310,14.0,1.91686,314,15.1,1.92815,324,16.5,0.75982,348,14.9,1.66936,360,12.1,2.03473,353,12.9,1.22129,342,16.0,1.44948,307,23.7,1.56152,294,41.1,4.11719,292,51.4,5.54152,289,44.9,7.30087,285,35.1,5.81836,272,25.7,2.0089,260,7.1,5.35554,252,0.7,3.48599,270,17.7,3.88914,105
2023-08-13 13:00:00,17.7,979.7,9.0,1.35896,305,12.1,1.96027,308,14.7,1.69063,311,15.2,1.91686,314,15.3,1.92815,318,16.5,0.75982,344,15.9,1.66936,357,12.7,2.03473,346,12.1,1.22129,332,16.0,1.44948,298,23.4,1.56152,292,38.5,4.11719,292,51.9,5.54152,288,43.2,7.30087,280,37.3,5.81836,272,29.1,2.0089,257,10.5,5.35554,225,2.2,3.48599,90,14.5,3.88914,125
2023-08-13 14:00:00,18.3,979.5,10.0,1.35896,326,13.6,1.96027,327,16.7,1.69063,327,16.8,1.91686,327,17.0,1.92815,329,17.3,0.75982,342,18.0,1.66936,1,14.4,2.03473,352,12.4,1.22129,325,18.9,1.44948,288,24.4,1.56152,282,36.9,4.11719,284,52.5,5.54152,281,56.6,7.30087,279,37.3,5.81836,272,30.9,2.0089,262,15.5,5.35554,215,6.9,3.48599,139,10.6,3.88914,129
2023-08-13 15:00:00,19.1,980.0,8.7,1.35896,320,12.2,1.96027,323,15.4,1.69063,326,16.3,1.91686,328,16.9,1.92815,329,17.0,0.75982,336,16.0,1.66936,353,14.5,2.03473,351,12.7,1.22129,323,19.8,1.44948,290,25.0,1.56152,280,37.6,4.11719,277,47.4,5.54152,277,52.8,7.30087,279,43.4,5.81836,266,30.1,2.0089,263,16.9,5.35554,221,7.5,3.48599,143,9.1,3.88914,125
2023-08-13 16:00:00,18.9,980.5,9.1,1.35896,320,12.7,1.96027,322,15.7,1.69063,324,16.4,1.91686,326,16.2,1.92815,328,15.6,0.75982,333,13.3,1.66936,349,14.3,2.03473,357,13.0,1.22129,321,19.4,1.44948,293,26.4,1.56152,278,37.5,4.11719,276,45.0,5.54152,276,50.5,7.30087,278,46.2,5.81836,271,28.4,2.0089,267,20.6,5.35554,226,10.5,3.48599,184,9.0,3.88914,95
2023-08-13 17:00:00,19.3,980.8,9.2,1.35896,321,13.3,1.96027,324,15.9,1.69063,325,16.2,1.91686,326,16.2,1.92815,328,15.4,0.75982,334,12.5,1.66936,346,14.0,2.03473,352,13.7,1.22129,318,19.1,1.44948,291,25.5,1.56152,277,35.1,4.11719,274,47.9,5.54152,274,52.3,7.30087,273,48.5,5.81836,270,29.1,2.0089,269,23.2,5.35554,228,11.4,3.48599,212,9.1,3.88914,81
2023-08-14 08:00:00,9.1,982.2,4.7,0.78145,301,8.1,0.74565,307,19.2,3.35395,330,22.3,4.71098,331,23.6,5.36396,332,20.8,4.32584,336,16.5,2.96238,334,10.2,1.07543,307,11.6,0.65192,299,21.7,2.33904,286,35.3,1.59405,277,57.4,6.60798,269,62.3,12.64217,264,63.1,1.95167,263,43.3,1.83063,269,27.6,1.08341,273,5.8,3.88056,310,2.7,1.01959,236,13.6,5.16135,81
2023-08-14 09:00:00,11.7,982.9,5.9,0.78145,313,8.9,0.74565,315,17.4,3.35395,327,21.2,4.71098,333,22.2,5.36396,336,19.1,4.32584,336,15.9,2.96238,337,10.1,1.07543,317,10.9,0.65192,307,21.2,2.33904,288,35.2,1.59405,275,56.0,6.60798,268,60.2,12.64217,262,60.8,1.95167,264,44.1,1.83063,266,28.3,1.08341,268,4.0,3.88056,292,3.2,1.01959,225,14.2,5.16135,87
2023-08-14 10:00:00,14.1,983.0,6.3,0.78145,315,9.0,0.74565,314,11.4,3.35395,319,18.4,4.71098,333,20.6,5.36396,339,17.9,4.32584,337,14.9,2.96238,337,9.5,1.07543,317,9.5,0.65192,306,19.8,2.33904,290,33.7,1.59405,275,53.8,6.60798,267,58.8,12.64217,261,59.4,1.95167,263,44.3,1.83063,263,29.8,1.08341,271,6.0,3.88056,277,2.2,1.01959,270,13.3,5.16135,63
2023-08-14 11:00:00,16.2,983.2,5.7,0.78145,315,8.4,0.74565,318,10.7,3.35395,324,14.0,4.71098,336,18.9,5.36396,345,18.7,4.32584,346,15.4,2.96238,341,9.6,1.07543,320,9.9,0.65192,305,18.7,2.33904,293,31.5,1.59405,275,51.6,6.60798,266,56.8,12.64217,260,61.1,1.95167,262,48.4,1.83063,260,29.1,1.08341,271,7.5,3.88056,270,2.7,1.01959,214,15.8,5.16135,71
2023-08-14 12:00:00,18.1,983.0,6.3,0.78145,325,8.7,0.74565,326,10.9,3.35395,329,12.1,4.71098,333,14.0,5.36396,342,16.8,4.32584,353,14.9,2.96238,349,9.7,1.07543,326,10.6,0.65192,305,18.4,2.33904,291,32.8,1.59405,273,50.4,6.60798,262,61.0,12.64217,258,60.3,1.95167,261,48.0,1.83063,264,26.9,1.08341,267,12.1,3.88056,259,5.7,1.01959,203,20.2,5.16135,86
2023-08-14 13:00:00,20.1,983.0,7.6,0.78145,328,10.3,0.74565,329,11.8,3.35395,331,12.3,4.71098,333,12.5,5.36396,337,13.6,4.32584,348,14.1,2.96238,354,9.5,1.07543,328,11.0,0.65192,304,17.5,2.33904,290,32.1,1.59405,273,51.8,6.60798,263,66.4,12.64217,261,62.5,1.95167,262,47.3,1.83063,264,27.8,1.08341,262,16.5,3.88056,275,3.7,1.01959,233,20.6,5.16135,103
2023-08-14 14:00:00,20.3,982.3,7.0,0.78145,343,9.5,0.74565,343,11.3,3.35395,344,11.7,4.71098,344,11.9,5.36396,345,11.9,4.32584,348,11.9,2.96238,354,8.6,1.07543,333,10.6,0.65192,305,17.5,2.33904,290,34.3,1.59405,270,57.3,6.60798,262,70.1,12.64217,261,63.6,1.95167,260,46.8,1.83063,261,27.8,1.08341,262,12.7,3.88056,291,2.7,1.01959,214,15.6,5.16135,107
2023-08-14 15:00:00,21.3,982.2,6.4,0.78145,335,8.5,0.74565,338,10.1,3.35395,339,10.4,4.71098,340,10.6,5.36396,343,10.2,4.32584,346,9.8,2.96238,351,7.8,1.07543,333,10.3,0.65192,303,16.1,2.33904,292,34.3,1.59405,271,61.7,6.60798,262,76.4,12.64217,260,61.8,1.95167,262,46.2,1.83063,260,29.7,1.08341,258,12.2,3.88056,308,4.2,1.01959,225,10.1,5.16135,126
2023-08-14 16:00:00,21.6,982.1,5.8,0.78145,332,7.6,0.74565,333,9.2,3.35395,337,9.7,4.71098,337,10.0,5.36396,340,9.7,4.32584,345,8.8,2.96238,350,7.0,1.07543,326,9.6,0.65192,302,15.1,2.33904,290,34.3,1.59405,271,67.4,6.60798,265,90.4,12.64217,262,59.6,1.95167,261,45.4,1.83063,261,29.7,1.08341,258,11.0,3.88056,332,4.0,1.01959,202,6.4,5.16135,126
2023-08-14 17:00:00,22.1,981.7,6.5,0.78145,356,8.6,0.74565,354,9.7,3.35395,351,9.9,4.71098,351,9.8,5.36396,351,9.5,4.32584,351,9.1,2.96238,354,8.1,1.07543,329,10.5,0.65192,309,15.0,2.33904,297,30.6,1.59405,273,69.5,6.60798,266,90.9,12.64217,263,57.1,1.95167,263,43.9,1.83063,260,29.7,1.08341,258,9.1,3.88056,9,3.7,1.01959,217,5.0,5.16135,117
2023-08-15 08:00:00,9.0,978.9,1.6,1.75819,262,4.2,1.47426,270,1.7,2.53379,124,3.0,2.98829,85,3.6,3.42708,90,0.8,3.98761,360,4.0,3.68818,321,7.5,3.6181,305,7.2,3.97387,315,11.7,3.5341,333,18.4,1.1834,328,23.6,2.12396,325,23.4,1.54578,307,25.1,2.83909,293,27.2,2.82255,261,27.0,1.06542,264,27.8,5.13164,301,0.7,4.0716,360,9.7,1.50052,90
2023-08-15 09:00:00,14.4,980.0,2.3,1.75819,209,3.2,1.47426,216,5.8,2.53379,180,2.8,2.98829,185,1.5,3.42708,239,3.4,3.98761,275,5.3,3.68818,306,7.4,3.6181,298,7.6,3.97387,307,10.8,3.5341,326,17.6,1.1834,324,21.8,2.12396,322,21.3,1.54578,306,25.7,2.83909,287,28.2,2.82255,258,28.1,1.06542,259,26.6,5.13164,308,1.1,4.0716,45,11.2,1.50052,86
2023-08-15 10:00:00,17.2,980.1,4.4,1.75819,210,5.1,1.47426,210,6.9,2.53379,209,6.3,2.98829,214,5.8,3.42708,234,6.2,3.98761,267,4.7,3.68818,293,8.3,3.6181,292,8.6,3.97387,298,10.0,3.5341,312,16.4,1.1834,317,21.8,2.12396,322,21.2,1.54578,309,27.7,2.83909,284,29.9,2.82255,251,28.6,1.06542,263,22.2,5.13164,310,5.7,4.0716,157,12.0,1.50052,86
2023-08-15 11:00:00,19.9,979.9,5.2,1.75819,198,6.5,1.47426,201,7.7,2.53379,206,7.7,2.98829,209,7.3,3.42708,207,5.5,3.98761,215,4.4,3.68818,262,8.6,3.6181,280,8.5,3.97387,287,9.3,3.5341,299,15.9,1.1834,311,20.6,2.12396,319,20.3,1.54578,306,29.3,2.83909,285,30.7,2.82255,247,28.7,1.06542,261,17.0,5.13164,308,5.2,4.0716,180,11.2,1.50052,86
2023-08-15 12:00:00,21.3,979.3,3.3,1.75819,200,4.2,1.47426,199,6.3,2.53379,203,7.4,2.98829,204,7.8,3.42708,206,7.7,3.98761,208,6.9,3.68818,252,9.7,3.6181,275,9.7,3.97387,276,10.7,3.5341,282,16.1,1.1834,304,19.5,2.12396,317,21.7,1.54578,311,28.6,2.83909,285,34.2,2.82255,250,29.8,1.06542,257,11.8,5.13164,288,10.5,4.0716,172,9.1,1.50052,81
2023-08-15 13:00:00,22.0,979.2,4.8,1.75819,193,5.8,1.47426,196,7.1,2.53379,204,7.7,2.98829,209,7.9,3.42708,212,7.9,3.98761,218,8.0,3.68818,234,11.2,3.6181,266,11.7,3.97387,265,13.4,3.5341,270,15.7,1.1834,295,19.1,2.12396,309,22.1,1.54578,303,30.6,2.83909,270,34.2,2.82255,250,27.7,1.06542,256,14.9,5.13164,267,9.2,4.0716,194,9.7,1.50052,86
2023-08-15 14:00:00,22.9,978.5,4.5,1.75819,189,5.4,1.47426,190,6.8,2.53379,203,7.5,2.98829,210,8.0,3.42708,216,8.4,3.98761,222,8.8,3.68818,231,12.0,3.6181,274,13.8,3.97387,276,15.7,3.5341,273,15.6,1.1834,287,16.7,2.12396,297,19.3,1.54578,298,31.7,2.83909,261,35.1,2.82255,253,26.2,1.06542,250,14.7,5.13164,255,10.0,4.0716,207,9.7,1.50052,90
2023-08-15 15:00:00,23.6,977.9,6.2,1.75819,201,7.1,1.47426,203,9.3,2.53379,208,9.8,2.98829,212,10.5,3.42708,215,11.0,3.98761,222,11.0,3.68818,227,13.9,3.6181,270,14.8,3.97387,274,16.6,3.5341,278,16.1,1.1834,283,17.2,2.12396,288,20.4,1.54578,294,33.3,2.83909,260,34.0,2.82255,251,26.7,1.06542,247,18.4,5.13164,256,12.2,4.0716,232,10.4,1.50052,90
2023-08-15 16:00:00,24.1,977.3,6.8,1.75819,214,7.5,1.47426,214,10.4,2.53379,218,11.5,2.98829,222,12.1,3.42708,225,12.8,3.98761,229,13.1,3.68818,232,15.9,3.6181,266,15.8,3.97387,264,17.2,3.5341,275,17.9,1.1834,272,20.3,2.12396,276,22.2,1.54578,284,33.2,2.83909,261,32.0,2.82255,245,27.7,1.06542,246,19.7,5.13164,259,10.4,4.0716,240,13.7,1.50052,103
2023-08-15 17:00:00,24.2,976.9,6.6,1.75819,198,7.3,1.47426,198,10.3,2.53379,213,11.4,2.98829,220,12.1,3.42708,223,13.4,3.98761,228,14.2,3.68818,232,17.7,3.6181,269,18.8,3.97387,270,19.5,3.5341,277,18.7,1.1834,268,21.1,2.12396,278,24.6,1.54578,284,30.2,2.83909,254,34.2,2.82255,250,27.3,1.06542,244,19.5,5.13164,263,9.7,4.0716,274,12.7,1.50052,93
2023-08-16 08:00:00,13.6,975.7,2.8,1.76371,209,3.1,1.61727,207,7.6,2.17624,246,9.5,2.05058,258,11.9,1.52421,247,14.8,2.30603,244,18.7,4.1781,259,28.9,3.97162,257,35.1,3.01384,260,40.3,0.69089,272,48.3,4.79074,279,55.4,5.40983,294,59.8,2.31183,306,63.4,3.16375,298,37.3,5.53162,268,24.3,2.40576,252,24.7,2.01814,245,8.1,1.87347,236,11.2,1.15643,127
2023-08-16 09:00:00,15.8,976.3,4.0,1.76371,227,4.3,1.61727,225,7.0,2.17624,224,9.4,2.05058,230,12.2,1.52421,232,13.7,2.30603,240,16.4,4.1781,255,25.6,3.97162,252,33.9,3.01384,262,38.8,0.69089,273,46.8,4.79074,284,54.2,5.40983,302,59.9,2.31183,309,65.7,3.16375,298,34.4,5.53162,266,26.0,2.40576,246,23.0,2.01814,245,4.7,1.87347,252,7.9,1.15643,131
2023-08-16 10:00:00,17.9,976.3,3.0,1.76371,207,3.3,1.61727,205,6.0,2.17624,209,8.2,2.05058,211,11.9,1.52421,216,13.6,2.30603,227,14.3,4.1781,246,24.5,3.97162,244,33.2,3.01384,265,38.9,0.69089,274,45.8,4.79074,282,50.4,5.40983,299,55.9,2.31183,301,65.4,3.16375,297,35.2,5.53162,265,27.4,2.40576,248,22.1,2.01814,237,7.5,1.87347,270,6.7,1.15643,117
2023-08-16 11:00:00,19.4,976.4,3.4,1.76371,188,3.5,1.61727,188,5.8,2.17624,197,7.1,2.05058,203,10.6,1.52421,208,13.6,2.30603,222,13.5,4.1781,244,24.2,3.97162,245,33.1,3.01384,267,38.1,0.69089,272,43.0,4.79074,279,47.0,5.40983,295,54.7,2.31183,296,63.0,3.16375,297,35.3,5.53162,263,28.4,2.40576,247,20.5,2.01814,237,8.7,1.87347,250,9.2,1.15643,104
2023-08-16 12:00:00,20.9,975.9,5.6,1.76371,182,6.0,1.61727,182,9.0,2.17624,188,10.2,2.05058,191,11.4,1.52421,197,14.6,2.30603,217,13.8,4.1781,239,23.9,3.97162,252,34.1,3.01384,268,38.8,0.69089,270,39.6,4.79074,274,40.9,5.40983,285,54.9,2.31183,288,65.1,3.16375,294,37.4,5.53162,265,29.5,2.40576,249,22.5,2.01814,236,8.5,1.87347,232,8.2,1.15643,95
2023-08-16 13:00:00,22.1,975.4,5.6,1.76371,185,5.8,1.61727,185,9.0,2.17624,188,10.1,2.05058,190,10.7,1.52421,193,12.0,2.30603,207,14.6,4.1781,232,24.3,3.97162,255,35.6,3.01384,268,39.6,0.69089,273,35.8,4.79074,270,38.8,5.40983,271,54.3,2.31183,283,67.6,3.16375,292,42.5,5.53162,270,31.9,2.40576,249,22.8,2.01814,238,7.0,1.87347,238,8.7,1.15643,121
2023-08-16 14:00:00,23.4,974.8,4.8,1.76371,193,4.8,1.61727,194,8.3,2.17624,197,9.6,2.05058,200,10.6,1.52421,202,12.3,2.30603,209,15.2,4.1781,227,26.2,3.97162,256,36.1,3.01384,272,38.3,0.69089,277,35.2,4.79074,265,46.3,5.40983,268,55.0,2.31183,279,60.6,3.16375,286,43.2,5.53162,270,29.5,2.40576,249,26.9,2.01814,251,8.5,1.87347,218,9.4,1.15643,108
2023-08-16 15:00:00,24.5,974.5,6.7,1.76371,184,6.7,1.61727,184,10.2,2.17624,188,11.7,2.05058,191,12.4,1.52421,195,13.5,2.30603,202,16.8,4.1781,219,28.5,3.97162,261,39.8,3.01384,274,39.0,0.69089,275,37.0,4.79074,261,47.9,5.40983,265,59.7,2.31183,269,60.4,3.16375,279,49.2,5.53162,271,29.8,2.40576,248,23.4,2.01814,248,9.3,1.87347,209,8.5,1.15643,105
2023-08-16 16:00:00,24.3,973.7,7.4,1.76371,180,7.2,1.61727,180,11.4,2.17624,186,12.5,2.05058,190,13.8,1.52421,195,17.4,2.30603,208,22.2,4.1781,221,33.1,3.97162,263,40.9,3.01384,276,39.0,0.69089,275,37.8,4.79074,261,51.1,5.40983,262,55.9,2.31183,271,57.7,3.16375,276,47.0,5.53162,267,30.7,2.40576,241,22.2,2.01814,250,11.8,1.87347,235,9.0,1.15643,95
2023-08-16 17:00:00,25.6,972.9,7.5,1.76371,190,7.3,1.61727,191,12.3,2.17624,191,14.1,2.05058,192,15.4,1.52421,196,19.5,2.30603,210,26.4,4.1781,227,35.2,3.97162,265,40.3,3.01384,275,38.0,0.69089,270,39.0,4.79074,263,52.2,5.40983,268,58.2,2.31183,269,59.7,3.16375,271,46.4,5.53162,265,31.4,2.40576,245,19.7,2.01814,245,10.0,1.87347,243,9.0,1.15643,95
2023-08-17 08:00:00,18.6,963.9,14.0,1.25472,173,14.0,1.25255,173,30.6,2.81593,179,41.1,4.29827,188,48.5,5.31179,197,49.1,4.05848,211,51.3,5.1846,205,69.0,13.3618,197,70.2,17.20027,192,68.9,13.16464,198,66.0,6.00767,205,64.7,10.79415,209,64.4,13.64134,205,78.4,5.18656,204,44.9,3.17436,216,23.4,1.29619,233,10.7,2.4799,245,7.7,1.83048,209,10.7,1.69036,78
2023-08-17 09:00:00,19.2,963.0,14.4,1.25472,168,14.2,1.25255,169,30.5,2.81593,174,40.2,4.29827,180,46.7,5.31179,188,46.9,4.05848,202,51.2,5.1846,203,68.8,13.3618,199,74.0,17.20027,193,69.9,13.16464,196,60.8,6.00767,203,68.0,10.79415,201,70.6,13.64134,202,83.7,5.18656,207,45.5,3.17436,215,22.7,1.29619,229,10.8,2.4799,236,9.0,1.83048,222,11.3,1.69036,82
2023-08-17 10:00:00,19.9,963.5,13.9,1.25472,175,14.0,1.25255,175,28.2,2.81593,178,35.0,4.29827,181,39.6,5.31179,184,49.4,4.05848,193,48.8,5.1846,202,63.1,13.3618,196,74.7,17.20027,189,72.7,13.16464,193,61.8,6.00767,198,71.0,10.79415,197,76.4,13.64134,197,86.1,5.18656,205,45.7,3.17436,214,26.0,1.29619,231,11.1,2.4799,228,9.5,1.83048,231,13.9,1.69036,106
2023-08-17 11:00:00,20.7,963.5,14.1,1.25472,176,14.2,1.25255,176,26.9,2.81593,180,31.6,4.29827,184,34.5,5.31179,186,41.3,4.05848,193,50.4,5.1846,201,65.5,13.3618,194,79.7,17.20027,185,69.6,13.16464,190,66.1,6.00767,196,76.4,10.79415,197,79.4,13.64134,195,88.1,5.18656,204,48.1,3.17436,210,25.4,1.29619,230,11.6,2.4799,220,6.9,1.83048,221,12.0,1.69036,120
2023-08-17 12:00:00,20.6,963.6,13.2,1.25472,175,13.0,1.25255,175,26.0,2.81593,178,31.5,4.29827,180,34.6,5.31179,183,44.2,4.05848,190,53.3,5.1846,198,62.2,13.3618,197,72.1,17.20027,186,58.8,13.16464,195,68.6,6.00767,197,78.0,10.79415,195,80.4,13.64134,191,86.1,5.18656,205,48.1,3.17436,204,25.5,1.29619,232,12.1,2.4799,227,12.0,1.83048,202,11.2,1.69036,127
2023-08-17 13:00:00,17.7,963.1,12.8,1.25472,169,12.8,1.25255,168,26.8,2.81593,175,33.3,4.29827,178,36.9,5.31179,180,45.1,4.05848,188,49.4,5.1846,195,49.0,13.3618,199,52.1,17.20027,192,53.9,13.16464,194,70.4,6.00767,195,83.2,10.79415,192,86.3,13.64134,186,90.4,5.18656,206,50.7,3.17436,200,22.7,1.29619,229,15.1,2.4799,237,11.6,1.83048,220,11.6,1.69036,135
2023-08-17 14:00:00,19.3,963.4,13.3,1.25472,167,13.3,1.25255,167,27.5,2.81593,174,35.2,4.29827,180,38.8,5.31179,183,44.8,4.05848,191,46.3,5.1846,199,43.1,13.3618,202,40.7,17.20027,198,48.9,13.16464,192,71.3,6.00767,196,87.4,10.79415,191,93.4,13.64134,184,93.9,5.18656,203,52.1,3.17436,204,22.7,1.29619,221,17.4,2.4799,239,11.1,1.83048,222,11.1,1.69036,138
2023-08-17 15:00:00,18.9,963.7,13.4,1.25472,159,13.4,1.25255,159,26.4,2.81593,167,32.4,4.29827,175,37.2,5.31179,181,42.5,4.05848,192,43.9,5.1846,200,41.0,13.3618,202,41.3,17.20027,199,43.2,13.16464,195,73.1,6.00767,194,91.0,10.79415,188,98.2,13.64134,186,85.4,5.18656,206,54.7,3.17436,206,23.2,1.29619,222,16.7,2.4799,243,9.1,1.83048,215,12.7,1.69036,140
2023-08-17 16:00:00,18.2,963.4,11.7,1.25472,176,11.9,1.25255,176,24.8,2.81593,180,31.1,4.29827,185,35.1,5.31179,190,38.8,4.05848,197,40.1,5.1846,204,38.0,13.3618,204,40.3,17.20027,194,40.8,13.16464,189,62.8,6.00767,190,95.9,10.79415,185,103.3,13.64134,185,85.1,5.18656,199,50.9,3.17436,212,23.2,1.29619,225,14.1,2.4799,252,9.0,1.83048,246,11.4,1.69036,157
2023-08-17 17:00:00,17.9,963.5,10.3,1.25472,179,10.2,1.25255,179,20.8,2.81593,185,26.8,4.29827,192,32.3,5.31179,198,37.2,4.05848,205,37.6,5.1846,213,36.3,13.3618,209,38.4,17.20027,198,39.2,13.16464,189,53.0,6.00767,183,91.8,10.79415,183,103.4,13.64134,185,76.2,5.18656,192,48.2,3.17436,215,24.5,1.29619,232,14.3,2.4799,261,6.9,1.83048,229,7.3,1.69036,156
2023-08-18 08:00:00,11.1,970.7,10.2,1.46151,308,10.1,1.38066,308,23.8,1.37554,317,30.5,1.47422,324,34.1,2.39353,329,31.6,2.135,336,20.7,4.86517,330,15.0,7.00731,318,8.3,10.96639,317,3.2,14.23094,315,2.7,22.51063,326,3.8,38.6365,191,23.4,23.99533,323,24.5,17.70004,322,22.5,7.08814,304,16.8,1.83488,283,1.7,2.30798,27,0.7,2.54524,180,2.1,3.91704,135
2023-08-18 09:00:00,11.3,971.1,10.6,1.46151,316,10.7,1.38066,316,23.2,1.37554,324,29.0,1.47422,329,32.3,2.39353,334,31.6,2.135,340,22.9,4.86517,333,14.3,7.00731,322,8.7,10.96639,320,6.3,14.23094,315,5.3,22.51063,315,5.7,38.6365,293,29.3,23.99533,333,31.5,17.70004,324,27.4,7.08814,315,14.1,1.83488,288,2.4,2.30798,288,0.0,2.54524,270,2.2,3.91704,90
2023-08-18 10:00:00,11.5,971.7,11.7,1.46151,320,11.8,1.38066,320,24.9,1.37554,327,29.0,1.47422,332,31.2,2.39353,335,32.0,2.135,345,24.9,4.86517,342,16.5,7.00731,327,12.6,10.96639,328,11.8,14.23094,325,8.1,22.51063,326,16.4,38.6365,330,37.7,23.99533,335,42.0,17.70004,327,33.3,7.08814,320,14.9,1.83488,288,3.1,2.30798,284,3.8,2.54524,191,4.3,3.91704,31
2023-08-18 11:00:00,11.9,972.3,11.9,1.46151,322,11.7,1.38066,322,26.2,1.37554,328,29.3,1.47422,330,31.5,2.39353,333,34.0,2.135,345,27.7,4.86517,348,16.4,7.00731,333,15.0,10.96639,332,16.0,14.23094,332,11.4,22.51063,328,26.4,38.6365,335,43.5,23.99533,338,46.4,17.70004,330,35.4,7.08814,325,13.0,1.83488,294,5.3,2.30798,278,7.7,2.54524,241,4.3,3.91704,31
2023-08-18 12:00:00,13.2,973.3,13.3,1.46151,327,13.1,1.38066,327,27.7,1.37554,330,30.2,1.47422,331,31.9,2.39353,334,33.1,2.135,343,29.6,4.86517,347,18.4,7.00731,340,18.0,10.96639,335,20.4,14.23094,336,15.1,22.51063,327,11.4,38.6365,328,45.4,23.99533,335,57.4,17.70004,334,37.7,7.08814,333,12.7,1.83488,291,8.5,2.30798,308,6.4,2.54524,234,7.0,3.91704,32
2023-08-18 13:00:00,14.8,974.1,13.7,1.46151,328,13.6,1.38066,328,26.2,1.37554,331,27.8,1.47422,332,29.0,2.39353,333,31.4,2.135,338,33.8,4.86517,347,22.1,7.00731,344,21.6,10.96639,336,23.8,14.23094,340,23.4,22.51063,338,26.0,38.6365,333,58.9,23.99533,338,56.2,17.70004,338,38.7,7.08814,335,16.0,1.83488,298,4.3,2.30798,329,3.7,2.54524,217,11.0,3.91704,62
2023-08-18 14:00:00,16.7,974.4,14.2,1.46151,323,13.9,1.38066,323,26.4,1.37554,327,27.7,1.47422,328,28.8,2.39353,329,29.6,2.135,331,34.7,4.86517,343,25.2,7.00731,345,26.4,10.96639,341,27.6,14.23094,341,26.4,22.51063,338,32.8,38.6365,348,60.4,23.99533,340,54.7,17.70004,332,39.8,7.08814,330,14.3,1.83488,309,7.9,2.30798,319,3.2,2.54524,225,14.1,3.91704,72
2023-08-18 15:00:00,18.0,974.4,14.1,1.46151,324,14.0,1.38066,324,26.2,1.37554,327,28.0,1.47422,327,29.0,2.39353,327,29.9,2.135,329,34.6,4.86517,341,28.6,7.00731,346,30.9,10.96639,343,34.0,14.23094,341,40.6,22.51063,340,57.0,38.6365,346,70.5,23.99533,340,67.8,17.70004,336,42.0,7.08814,333,13.7,1.83488,311,4.8,2.30798,321,0.7,2.54524,270,9.7,3.91704,86
2023-08-18 16:00:00,19.1,974.5,13.1,1.46151,322,12.7,1.38066,322,24.8,1.37554,324,26.5,1.47422,324,27.4,2.39353,325,28.4,2.135,326,30.1,4.86517,330,31.3,7.00731,344,35.1,10.96639,343,39.6,14.23094,340,56.6,22.51063,344,95.8,38.6365,351,82.1,23.99533,344,73.3,17.70004,338,43.0,7.08814,332,14.5,1.83488,305,6.9,2.30798,319,1.7,2.54524,297,8.2,3.91704,85
2023-08-18 17:00:00,19.2,974.6,13.8,1.46151,317,13.6,1.38066,316,24.5,1.37554,321,26.0,1.47422,322,26.5,2.39353,323,27.0,2.135,324,28.1,4.86517,327,32.9,7.00731,346,39.2,10.96639,347,46.5,14.23094,344,68.2,22.51063,347,115.8,38.6365,356,99.5,23.99533,355,79.8,17.70004,339,45.0,7.08814,331,18.7,1.83488,299,6.4,2.30798,339,1.5,2.54524,180,8.2,3.91704,90
2023-08-19 08:00:00,8.1,977.1,2.8,1.56901,198,7.0,1.03086,236,10.4,0.919,277,13.3,0.97548,304,15.9,1.42299,311,17.0,2.52358,316,20.0,3.84172,313,21.7,3.53773,321,29.4,1.69325,337,37.9,1.31153,324,29.6,6.58879,326,42.1,6.45036,330,59.4,4.7561,332,74.4,7.97677,333,43.4,4.50358,341,22.4,6.05168,339,3.8,1.05309,11,1.5,3.21033,90,18.7,2.65709,95
2023-08-19 09:00:00,12.2,977.3,4.0,1.56901,218,5.2,1.03086,225,11.9,0.919,261,11.6,0.97548,285,12.8,1.42299,297,16.6,2.52358,303,20.3,3.84172,306,20.2,3.53773,320,31.0,1.69325,330,37.0,1.31153,320,30.9,6.58879,323,44.8,6.45036,330,62.7,4.7561,333,72.1,7.97677,332,43.2,4.50358,342,18.9,6.05168,342,4.2,1.05309,45,4.5,3.21033,81,15.8,2.65709,98
2023-08-19 10:00:00,17.1,977.2,5.8,1.56901,242,7.4,1.03086,242,11.4,0.919,248,12.8,0.97548,266,14.8,1.42299,280,19.3,2.52358,294,21.7,3.84172,295,20.5,3.53773,317,31.2,1.69325,330,36.1,1.31153,322,35.4,6.58879,325,63.0,6.45036,333,72.0,4.7561,334,69.2,7.97677,330,40.8,4.50358,339,18.4,6.05168,328,3.2,1.05309,45,7.5,3.21033,90,14.9,2.65709,93
2023-08-19 11:00:00,19.7,977.3,5.9,1.56901,233,7.5,1.03086,234,10.6,0.919,240,14.8,0.97548,251,16.7,1.42299,264,19.6,2.52358,285,22.4,3.84172,287,20.8,3.53773,312,30.0,1.69325,326,35.5,1.31153,321,38.2,6.58879,321,59.2,6.45036,329,65.0,4.7561,328,64.7,7.97677,327,41.0,4.50358,335,17.0,6.05168,331,2.7,1.05309,56,6.0,3.21033,97,19.4,2.65709,92
2023-08-19 12:00:00,21.9,977.4,6.6,1.56901,225,8.0,1.03086,226,10.9,0.919,227,12.6,0.97548,236,17.5,1.42299,258,22.3,2.52358,277,23.0,3.84172,283,21.1,3.53773,310,29.1,1.69325,324,34.4,1.31153,319,41.3,6.58879,321,54.4,6.45036,324,54.4,4.7561,324,56.2,7.97677,321,37.7,4.50358,333,13.0,6.05168,336,4.3,1.05309,121,7.8,3.21033,107,18.7,2.65709,95
2023-08-19 13:00:00,23.4,976.8,6.9,1.56901,241,8.2,1.03086,241,11.4,0.919,240,12.5,0.97548,241,15.5,1.42299,253,21.8,2.52358,271,23.6,3.84172,283,23.9,3.53773,304,28.8,1.69325,319,35.4,1.31153,318,42.9,6.58879,320,56.4,6.45036,317,58.1,4.7561,318,53.8,7.97677,317,37.2,4.50358,327,11.4,6.05168,337,3.3,1.05309,207,5.4,3.21033,124,14.9,2.65709,108
2023-08-19 14:00:00,23.6,976.4,8.2,1.56901,235,9.0,1.03086,235,13.5,0.919,239,14.5,0.97548,241,15.1,1.42299,243,21.0,2.52358,265,24.3,3.84172,283,26.6,3.53773,304,29.5,1.69325,316,36.4,1.31153,316,41.7,6.58879,314,54.9,6.45036,313,61.2,4.7561,313,54.4,7.97677,312,35.1,4.50358,331,9.0,6.05168,336,4.3,1.05309,239,10.7,3.21033,115,17.0,2.65709,113
2023-08-19 15:00:00,23.5,975.8,6.8,1.56901,224,7.5,1.03086,225,11.9,0.919,230,13.4,0.97548,233,14.4,1.42299,236,22.0,2.52358,262,26.8,3.84172,283,29.5,3.53773,303,32.0,1.69325,313,38.0,1.31153,312,42.1,6.58879,307,52.2,6.45036,307,60.1,4.7561,313,54.0,7.97677,309,32.5,4.50358,328,6.9,6.05168,319,3.1,1.05309,256,10.9,3.21033,106,14.1,2.65709,108
2023-08-19 16:00:00,23.4,975.2,6.1,1.56901,213,6.4,1.03086,213,10.7,0.919,220,12.4,0.97548,223,13.4,1.42299,227,22.8,2.52358,256,28.8,3.84172,281,28.5,3.53773,306,32.8,1.69325,311,37.9,1.31153,306,45.9,6.58879,302,56.8,6.45036,308,60.6,4.7561,315,57.6,7.97677,307,33.0,4.50358,322,6.3,6.05168,315,1.5,1.05309,90,11.4,3.21033,122,10.5,2.65709,94
2023-08-19 17:00:00,24.1,975.0,7.1,1.56901,212,7.4,1.03086,212,12.0,0.919,217,13.5,0.97548,220,14.5,1.42299,223,24.4,2.52358,252,32.0,3.84172,278,26.2,3.53773,306,33.8,1.69325,307,38.1,1.31153,305,51.1,6.58879,304,58.8,6.45036,309,64.9,4.7561,314,57.6,7.97677,307,31.1,4.50358,314,5.2,6.05168,270,5.3,1.05309,98,9.5,3.21033,135,15.7,2.65709,95
2023-08-20 08:00:00,18.2,975.6,6.0,1.65345,255,8.3,3.40655,259,21.5,2.30159,280,19.8,1.49477,305,14.5,2.39678,314,16.2,2.33438,275,23.6,2.29434,280,29.3,3.28938,279,36.8,5.74032,264,48.2,9.09193,278,55.6,9.33386,282,70.0,13.53432,284,80.6,14.03378,278,73.6,10.8206,283,45.9,3.70891,277,24.3,3.21794,243,9.9,2.83596,283,4.0,1.89901,112,15.1,4.14837,81
2023-08-20 09:00:00,19.9,976.3,6.9,1.65345,283,8.6,3.40655,284,15.6,2.30159,293,18.4,1.49477,304,16.5,2.39678,307,19.4,2.33438,286,24.7,2.29434,291,31.1,3.28938,278,38.9,5.74032,264,48.7,9.09193,276,54.8,9.33386,285,70.4,13.53432,285,80.1,14.03378,275,73.4,10.8206,280,47.9,3.70891,274,26.0,3.21794,246,8.2,2.83596,270,4.2,1.89901,135,19.4,4.14837,88
2023-08-20 10:00:00,21.5,977.1,7.6,1.65345,289,9.7,3.40655,291,13.7,2.30159,298,16.4,1.49477,308,18.2,2.39678,312,19.9,2.33438,300,24.2,2.29434,296,34.5,3.28938,275,40.7,5.74032,269,51.7,9.09193,276,53.2,9.33386,281,67.9,13.53432,287,78.0,14.03378,276,72.8,10.8206,276,50.0,3.70891,272,27.9,3.21794,254,7.9,2.83596,229,4.8,1.89901,141,20.1,4.14837,88
2023-08-20 11:00:00,21.7,978.5,9.9,1.65345,301,13.6,3.40655,302,18.0,2.30159,304,18.6,1.49477,306,19.6,2.39678,310,20.4,2.33438,308,23.8,2.29434,294,35.2,3.28938,273,40.2,5.74032,271,50.0,9.09193,273,53.7,9.33386,280,67.9,13.53432,282,72.9,14.03378,277,75.3,10.8206,271,50.0,3.70891,268,29.3,3.21794,255,11.2,2.83596,217,6.4,1.89901,159,19.4,4.14837,88
2023-08-20 12:00:00,20.3,979.1,10.1,1.65345,317,15.3,3.40655,317,19.6,2.30159,317,20.7,1.49477,318,21.2,2.39678,319,20.3,2.33438,310,22.8,2.29434,287,37.0,3.28938,270,44.8,5.74032,272,54.5,9.09193,272,54.6,9.33386,275,67.1,13.53432,282,71.0,14.03378,279,72.3,10.8206,271,53.0,3.70891,268,30.9,3.21794,262,13.9,2.83596,216,8.5,1.89901,165,19.5,4.14837,97
2023-08-20 13:00:00,18.6,979.5,9.4,1.65345,322,14.9,3.40655,323,19.6,2.30159,324,21.0,1.49477,325,21.4,2.39678,326,20.2,2.33438,318,21.5,2.29434,288,39.0,3.28938,269,47.3,5.74032,272,57.4,9.09193,270,60.5,9.33386,273,71.3,13.53432,283,76.8,14.03378,281,81.3,10.8206,269,56.9,3.70891,265,32.4,3.21794,262,16.4,2.83596,219,5.3,1.89901,172,17.2,4.14837,92
2023-08-20 14:00:00,17.4,980.5,9.7,1.65345,322,16.0,3.40655,324,19.9,2.30159,325,20.7,1.49477,326,20.9,2.39678,328,22.0,2.33438,323,22.2,2.29434,290,37.5,3.28938,267,48.3,5.74032,270,61.9,9.09193,271,67.1,9.33386,270,80.9,13.53432,282,100.9,14.03378,289,83.5,10.8206,271,57.5,3.70891,266,30.9,3.21794,262,14.5,2.83596,235,3.3,1.89901,207,14.1,4.14837,108
2023-08-20 15:00:00,18.1,981.1,9.7,1.65345,318,15.0,3.40655,319,18.9,2.30159,322,20.3,1.49477,325,20.6,2.39678,326,23.0,2.33438,322,25.6,2.29434,293,38.2,3.28938,269,49.8,5.74032,270,62.6,9.09193,269,69.4,9.33386,268,91.4,13.53432,282,101.5,14.03378,284,89.5,10.8206,272,54.5,3.70891,268,31.9,3.21794,259,13.3,2.83596,243,3.7,1.89901,233,13.0,4.14837,114
2023-08-20 16:00:00,18.1,982.1,9.9,1.65345,327,16.1,3.40655,328,19.0,2.30159,328,19.8,1.49477,328,19.8,2.39678,327,22.5,2.33438,318,27.9,2.29434,292,37.9,3.28938,274,51.9,5.74032,271,69.4,9.09193,269,73.9,9.33386,268,98.7,13.53432,278,104.7,14.03378,283,99.4,10.8206,273,52.2,3.70891,271,34.0,3.21794,261,14.1,2.83596,252,2.4,1.89901,198,10.7,4.14837,102
2023-08-20 17:00:00,18.3,983.0,11.3,1.65345,319,17.8,3.40655,321,20.0,2.30159,324,21.2,1.49477,325,22.0,2.39678,325,24.7,2.33438,319,28.5,2.29434,295,38.3,3.28938,275,53.0,5.74032,274,74.7,9.09193,267,78.3,9.33386,268,101.4,13.53432,277,105.1,14.03378,282,100.0,10.8206,277,52.5,3.70891,276,33.6,3.21794,266,13.2,2.83596,254,2.2,1.89901,270,8.2,4.14837,90
2023-08-21 08:00:00,8.6,988.6,2.9,2.42615,231,13.2,2.11177,260,12.5,1.78092,268,10.9,2.21462,281,12.0,1.91706,294,15.2,1.18514,315,17.6,1.50706,319,26.6,1.92668,304,35.1,1.31589,289,49.6,1.71866,286,82.7,2.23261,285,122.3,6.00523,291,130.1,8.34496,298,140.1,5.20834,298,87.0,5.48478,290,46.7,3.56314,283,22.7,2.16305,293,5.8,1.01237,310,22.9,4.82475,71
2023-08-21 09:00:00,12.6,989.3,4.0,2.42615,236,10.1,2.11177,247,12.0,1.78092,260,11.0,2.21462,273,12.7,1.91706,285,15.0,1.18514,299,16.8,1.50706,308,26.2,1.92668,303,35.4,1.31589,288,50.3,1.71866,285,86.5,2.23261,285,120.0,6.00523,289,136.4,8.34496,295,144.7,5.20834,296,85.2,5.48478,290,48.6,3.56314,288,22.0,2.16305,294,3.7,1.01237,323,26.9,4.82475,76
2023-08-21 10:00:00,15.8,989.9,5.8,2.42615,247,9.3,2.11177,247,12.4,1.78092,257,13.0,2.21462,269,13.1,1.91706,277,14.3,1.18514,288,15.3,1.50706,302,24.2,1.92668,304,33.8,1.31589,288,50.0,1.71866,287,87.5,2.23261,287,123.1,6.00523,289,139.4,8.34496,297,146.1,5.20834,297,87.6,5.48478,292,47.9,3.56314,291,21.1,2.16305,293,3.7,1.01237,323,25.5,4.82475,85
2023-08-21 11:00:00,18.0,990.1,6.3,2.42615,264,9.8,2.11177,263,12.3,1.78092,270,15.2,2.21462,280,16.1,1.91706,284,15.9,1.18514,292,15.8,1.50706,306,23.3,1.92668,304,32.5,1.31589,287,47.9,1.71866,288,85.6,2.23261,290,129.5,6.00523,289,139.8,8.34496,295,148.1,5.20834,296,88.9,5.48478,290,47.5,3.56314,292,21.1,2.16305,293,5.8,1.01237,310,24.6,4.82475,92
2023-08-21 12:00:00,19.6,990.2,6.7,2.42615,274,10.5,2.11177,275,11.9,1.78092,278,13.4,2.21462,284,15.4,1.91706,292,16.8,1.18514,303,17.9,1.50706,310,23.5,1.92668,306,31.7,1.31589,286,47.9,1.71866,285,88.7,2.23261,288,131.3,6.00523,289,139.2,8.34496,294,141.9,5.20834,294,88.7,5.48478,288,50.0,3.56314,295,21.4,2.16305,295,5.0,1.01237,297,24.9,4.82475,99
2023-08-21 13:00:00,20.5,990.0,7.8,2.42615,272,11.6,2.11177,276,12.7,1.78092,281,13.2,2.21462,284,14.7,1.91706,293,17.7,1.18514,304,20.1,1.50706,309,22.9,1.92668,306,31.7,1.31589,286,47.0,1.71866,285,90.8,2.23261,288,125.9,6.00523,289,147.1,8.34496,295,145.2,5.20834,294,91.0,5.48478,292,50.4,3.56314,295,21.0,2.16305,297,6.0,1.01237,330,22.6,4.82475,107
2023-08-21 14:00:00,21.5,989.7,8.2,2.42615,281,11.9,2.11177,282,13.0,1.78092,285,13.3,2.21462,286,14.2,1.91706,291,16.4,1.18514,302,19.6,1.50706,311,21.0,1.92668,306,32.2,1.31589,288,49.4,1.71866,285,86.1,2.23261,291,127.1,6.00523,289,150.3,8.34496,293,147.6,5.20834,293,91.8,5.48478,293,52.4,3.56314,296,23.4,2.16305,292,5.3,1.01237,315,21.5,4.82475,110
2023-08-21 15:00:00,22.0,989.5,9.4,2.42615,295,13.8,2.11177,295,15.1,1.78092,295,15.7,2.21462,295,16.3,1.91706,295,17.0,1.18514,298,18.6,1.50706,307,21.2,1.92668,303,32.6,1.31589,293,48.9,1.71866,286,85.9,2.23261,293,128.1,6.00523,292,148.1,8.34496,295,152.1,5.20834,297,93.1,5.48478,294,56.0,3.56314,295,24.4,2.16305,293,6.0,1.01237,330,18.7,4.82475,113
2023-08-21 16:00:00,22.1,989.1,10.6,2.42615,298,15.7,2.11177,297,17.0,1.78092,297,17.6,2.21462,298,17.8,1.91706,299,17.5,1.18514,301,17.7,1.50706,304,22.1,1.92668,305,33.0,1.31589,299,50.5,1.71866,289,87.4,2.23261,294,136.6,6.00523,293,153.7,8.34496,296,154.4,5.20834,297,98.1,5.48478,294,55.1,3.56314,293,25.4,2.16305,294,5.4,1.01237,326,14.1,4.82475,108
2023-08-21 17:00:00,21.9,988.8,9.1,2.42615,287,13.9,2.11177,291,15.6,1.78092,295,16.4,2.21462,296,16.9,1.91706,299,17.5,1.18514,301,17.9,1.50706,304,21.9,1.92668,309,32.4,1.31589,302,53.1,1.71866,294,89.1,2.23261,295,138.6,6.00523,294,156.4,8.34496,296,156.1,5.20834,297,103.1,5.48478,294,55.8,3.56314,293,27.4,2.16305,299,6.9,1.01237,311,12.7,4.82475,90
2023-08-22 08:00:00,9.7,989.2,1.3,1.83815,211,8.3,1.71542,283,6.9,1.47577,290,7.1,1.52319,293,7.7,1.2834,294,9.2,0.48774,304,12.1,1.25786,314,16.0,2.63069,307,29.2,1.8415,310,54.0,1.28149,309,82.5,4.59642,305,137.1,8.40971,306,142.4,7.75372,308,138.1,4.41714,306,124.2,2.67424,306,60.8,2.19396,311,27.7,1.94676,333,11.4,1.0675,349,16.7,3.07327,80
2023-08-22 09:00:00,14.4,989.8,3.2,1.83815,258,7.4,1.71542,268,6.5,1.47577,272,6.0,1.52319,275,6.9,1.2834,281,9.3,0.48774,293,11.1,1.25786,308,15.2,2.63069,306,28.1,1.8415,312,55.0,1.28149,311,85.8,4.59642,307,135.9,8.40971,308,139.6,7.75372,311,133.7,4.41714,305,127.5,2.67424,308,59.3,2.19396,310,26.4,1.94676,335,13.6,1.0675,351,15.8,3.07327,71
2023-08-22 10:00:00,18.1,990.3,2.9,1.83815,261,5.4,1.71542,263,8.9,1.47577,273,9.8,1.52319,274,10.0,1.2834,277,8.5,0.48774,291,9.3,1.25786,307,15.0,2.63069,305,27.4,1.8415,310,55.6,1.28149,310,87.4,4.59642,307,133.9,8.40971,310,136.1,7.75372,309,131.2,4.41714,305,128.3,2.67424,309,58.2,2.19396,310,25.4,1.94676,336,12.3,1.0675,346,17.3,3.07327,65
2023-08-22 11:00:00,20.3,990.3,2.7,1.83815,215,4.3,1.71542,234,6.1,1.47577,252,8.0,1.52319,268,9.4,1.2834,276,9.4,0.48774,286,8.9,1.25786,299,14.8,2.63069,303,26.1,1.8415,307,55.1,1.28149,310,86.7,4.59642,308,133.0,8.40971,312,134.8,7.75372,311,131.2,4.41714,305,127.8,2.67424,309,59.7,2.19396,311,26.4,1.94676,335,11.4,1.0675,337,21.1,3.07327,67
2023-08-22 12:00:00,21.9,990.1,4.5,1.83815,200,6.1,1.71542,209,6.7,1.47577,221,6.9,1.52319,226,7.0,1.2834,239,8.8,0.48774,276,9.5,1.25786,289,15.7,2.63069,298,26.2,1.8415,306,54.6,1.28149,309,86.1,4.59642,308,131.5,8.40971,312,133.7,7.75372,309,129.7,4.41714,305,128.8,2.67424,309,59.8,2.19396,310,24.3,1.94676,333,10.8,1.0675,326,23.2,3.07327,75
2023-08-22 13:00:00,23.2,989.7,4.5,1.83815,237,6.6,1.71542,238,7.3,1.47577,243,7.7,1.52319,245,8.2,1.2834,248,9.2,0.48774,261,10.9,1.25786,283,15.0,2.63069,296,26.8,1.8415,303,56.4,1.28149,307,85.2,4.59642,307,126.5,8.40971,310,129.5,7.75372,304,130.2,4.41714,306,125.7,2.67424,309,60.0,2.19396,308,23.8,1.94676,328,12.4,1.0675,327,20.9,3.07327,86
2023-08-22 14:00:00,24.1,989.3,6.7,1.83815,249,9.1,1.71542,251,9.7,1.47577,254,10.0,1.52319,257,10.1,1.2834,260,10.0,0.48774,262,10.0,1.25786,274,13.0,2.63069,293,27.3,1.8415,299,57.0,1.28149,307,84.9,4.59642,306,119.7,8.40971,309,125.3,7.75372,304,128.7,4.41714,306,124.7,2.67424,308,61.9,2.19396,311,28.4,1.94676,330,12.7,1.0675,339,17.9,3.07327,73
2023-08-22 15:00:00,24.0,988.7,6.3,1.83815,266,9.3,1.71542,264,9.9,1.47577,264,10.3,1.52319,264,10.2,1.2834,264,10.0,0.48774,263,9.7,1.25786,274,11.4,2.63069,294,27.7,1.8415,296,55.9,1.28149,307,87.3,4.59642,305,117.3,8.40971,309,124.5,7.75372,303,126.4,4.41714,305,123.5,2.67424,307,62.4,2.19396,310,28.1,1.94676,328,13.0,1.0675,329,13.7,3.07327,61
2023-08-22 16:00:00,23.2,988.1,5.7,1.83815,259,8.0,1.71542,260,8.7,1.47577,262,9.1,1.52319,264,9.2,1.2834,263,8.8,0.48774,264,8.4,1.25786,270,9.7,2.63069,293,30.5,1.8415,298,57.7,1.28149,306,93.3,4.59642,305,115.6,8.40971,307,121.4,7.75372,303,125.5,4.41714,304,123.5,2.67424,307,62.9,2.19396,311,29.0,1.94676,325,13.7,1.0675,338,14.8,3.07327,45
2023-08-22 17:00:00,22.9,987.5,6.3,1.83815,266,9.1,1.71542,266,9.6,1.47577,266,9.8,1.52319,266,9.7,1.2834,265,9.1,0.48774,265,8.1,1.25786,266,8.7,2.63069,291,31.7,1.8415,300,57.7,1.28149,306,98.2,4.59642,304,118.4,8.40971,306,120.0,7.75372,305,122.3,4.41714,306,120.4,2.67424,309,65.7,2.19396,309,29.4,1.94676,324,13.9,1.0675,344,20.1,3.07327,42
2023-08-23 08:00:00,13.9,985.4,2.8,1.79679,241,9.5,2.80666,264,9.2,3.05985,285,5.3,3.15552,278,4.7,2.56092,243,3.7,2.02221,203,5.6,1.38824,161,5.2,0.99644,234,18.9,1.86082,297,50.8,1.83088,300,73.7,4.27972,302,88.1,6.13319,299,88.9,8.30147,303,85.0,4.45946,302,85.4,5.46406,304,53.8,3.7934,314,24.5,1.56546,340,20.5,6.19835,350,22.7,5.45944,81
2023-08-23 09:00:00,16.6,985.5,3.2,1.79679,278,4.9,2.80666,275,7.3,3.05985,264,4.3,3.15552,234,5.0,2.56092,201,5.6,2.02221,165,7.7,1.38824,159,6.3,0.99644,227,20.7,1.86082,295,54.1,1.83088,300,70.5,4.27972,300,80.9,6.13319,301,84.8,8.30147,304,81.2,4.45946,300,81.1,5.46406,298,52.7,3.7934,314,26.0,1.56546,336,21.8,6.19835,352,19.6,5.45944,99
2023-08-23 10:00:00,18.6,985.0,2.2,1.79679,294,2.8,2.80666,294,3.0,3.05985,299,1.8,3.15552,254,3.4,2.56092,184,7.2,2.02221,162,9.6,1.38824,165,5.5,0.99644,219,21.4,1.86082,298,52.8,1.83088,301,67.5,4.27972,301,82.7,6.13319,304,84.0,8.30147,305,76.9,4.45946,300,76.4,5.46406,297,51.8,3.7934,310,29.1,1.56546,337,22.4,6.19835,356,17.3,5.45944,97
2023-08-23 11:00:00,20.3,984.8,0.5,1.79679,333,0.5,2.80666,297,0.3,3.05985,315,0.4,3.15552,135,3.2,2.56092,145,7.6,2.02221,149,9.6,1.38824,159,6.3,0.99644,218,22.3,1.86082,297,51.5,1.83088,301,66.5,4.27972,300,79.8,6.13319,303,83.4,8.30147,306,73.8,4.45946,300,75.4,5.46406,296,51.5,3.7934,309,27.3,1.56546,334,19.4,6.19835,358,13.4,5.45944,93
2023-08-23 12:00:00,21.5,984.6,1.8,1.79679,120,2.4,2.80666,119,2.9,3.05985,114,3.1,3.15552,119,3.6,2.56092,120,6.6,2.02221,133,9.2,1.38824,147,5.8,0.99644,217,23.7,1.86082,295,50.8,1.83088,300,65.8,4.27972,299,84.6,6.13319,305,86.7,8.30147,305,73.0,4.45946,297,72.7,5.46406,296,49.2,3.7934,311,25.7,1.56546,324,14.9,6.19835,360,9.7,5.45944,94
2023-08-23 13:00:00,22.9,984.0,4.0,1.79679,133,5.1,2.80666,133,6.1,3.05985,132,6.8,3.15552,129,7.0,2.56092,129,8.6,2.02221,131,9.5,1.38824,139,5.8,0.99644,217,23.9,1.86082,297,49.5,1.83088,301,65.1,4.27972,300,89.8,6.13319,306,90.4,8.30147,305,77.0,4.45946,297,73.0,5.46406,296,47.0,3.7934,313,28.1,1.56546,320,9.7,6.19835,4,8.2,5.45944,85
2023-08-23 14:00:00,23.3,983.3,3.4,1.79679,127,4.6,2.80666,131,6.0,3.05985,140,6.9,3.15552,139,7.8,2.56092,140,8.8,2.02221,140,9.5,1.38824,142,4.7,0.99644,204,23.9,1.86082,299,48.5,1.83088,301,67.0,4.27972,297,92.4,6.13319,304,92.0,8.30147,303,76.4,4.45946,295,72.4,5.46406,298,43.8,3.7934,312,28.8,1.56546,323,10.4,6.19835,360,6.7,5.45944,63
2023-08-23 15:00:00,23.5,982.7,5.7,1.79679,154,7.5,2.80666,154,8.6,3.05985,153,9.3,3.15552,153,9.4,2.56092,152,9.9,2.02221,149,10.3,1.38824,147,4.2,0.99644,180,24.3,1.86082,303,48.6,1.83088,302,69.7,4.27972,299,93.1,6.13319,305,94.0,8.30147,306,85.1,4.45946,299,68.4,5.46406,298,43.4,3.7934,309,28.4,1.56546,330,9.8,6.19835,351,6.9,5.45944,41
2023-08-23 16:00:00,23.6,982.0,4.9,1.79679,164,6.8,2.80666,162,7.9,3.05985,160,8.3,3.15552,159,8.8,2.56092,156,9.5,2.02221,153,9.6,1.38824,151,3.6,0.99644,167,24.5,1.86082,304,49.0,1.83088,303,71.9,4.27972,301,94.3,6.13319,307,104.4,8.30147,309,82.4,4.45946,302,67.4,5.46406,298,46.1,3.7934,304,28.3,1.56546,333,7.5,6.19835,360,13.2,5.45944,43
2023-08-23 17:00:00,22.4,981.6,6.3,1.79679,180,8.1,2.80666,177,9.3,3.05985,171,9.6,3.15552,165,9.6,2.56092,161,9.9,2.02221,153,9.9,1.38824,148,3.8,0.99644,156,23.8,1.86082,304,50.5,1.83088,304,78.9,4.27972,301,97.7,6.13319,308,107.3,8.30147,311,82.5,4.45946,300,72.4,5.46406,298,45.8,3.7934,307,26.0,1.56546,336,6.8,6.19835,354,14.2,5.45944,43
2023-08-24 08:00:00,14.8,978.2,2.6,1.1412,149,6.9,0.5646,147,14.4,2.03568,150,15.9,2.71148,166,18.4,3.15702,172,23.3,4.09585,170,22.1,3.46796,175,13.5,2.55352,267,30.5,2.04776,285,50.7,5.70739,290,61.9,5.56825,285,75.6,4.0413,280,88.6,1.65985,285,94.7,1.53101,296,75.7,2.30422,295,48.9,3.91761,301,21.4,2.47647,335,9.4,2.29046,342,16.4,4.62804,66
2023-08-24 09:00:00,15.7,978.2,5.0,1.1412,159,7.2,0.5646,159,15.7,2.03568,161,18.0,2.71148,170,20.1,3.15702,175,24.2,4.09585,174,23.3,3.46796,180,14.8,2.55352,261,32.2,2.04776,286,50.5,5.70739,289,58.6,5.56825,285,83.7,4.0413,279,91.2,1.65985,285,92.0,1.53101,296,76.9,2.30422,293,48.2,3.91761,302,19.8,2.47647,340,8.2,2.29046,355,14.5,4.62804,78
2023-08-24 10:00:00,17.9,977.5,5.5,1.1412,153,6.9,0.5646,154,12.6,2.03568,160,17.4,2.71148,168,19.2,3.15702,171,21.3,4.09585,176,20.4,3.46796,189,16.3,2.55352,263,32.9,2.04776,283,49.1,5.70739,287,58.2,5.56825,283,87.9,4.0413,280,91.5,1.65985,284,92.8,1.53101,295,78.9,2.30422,292,48.0,3.91761,303,19.1,2.47647,329,8.7,2.29046,340,12.8,4.62804,97
2023-08-24 11:00:00,19.1,977.4,6.8,1.1412,163,8.4,0.5646,161,11.9,2.03568,162,14.4,2.71148,166,17.7,3.15702,170,20.1,4.09585,177,17.8,3.46796,196,19.3,2.55352,265,31.6,2.04776,281,43.2,5.70739,285,57.6,5.56825,280,82.0,4.0413,278,86.7,1.65985,281,89.9,1.53101,293,78.1,2.30422,291,44.9,3.91761,302,19.6,2.47647,320,6.1,2.29046,346,11.4,4.62804,122
2023-08-24 12:00:00,18.9,977.4,6.0,1.1412,167,7.4,0.5646,166,12.4,2.03568,167,14.3,2.71148,168,16.1,3.15702,171,17.6,4.09585,178,14.9,3.46796,203,19.3,2.55352,269,30.8,2.04776,283,41.1,5.70739,286,56.3,5.56825,281,81.2,4.0413,277,89.6,1.65985,281,91.0,1.53101,292,78.8,2.30422,289,42.8,3.91761,301,19.1,2.47647,309,8.5,2.29046,345,11.1,4.62804,132
2023-08-24 13:00:00,18.0,977.3,5.2,1.1412,162,6.4,0.5646,161,10.9,2.03568,167,12.7,2.71148,170,14.1,3.15702,174,15.6,4.09585,185,14.9,3.46796,211,19.7,2.55352,274,27.4,2.04776,285,38.0,5.70739,286,55.7,5.56825,282,77.8,4.0413,279,87.2,1.65985,283,89.5,1.53101,291,81.6,2.30422,288,42.7,3.91761,299,19.7,2.47647,299,4.5,2.29046,9,7.0,4.62804,148
2023-08-24 14:00:00,17.4,976.7,6.1,1.1412,152,7.2,0.5646,151,10.3,2.03568,155,11.3,2.71148,162,13.1,3.15702,172,14.9,4.09585,194,14.5,3.46796,227,18.9,2.55352,282,27.0,2.04776,286,38.0,5.70739,286,53.2,5.56825,285,76.2,4.0413,282,89.5,1.65985,283,90.3,1.53101,288,83.1,2.30422,286,41.4,3.91761,293,20.8,2.47647,291,2.1,2.29046,315,3.1,4.62804,194
2023-08-24 15:00:00,18.2,976.5,6.3,1.1412,138,7.4,0.5646,139,10.0,2.03568,153,11.4,2.71148,171,12.8,3.15702,187,14.2,4.09585,211,14.8,3.46796,240,19.1,2.55352,279,27.9,2.04776,285,38.0,5.70739,286,51.7,5.56825,285,76.7,4.0413,283,91.0,1.65985,285,91.5,1.53101,289,81.2,2.30422,285,39.4,3.91761,289,22.7,2.47647,297,5.7,2.29046,337,2.7,4.62804,304
2023-08-24 16:00:00,18.0,976.2,5.5,1.1412,133,6.7,0.5646,136,9.7,2.03568,145,10.8,2.71148,162,12.3,3.15702,185,14.2,4.09585,217,15.6,3.46796,249,20.0,2.55352,281,29.1,2.04776,286,37.7,5.70739,288,46.5,5.56825,289,77.4,4.0413,286,90.3,1.65985,287,91.5,1.53101,289,79.0,2.30422,284,39.1,3.91761,288,25.1,2.47647,300,8.3,2.29046,350,6.4,4.62804,339
2023-08-24 17:00:00,17.7,976.2,5.7,1.1412,138,6.6,0.5646,138,9.9,2.03568,148,10.9,2.71148,164,11.5,3.15702,186,13.0,4.09585,222,14.0,3.46796,257,21.7,2.55352,287,29.6,2.04776,289,36.8,5.70739,291,44.2,5.56825,292,76.6,4.0413,288,90.6,1.65985,287,90.6,1.53101,287,77.2,2.30422,280,38.7,3.91761,286,25.9,2.47647,303,7.7,2.29046,331,9.7,4.62804,356
2023-08-25 08:00:00,16.0,975.7,3.3,1.99335,254,3.5,2.62003,259,8.7,2.42221,298,10.6,1.54305,304,13.1,1.24762,301,16.5,2.39,294,20.7,2.3421,296,25.9,1.98673,297,32.5,2.78161,287,36.7,3.61787,283,49.6,2.95637,277,84.4,10.91515,281,109.8,14.2533,277,93.3,3.57839,273,81.3,2.29298,268,36.1,1.40099,277,18.1,3.19967,308,5.8,1.22855,320,6.9,2.75229,49
2023-08-25 09:00:00,16.8,975.8,3.6,1.99335,281,3.8,2.62003,281,8.7,2.42221,294,12.9,1.54305,299,14.5,1.24762,297,16.2,2.39,289,19.4,2.3421,292,26.5,1.98673,289,31.8,2.78161,283,36.1,3.61787,277,47.9,2.95637,274,81.7,10.91515,276,110.2,14.2533,276,94.0,3.57839,269,77.8,2.29298,265,34.5,1.40099,276,16.0,3.19967,307,5.8,1.22855,310,11.6,2.75229,50
2023-08-25 10:00:00,17.5,976.2,5.6,1.99335,270,6.0,2.62003,270,10.2,2.42221,284,14.0,1.54305,292,15.4,1.24762,294,17.5,2.39,293,19.3,2.3421,291,24.3,1.98673,285,30.3,2.78161,279,34.4,3.61787,275,44.0,2.95637,271,76.1,10.91515,273,111.9,14.2533,277,94.3,3.57839,265,78.9,2.29298,263,33.7,1.40099,275,13.3,3.19967,308,5.4,1.22855,286,13.9,2.75229,74
2023-08-25 11:00:00,18.3,976.2,6.0,1.99335,285,6.8,2.62003,286,11.3,2.42221,287,14.8,1.54305,292,16.7,1.24762,293,19.5,2.39,291,20.4,2.3421,286,23.9,1.98673,284,29.2,2.78161,277,34.3,3.61787,271,42.0,2.95637,264,76.8,10.91515,270,109.7,14.2533,277,94.4,3.57839,265,81.2,2.29298,263,34.4,1.40099,274,13.4,3.19967,304,4.0,1.22855,292,15.2,2.75229,79
2023-08-25 12:00:00,17.9,976.3,6.9,1.99335,291,7.9,2.62003,291,12.7,2.42221,295,15.0,1.54305,298,15.8,1.24762,300,17.5,2.39,295,20.1,2.3421,287,25.0,1.98673,280,29.6,2.78161,275,33.6,3.61787,271,43.2,2.95637,260,81.3,10.91515,271,109.4,14.2533,275,94.5,3.57839,264,81.2,2.29298,263,35.8,1.40099,269,12.3,3.19967,284,4.5,1.22855,270,14.9,2.75229,87
2023-08-25 13:00:00,19.5,976.3,8.1,1.99335,278,9.1,2.62003,279,13.2,2.42221,288,14.2,1.54305,294,15.1,1.24762,297,17.0,2.39,296,19.4,2.3421,289,25.5,1.98673,280,29.5,2.78161,273,32.8,3.61787,270,44.2,2.95637,258,72.9,10.91515,263,106.9,14.2533,274,89.2,3.57839,264,81.5,2.29298,261,35.1,1.40099,272,14.3,3.19967,279,5.0,1.22855,297,15.7,2.75229,95
2023-08-25 14:00:00,18.1,976.5,8.8,1.99335,308,10.4,2.62003,309,14.8,2.42221,306,15.3,1.54305,304,15.7,1.24762,301,16.1,2.39,298,17.4,2.3421,292,25.1,1.98673,281,28.0,2.78161,273,29.8,3.61787,269,42.4,2.95637,260,65.2,10.91515,259,97.7,14.2533,269,96.5,3.57839,265,82.5,2.29298,260,36.6,1.40099,272,15.7,3.19967,275,3.0,1.22855,270,14.2,2.75229,133
2023-08-25 15:00:00,18.4,976.6,8.1,1.99335,326,9.4,2.62003,327,14.0,2.42221,324,14.6,1.54305,322,14.6,1.24762,319,14.8,2.39,306,17.4,2.3421,292,24.7,1.98673,280,27.5,2.78161,272,29.2,3.61787,266,41.9,2.95637,265,61.5,10.91515,256,83.5,14.2533,268,94.5,3.57839,264,82.9,2.29298,259,35.9,1.40099,274,18.6,3.19967,270,2.4,1.22855,198,14.7,2.75229,156
2023-08-25 16:00:00,17.5,977.0,7.1,1.99335,332,8.6,2.62003,333,12.3,2.42221,332,12.7,1.54305,332,12.6,1.24762,330,12.0,2.39,313,14.9,2.3421,293,21.7,1.98673,282,25.5,2.78161,276,26.9,3.61787,267,40.3,2.95637,267,59.2,10.91515,253,75.4,14.2533,267,93.6,3.57839,265,76.7,2.29298,263,33.0,1.40099,276,20.1,3.19967,272,3.3,1.22855,243,14.3,2.75229,171
2023-08-25 17:00:00,17.1,977.2,8.8,1.99335,341,11.2,2.62003,339,15.7,2.42221,339,15.8,1.54305,339,15.4,1.24762,338,12.0,2.39,324,13.9,2.3421,299,20.0,1.98673,289,23.3,2.78161,281,26.9,3.61787,268,41.2,2.95637,265,52.4,10.91515,259,80.6,14.2533,272,84.1,3.57839,263,77.0,2.29298,266,32.4,1.40099,278,21.9,3.19967,280,5.4,1.22855,236,10.4,2.75229,201
2023-08-26 08:00:00,7.4,985.4,6.8,0.68484,349,12.9,1.1392,352,16.8,1.6173,359,21.3,2.94271,14,22.9,3.84027,23,22.6,4.20402,15,23.0,2.21683,360,18.8,1.64198,345,20.5,1.83451,325,25.8,2.05559,314,38.9,4.67138,306,53.0,10.14756,302,66.7,11.81961,297,64.0,5.99949,291,46.1,1.86264,284,35.2,1.66933,291,21.3,3.024,306,3.0,1.81108,270,6.9,1.44257,41
2023-08-26 09:00:00,7.5,986.1,7.7,0.68484,350,12.8,1.1392,354,14.7,1.6173,357,18.3,2.94271,11,21.7,3.84027,21,23.9,4.20402,17,23.4,2.21683,5,18.4,1.64198,350,19.5,1.83451,327,24.8,2.05559,311,38.9,4.67138,302,56.7,10.14756,297,67.6,11.81961,292,59.4,5.99949,290,44.7,1.86264,285,35.2,1.66933,291,20.7,3.024,300,2.4,1.81108,288,9.1,1.44257,55
2023-08-26 10:00:00,8.1,986.8,7.3,0.68484,348,11.8,1.1392,350,13.6,1.6173,353,17.1,2.94271,7,21.2,3.84027,17,25.8,4.20402,17,24.6,2.21683,9,18.7,1.64198,353,19.6,1.83451,329,23.8,2.05559,311,37.7,4.67138,297,58.5,10.14756,289,66.7,11.81961,288,55.4,5.99949,287,44.7,1.86264,285,34.7,1.66933,289,22.0,3.024,298,6.4,1.81108,291,8.1,1.44257,56
2023-08-26 11:00:00,10.2,987.3,6.8,0.68484,352,10.8,1.1392,353,12.4,1.6173,353,15.0,2.94271,2,20.4,3.84027,15,24.4,4.20402,22,23.4,2.21683,15,18.2,1.64198,354,19.1,1.83451,331,22.2,2.05559,312,35.4,4.67138,292,59.3,10.14756,285,64.2,11.81961,285,51.9,5.99949,286,43.0,1.86264,284,33.5,1.66933,287,22.1,3.024,303,7.0,1.81108,302,8.3,1.44257,80
2023-08-26 12:00:00,12.2,987.5,6.9,0.68484,360,10.2,1.1392,359,11.6,1.6173,358,12.2,2.94271,359,17.2,3.84027,15,24.1,4.20402,27,22.5,2.21683,20,17.7,1.64198,359,18.0,1.83451,338,20.6,2.05559,316,32.4,4.67138,293,61.0,10.14756,282,65.1,11.81961,286,50.3,5.99949,285,41.3,1.86264,287,32.8,1.66933,287,22.7,3.024,297,6.1,1.81108,284,6.9,1.44257,77
2023-08-26 13:00:00,13.8,987.3,6.3,0.68484,352,9.6,1.1392,353,11.3,1.6173,356,12.2,2.94271,360,13.7,3.84027,9,22.0,4.20402,28,21.6,2.21683,21,18.5,1.64198,4,17.3,1.83451,346,19.5,2.05559,317,31.0,4.67138,294,58.5,10.14756,281,57.9,11.81961,285,48.3,5.99949,283,40.4,1.86264,286,31.7,1.66933,285,23.4,3.024,292,4.8,1.81108,309,7.1,1.44257,72
2023-08-26 14:00:00,15.4,987.1,7.4,0.68484,353,10.9,1.1392,355,12.5,1.6173,357,13.0,2.94271,358,13.5,3.84027,360,18.9,4.20402,22,21.1,2.21683,22,18.7,1.64198,8,17.0,1.83451,351,20.1,2.05559,318,28.7,4.67138,298,49.4,10.14756,285,47.4,11.81961,286,47.9,5.99949,285,40.8,1.86264,288,30.9,1.66933,285,25.2,3.024,289,6.9,1.81108,319,5.7,1.44257,67
2023-08-26 15:00:00,16.5,986.8,7.9,0.68484,355,11.4,1.1392,355,13.0,1.6173,359,13.5,2.94271,360,13.8,3.84027,2,16.3,4.20402,17,19.6,2.21683,25,16.0,1.64198,10,15.8,1.83451,354,21.3,2.05559,324,27.7,4.67138,306,37.9,10.14756,302,41.4,11.81961,298,49.1,5.99949,287,42.0,1.86264,290,31.1,1.66933,287,26.9,3.024,289,3.3,1.81108,333,5.3,1.44257,82
2023-08-26 16:00:00,17.7,986.4,8.1,0.68484,358,11.8,1.1392,359,13.2,1.6173,1,14.0,2.94271,2,14.1,3.84027,3,15.0,4.20402,11,18.9,2.21683,27,14.8,1.64198,9,15.3,1.83451,356,22.4,2.05559,330,28.1,4.67138,320,35.7,10.14756,334,41.2,11.81961,311,47.2,5.99949,291,42.9,1.86264,290,32.4,1.66933,285,29.3,3.024,297,2.7,1.81108,326,6.0,1.44257,83
2023-08-26 17:00:00,17.9,986.0,8.5,0.68484,6,12.8,1.1392,5,14.2,1.6173,5,14.6,2.94271,6,14.6,3.84027,6,14.6,4.20402,9,17.8,2.21683,27,14.7,1.64198,6,15.8,1.83451,356,21.4,2.05559,335,28.0,4.67138,331,36.8,10.14756,339,40.7,11.81961,319,45.0,5.99949,297,43.6,1.86264,290,31.5,1.66933,284,28.1,3.024,302,5.4,1.81108,304,4.5,1.44257,99
2023-08-27 08:00:00,3.4,985.6,1.6,0.885,180,3.5,0.90578,184,4.4,1.04078,171,2.5,0.94257,143,3.7,1.28496,82,2.4,1.95118,45,5.6,1.16027,333,2.8,2.98457,344,7.1,2.48185,4,12.0,2.22114,353,16.3,3.99171,16,26.2,8.65987,5,25.5,8.86379,353,31.2,2.40509,320,35.2,1.21179,302,33.8,1.21088,292,21.4,2.81267,299,9.0,1.56876,294,1.7,2.6472,27
2023-08-27 09:00:00,8.9,986.6,0.9,0.885,194,2.2,0.90578,198,4.3,1.04078,180,2.8,0.94257,153,3.5,1.28496,103,2.2,1.95118,40,6.0,1.16027,332,2.5,2.98457,309,5.2,2.48185,349,10.7,2.22114,348,13.9,3.99171,16,24.3,8.65987,11,23.9,8.86379,2,28.1,2.40509,320,34.0,1.21179,299,34.2,1.21088,290,21.4,2.81267,299,8.0,1.56876,292,2.1,2.6472,45
2023-08-27 10:00:00,13.8,986.8,1.1,0.885,191,1.7,0.90578,196,2.4,1.04078,180,2.7,0.94257,112,4.7,1.28496,90,3.7,1.95118,58,6.0,1.16027,339,2.7,2.98457,278,4.1,2.48185,330,10.1,2.22114,343,12.1,3.99171,11,22.2,8.65987,14,22.6,8.86379,8,28.5,2.40509,315,35.1,1.21179,294,33.0,1.21088,288,20.0,2.81267,297,10.1,1.56876,287,3.7,2.6472,53
2023-08-27 11:00:00,16.6,986.3,1.8,0.885,166,2.3,0.90578,174,2.5,1.04078,169,3.4,0.94257,117,6.1,1.28496,100,1.8,1.95118,51,6.3,1.16027,333,3.6,2.98457,257,3.6,2.48185,315,8.7,2.22114,340,8.9,3.99171,360,17.4,8.65987,10,17.4,8.86379,10,25.9,2.40509,311,33.8,1.21179,292,31.1,1.21088,287,20.8,2.81267,291,9.0,1.56876,275,4.3,2.6472,59
2023-08-27 12:00:00,18.0,986.2,3.4,0.885,122,4.0,0.90578,126,3.7,1.04078,135,3.7,0.94257,138,3.7,1.28496,135,0.3,1.95118,360,6.5,1.16027,325,5.4,2.98457,249,3.7,2.48185,286,7.0,2.22114,328,6.1,3.99171,346,14.3,8.65987,9,12.0,8.86379,4,25.2,2.40509,304,34.4,1.21179,288,34.0,1.21088,285,20.8,2.81267,285,7.6,1.56876,281,6.8,2.6472,84
2023-08-27 13:00:00,18.7,985.4,2.9,0.885,157,3.6,0.90578,153,3.7,1.04078,148,3.4,0.94257,138,2.8,1.28496,131,0.8,1.95118,90,4.7,1.16027,323,7.4,2.98457,249,5.1,2.48185,270,5.8,2.22114,310,3.7,3.99171,307,9.1,8.65987,9,8.0,8.86379,22,23.6,2.40509,288,34.2,1.21179,286,33.5,1.21088,287,21.5,2.81267,284,9.8,1.56876,261,7.7,2.6472,119
2023-08-27 14:00:00,19.2,984.9,1.4,0.885,129,1.5,0.90578,141,1.4,1.04078,180,1.7,0.94257,207,1.8,1.28496,225,2.3,1.95118,256,3.8,1.16027,279,7.1,2.98457,248,5.3,2.48185,253,5.4,2.22114,286,5.7,3.99171,247,5.4,8.65987,344,5.4,8.86379,16,25.7,2.40509,287,31.9,1.21179,281,32.8,1.21088,282,23.5,2.81267,281,9.7,1.56876,270,9.0,2.6472,132
2023-08-27 15:00:00,20.0,984.3,2.1,0.885,221,2.6,0.90578,225,2.9,1.04078,228,3.2,0.94257,231,3.4,1.28496,238,4.1,1.95118,245,5.5,1.16027,254,8.6,2.98457,243,7.3,2.48185,236,6.1,2.22114,256,8.7,3.99171,239,3.7,8.65987,323,3.7,8.86379,37,24.8,2.40509,286,34.5,1.21179,276,31.9,1.21088,281,26.9,2.81267,289,11.2,1.56876,274,8.3,2.6472,153
2023-08-27 16:00:00,20.5,983.5,2.9,0.885,180,3.5,0.90578,188,4.1,1.04078,208,4.5,0.94257,218,4.8,1.28496,225,5.3,1.95118,234,6.7,1.16027,248,9.5,2.98457,238,9.5,2.48185,234,7.8,2.22114,253,10.4,3.99171,240,4.5,8.65987,261,2.4,8.86379,198,27.1,2.40509,278,36.6,1.21179,272,32.3,1.21088,277,27.0,2.81267,294,10.5,1.56876,274,7.8,2.6472,163
2023-08-27 17:00:00,20.6,982.7,3.0,0.885,193,3.7,0.90578,202,4.5,1.04078,216,4.9,0.94257,225,5.5,1.28496,229,6.5,1.95118,236,8.1,1.16027,247,10.3,2.98457,243,10.9,2.48185,233,8.7,2.22114,239,12.8,3.99171,234,6.9,8.65987,229,6.8,8.86379,186,29.9,2.40509,273,35.1,1.21179,274,35.2,1.21088,275,26.7,2.81267,300,13.0,1.56876,257,6.7,2.6472,180
2023-08-28 08:00:00,6.2,979.3,3.6,1.77826,191,9.2,1.57537,208,15.6,1.55063,233,16.0,1.92668,230,16.7,3.2005,227,18.9,3.74522,230,20.1,2.84075,238,21.0,1.49384,250,20.4,2.1396,264,18.7,3.99772,272,22.4,5.69908,268,23.3,6.93305,263,27.7,7.69505,256,42.6,3.11678,267,47.7,2.56809,268,33.6,3.18554,271,26.2,2.82968,275,15.7,1.36691,265,2.2,2.12971,180
2023-08-28 09:00:00,10.3,979.6,4.8,1.77826,208,6.8,1.57537,208,15.8,1.55063,224,16.6,1.92668,227,18.6,3.2005,227,21.3,3.74522,230,20.6,2.84075,241,21.8,1.49384,257,20.4,2.1396,266,18.6,3.99772,270,23.1,5.69908,272,24.0,6.93305,265,26.9,7.69505,256,43.3,3.11678,267,48.5,2.56809,268,33.7,3.18554,265,26.5,2.82968,280,15.7,1.36691,267,2.4,2.12971,198
2023-08-28 10:00:00,14.7,979.6,6.2,1.77826,221,8.4,1.57537,222,15.0,1.55063,228,19.2,1.92668,232,21.9,3.2005,233,23.2,3.74522,236,21.9,2.84075,247,21.4,1.49384,262,20.9,2.1396,269,19.4,3.99772,268,23.4,5.69908,279,25.4,6.93305,267,28.7,7.69505,261,43.3,3.11678,267,49.3,2.56809,267,35.2,3.18554,265,24.4,2.82968,282,13.5,1.36691,264,3.8,2.12971,191
2023-08-28 11:00:00,17.3,979.6,6.9,1.77826,209,9.3,1.57537,212,12.2,1.55063,216,17.7,1.92668,227,23.5,3.2005,235,25.0,3.74522,239,22.3,2.84075,249,19.5,1.49384,261,20.9,2.1396,264,19.5,3.99772,263,22.7,5.69908,279,30.7,6.93305,276,32.9,7.69505,274,44.1,3.11678,266,49.6,2.56809,263,36.7,3.18554,264,22.1,2.82968,282,13.7,1.36691,257,6.1,2.12971,194
2023-08-28 12:00:00,19.3,979.4,8.6,1.77826,211,11.1,1.57537,213,14.3,1.55063,216,15.9,1.92668,221,18.2,3.2005,228,22.4,3.74522,242,21.1,2.84075,253,19.8,1.49384,263,21.7,2.1396,259,21.7,3.99772,266,24.3,5.69908,281,32.0,6.93305,282,32.9,7.69505,283,42.7,3.11678,265,49.2,2.56809,260,39.7,3.18554,265,20.2,2.82968,274,11.8,1.36691,252,7.1,2.12971,198
2023-08-28 13:00:00,21.0,979.5,9.2,1.77826,221,12.0,1.57537,221,15.6,1.55063,225,16.8,1.92668,227,17.3,3.2005,229,18.8,3.74522,239,21.0,2.84075,255,18.2,1.49384,266,22.3,2.1396,258,23.1,3.99772,272,26.2,5.69908,285,39.7,6.93305,298,42.1,7.69505,300,44.3,3.11678,263,49.0,2.56809,261,40.3,3.18554,268,21.6,2.82968,270,13.4,1.36691,251,7.8,2.12971,197
2023-08-28 14:00:00,22.2,978.9,8.4,1.77826,220,10.8,1.57537,222,14.1,1.55063,227,15.3,1.92668,230,15.9,3.2005,232,16.7,3.74522,236,18.1,2.84075,251,17.8,1.49384,264,23.6,2.1396,256,24.6,3.99772,270,29.3,5.69908,277,38.0,6.93305,290,42.9,7.69505,290,47.7,3.11678,256,50.9,2.56809,259,41.0,3.18554,268,26.1,2.82968,273,13.6,1.36691,261,6.8,2.12971,186
2023-08-28 15:00:00,22.6,978.7,8.2,1.77826,225,10.3,1.57537,226,13.3,1.55063,229,14.1,1.92668,231,14.7,3.2005,233,14.9,3.74522,237,15.1,2.84075,244,18.1,1.49384,268,24.8,2.1396,259,26.1,3.99772,268,32.1,5.69908,269,37.6,6.93305,277,42.0,7.69505,282,49.2,3.11678,260,54.3,2.56809,261,40.4,3.18554,266,28.4,2.82968,275,15.1,1.36691,250,5.4,2.12971,214
2023-08-28 16:00:00,22.7,978.3,7.6,1.77826,238,9.4,1.57537,237,12.7,1.55063,238,13.7,1.92668,237,14.4,3.2005,238,15.1,3.74522,240,15.6,2.84075,244,18.1,1.49384,269,25.2,2.1396,262,26.9,3.99772,265,35.3,5.69908,263,38.0,6.93305,269,42.0,7.69505,276,49.5,3.11678,264,53.7,2.56809,260,41.9,3.18554,265,27.8,2.82968,276,15.4,1.36691,256,3.7,2.12971,217
2023-08-28 17:00:00,22.1,977.8,6.5,1.77826,229,7.9,1.57537,230,11.4,1.55063,235,12.8,1.92668,237,13.7,3.2005,239,14.7,3.74522,240,15.3,2.84075,243,18.9,1.49384,268,26.1,2.1396,264,30.2,3.99772,261,38.0,5.69908,259,41.8,6.93305,272,48.5,7.69505,271,50.4,3.11678,262,54.6,2.56809,260,40.6,3.18554,263,27.1,2.82968,278,15.9,1.36691,259,2.4,2.12971,252
2023-08-29 08:00:00,14.6,975.9,1.6,2.7313,344,2.0,3.84453,339,3.6,5.9324,352,3.5,7.01466,4,1.7,8.19703,321,7.1,3.528,254,12.2,3.80352,246,18.3,3.14042,248,23.2,2.59324,247,31.1,3.61326,240,43.8,5.38831,247,66.7,4.2989,252,81.2,6.08601,250,54.1,3.27339,255,55.6,4.26178,258,41.2,2.17817,265,24.6,2.12488,270,18.9,3.16621,261,9.5,4.81974,321
2023-08-29 09:00:00,12.4,976.3,6.8,2.7313,352,8.4,3.84453,355,11.8,5.9324,2,9.5,7.01466,12,4.2,8.19703,22,4.3,3.528,238,9.4,3.80352,236,15.9,3.14042,238,21.3,2.59324,237,28.5,3.61326,237,41.1,5.38831,241,65.4,4.2989,241,77.4,6.08601,241,51.4,3.27339,253,55.2,4.26178,257,42.7,2.17817,265,26.1,2.12488,270,17.9,3.16621,270,7.3,4.81974,336
2023-08-29 10:00:00,10.7,976.3,9.7,2.7313,9,12.5,3.84453,10,19.3,5.9324,10,19.0,7.01466,13,12.1,8.19703,19,2.7,3.528,252,8.8,3.80352,238,15.9,3.14042,229,20.9,2.59324,229,26.7,3.61326,234,37.4,5.38831,235,61.6,4.2989,235,68.9,6.08601,236,49.3,3.27339,250,55.0,4.26178,254,43.4,2.17817,266,27.6,2.12488,270,18.7,3.16621,275,4.5,4.81974,351
2023-08-29 11:00:00,10.3,976.6,8.1,2.7313,5,10.5,3.84453,5,17.9,5.9324,14,20.0,7.01466,20,17.7,8.19703,30,1.7,3.528,59,7.2,3.80352,239,16.1,3.14042,226,19.8,2.59324,224,26.0,3.61326,231,34.5,5.38831,231,54.9,4.2989,228,59.8,6.08601,230,48.7,3.27339,245,51.7,4.26178,255,42.2,2.17817,262,30.6,2.12488,271,19.9,3.16621,283,1.7,4.81974,27
2023-08-29 12:00:00,10.1,976.8,9.3,2.7313,8,12.0,3.84453,9,18.0,5.9324,13,19.1,7.01466,17,17.2,8.19703,29,5.1,3.528,56,4.6,3.80352,228,14.5,3.14042,222,19.1,2.59324,222,25.3,3.61326,225,33.9,5.38831,230,53.3,4.2989,227,66.2,6.08601,230,47.7,3.27339,245,50.5,4.26178,254,43.6,2.17817,257,31.4,2.12488,274,16.7,3.16621,280,2.7,4.81974,236
2023-08-29 13:00:00,10.0,977.0,7.7,2.7313,8,10.9,3.84453,11,17.0,5.9324,16,19.2,7.01466,22,18.0,8.19703,34,6.7,3.528,68,3.2,3.80352,209,13.4,3.14042,221,19.1,2.59324,220,23.7,3.61326,226,31.6,5.38831,236,61.2,4.2989,227,72.8,6.08601,226,44.0,3.27339,244,49.8,4.26178,253,44.3,2.17817,257,30.8,2.12488,277,16.5,3.16621,288,5.8,4.81974,220
2023-08-29 14:00:00,9.7,976.9,9.5,2.7313,8,12.7,3.84453,8,18.6,5.9324,13,20.1,7.01466,19,19.2,8.19703,30,7.3,3.528,62,1.6,3.80352,191,11.6,3.14042,217,17.3,2.59324,220,22.7,3.61326,224,30.4,5.38831,234,60.7,4.2989,224,73.8,6.08601,223,45.4,3.27339,240,46.9,4.26178,252,42.6,2.17817,259,29.0,2.12488,282,13.9,3.16621,286,11.6,4.81974,225
2023-08-29 15:00:00,9.4,977.2,9.6,2.7313,1,13.2,3.84453,4,20.6,5.9324,11,23.0,7.01466,17,22.3,8.19703,26,9.8,3.528,49,1.6,3.80352,90,10.4,3.14042,219,16.3,2.59324,219,21.6,3.61326,226,30.7,5.38831,231,57.9,4.2989,218,68.8,6.08601,220,45.4,3.27339,243,45.5,4.26178,252,43.7,2.17817,262,29.3,2.12488,285,11.9,3.16621,270,12.5,4.81974,253
2023-08-29 16:00:00,9.2,977.1,10.3,2.7313,4,14.4,3.84453,6,22.6,5.9324,12,24.7,7.01466,16,24.5,8.19703,24,11.2,3.528,45,2.0,3.80352,72,9.9,3.14042,219,16.6,2.59324,220,21.7,3.61326,229,29.2,5.38831,232,57.7,4.2989,213,69.3,6.08601,220,46.7,3.27339,245,45.1,4.26178,254,40.4,2.17817,266,28.8,2.12488,291,11.0,3.16621,242,13.6,4.81974,279
2023-08-29 17:00:00,8.5,977.2,11.4,2.7313,3,15.8,3.84453,4,24.6,5.9324,10,27.0,7.01466,14,26.8,8.19703,21,12.4,3.528,41,2.7,3.80352,36,9.0,3.14042,227,14.8,2.59324,229,19.0,3.61326,228,26.9,5.38831,236,57.1,4.2989,221,66.6,6.08601,221,44.1,3.27339,246,45.2,4.26178,257,36.9,2.17817,262,29.0,2.12488,296,13.0,3.16621,246,15.7,4.81974,301
2023-08-30 08:00:00,2.0,979.9,5.1,0.93714,308,8.4,0.95661,312,14.5,1.56546,341,16.0,1.96819,358,17.7,2.1793,3,21.0,1.45128,358,20.8,3.08921,346,26.9,3.4503,331,28.8,6.50709,316,41.1,12.86265,316,68.4,5.00365,332,69.3,7.79775,328,66.6,7.70873,326,52.5,4.1313,305,40.7,4.24956,296,33.5,2.7438,282,28.0,3.90141,279,16.5,3.2516,275,3.8,4.18411,191
2023-08-30 09:00:00,4.2,980.7,5.5,0.93714,313,8.2,0.95661,313,12.5,1.56546,326,13.5,1.96819,348,15.9,2.1793,360,20.8,1.45128,355,21.2,3.08921,342,27.1,3.4503,327,30.2,6.50709,314,42.7,12.86265,316,67.7,5.00365,328,68.0,7.79775,322,63.8,7.70873,323,53.6,4.1313,305,42.7,4.24956,297,34.1,2.7438,280,28.2,3.90141,282,16.8,3.2516,283,5.0,4.18411,207
2023-08-30 10:00:00,7.3,981.3,6.4,0.93714,321,9.2,0.95661,319,13.9,1.56546,328,16.1,1.96819,339,16.6,2.1793,351,20.6,1.45128,352,22.4,3.08921,341,27.6,3.4503,327,33.1,6.50709,313,46.4,12.86265,315,67.1,5.00365,323,65.6,7.79775,320,60.7,7.70873,318,54.4,4.1313,303,45.4,4.24956,293,38.2,2.7438,282,30.4,3.90141,281,14.1,3.2516,288,4.3,4.18411,211
2023-08-30 11:00:00,9.6,981.4,6.3,0.93714,318,8.7,0.95661,318,11.1,1.56546,321,15.8,1.96819,333,17.1,2.1793,340,19.7,1.45128,348,23.7,3.08921,337,27.1,3.4503,324,34.6,6.50709,310,50.1,12.86265,313,67.7,5.00365,319,62.4,7.79775,319,59.1,7.70873,318,56.1,4.1313,306,47.0,4.24956,290,40.2,2.7438,285,29.1,3.90141,283,11.1,3.2516,290,4.8,4.18411,219
2023-08-30 12:00:00,11.4,981.7,6.7,0.93714,318,9.0,0.95661,318,10.7,1.56546,318,12.0,1.96819,324,14.2,2.1793,334,17.5,1.45128,340,23.5,3.08921,334,28.4,3.4503,318,36.7,6.50709,307,56.0,12.86265,312,69.6,5.00365,317,59.6,7.79775,314,58.0,7.70873,313,55.9,4.1313,301,47.2,4.24956,288,41.3,2.7438,287,27.8,3.90141,290,8.9,3.2516,270,7.8,4.18411,197
2023-08-30 13:00:00,13.0,981.3,5.9,0.93714,307,8.2,0.95661,310,10.5,1.56546,315,11.5,1.96819,318,12.0,2.1793,319,17.4,1.45128,332,24.9,3.08921,334,30.5,3.4503,315,38.8,6.50709,304,58.7,12.86265,310,71.2,5.00365,313,59.9,7.79775,309,61.1,7.70873,308,57.4,4.1313,300,48.1,4.24956,286,40.4,2.7438,286,25.0,3.90141,297,8.2,3.2516,270,10.9,4.18411,196
2023-08-30 14:00:00,14.4,981.1,6.6,0.93714,288,8.6,0.95661,289,10.3,1.56546,295,10.9,1.96819,299,11.3,2.1793,302,17.1,1.45128,320,26.0,3.08921,331,32.3,3.4503,319,40.8,6.50709,306,64.0,12.86265,311,72.9,5.00365,312,62.7,7.79775,308,64.1,7.70873,306,59.8,4.1313,299,51.9,4.24956,286,40.2,2.7438,285,22.7,3.90141,297,8.5,3.2516,255,14.7,4.18411,195
2023-08-30 15:00:00,15.3,980.8,7.2,0.93714,284,9.6,0.95661,284,11.4,1.56546,285,12.1,1.96819,284,12.8,2.1793,287,18.9,1.45128,309,26.7,3.08921,324,33.3,3.4503,322,43.1,6.50709,308,69.7,12.86265,312,75.6,5.00365,311,71.6,7.79775,309,72.7,7.70873,309,60.9,4.1313,301,51.9,4.24956,286,37.9,2.7438,280,21.0,3.90141,297,13.0,3.2516,246,14.7,4.18411,195
2023-08-30 16:00:00,16.2,980.2,8.5,0.93714,282,11.4,0.95661,282,14.0,1.56546,281,14.8,1.96819,282,15.2,2.1793,283,19.6,1.45128,298,28.4,3.08921,317,34.2,3.4503,319,45.6,6.50709,309,73.9,12.86265,312,78.4,5.00365,310,79.0,7.79775,309,77.9,7.70873,309,61.7,4.1313,302,52.6,4.24956,288,40.0,2.7438,279,20.0,3.90141,297,12.3,3.2516,256,11.4,4.18411,212
2023-08-30 17:00:00,16.1,980.0,6.4,0.93714,282,9.5,0.95661,281,12.3,1.56546,282,13.9,1.96819,284,14.8,2.1793,285,19.6,1.45128,297,30.3,3.08921,316,36.3,3.4503,317,48.3,6.50709,311,76.5,12.86265,313,81.5,5.00365,310,82.5,7.79775,311,79.3,7.70873,310,65.6,4.1313,302,52.6,4.24956,291,40.4,2.7438,282,20.7,3.90141,296,15.4,3.2516,256,9.3,4.18411,241
2023-08-31 08:00:00,8.1,981.5,1.6,1.62921,254,6.9,1.573,290,9.9,1.19392,337,14.5,1.89153,311,20.5,3.9351,303,24.8,6.31831,308,27.7,6.09029,315,34.9,3.39182,325,39.7,2.31922,324,45.9,1.75021,318,50.4,1.29653,322,57.8,3.92345,321,65.4,6.04461,317,68.3,5.91767,306,58.7,2.77611,297,36.8,1.34449,288,20.1,0.86288,301,14.9,4.35539,288,5.3,3.19216,315
2023-08-31 09:00:00,11.5,982.2,2.8,1.62921,241,4.3,1.573,254,6.9,1.19392,304,11.4,1.89153,302,17.3,3.9351,303,23.1,6.31831,310,28.1,6.09029,316,34.0,3.39182,325,39.2,2.31922,323,46.0,1.75021,320,49.4,1.29653,322,57.7,3.92345,320,67.0,6.04461,315,68.3,5.91767,306,56.7,2.77611,297,37.3,1.34449,286,19.3,0.86288,298,17.8,4.35539,303,3.3,3.19216,333
2023-08-31 10:00:00,14.7,982.8,4.1,1.62921,261,6.3,1.573,266,9.6,1.19392,271,12.5,1.89153,290,16.1,3.9351,301,23.5,6.31831,311,28.8,6.09029,317,33.2,3.39182,324,38.9,2.31922,324,46.0,1.75021,320,49.7,1.29653,320,58.2,3.92345,319,67.5,6.04461,313,67.2,5.91767,304,55.1,2.77611,293,37.0,1.34449,289,19.7,0.86288,295,15.9,4.35539,311,2.1,3.19216,45
2023-08-31 11:00:00,17.5,983.5,5.8,1.62921,272,8.6,1.573,272,9.9,1.19392,269,11.6,1.89153,285,14.7,3.9351,300,21.9,6.31831,311,27.3,6.09029,319,31.9,3.39182,323,38.2,2.31922,324,45.1,1.75021,321,50.2,1.29653,318,61.8,3.92345,318,71.2,6.04461,314,67.0,5.91767,305,55.7,2.77611,290,35.6,1.34449,286,21.1,0.86288,293,13.2,4.35539,317,2.7,3.19216,124
2023-08-31 12:00:00,19.1,984.1,6.7,1.62921,276,9.8,1.573,277,10.7,1.19392,278,11.7,1.89153,286,13.7,3.9351,297,18.7,6.31831,311,25.3,6.09029,319,30.2,3.39182,322,37.0,2.31922,323,44.5,1.75021,320,49.6,1.29653,316,62.3,3.92345,318,70.1,6.04461,315,64.5,5.91767,304,57.3,2.77611,288,35.6,1.34449,286,20.0,0.86288,297,6.3,4.35539,315,3.1,3.19216,166
2023-08-31 13:00:00,20.2,984.0,5.5,1.62921,291,8.5,1.573,292,10.0,1.19392,294,11.0,1.89153,297,12.1,3.9351,301,14.0,6.31831,306,21.6,6.09029,319,28.2,3.39182,319,36.1,2.31922,321,43.8,1.75021,317,51.1,1.29653,314,62.2,3.92345,314,69.1,6.04461,315,63.7,5.91767,303,57.8,2.77611,287,38.3,1.34449,283,21.1,0.86288,302,4.5,4.35539,279,3.8,3.19216,169
2023-08-31 14:00:00,21.7,984.0,6.2,1.62921,291,8.7,1.573,292,9.7,1.19392,293,10.2,1.89153,295,10.7,3.9351,296,11.4,6.31831,300,17.0,6.09029,311,27.5,3.39182,316,34.6,2.31922,319,42.2,1.75021,315,50.7,1.29653,313,59.1,3.92345,312,63.3,6.04461,313,61.7,5.91767,295,57.4,2.77611,286,35.4,1.34449,285,20.7,0.86288,308,7.1,4.35539,252,7.3,3.19216,204
2023-08-31 15:00:00,22.4,983.9,6.2,1.62921,291,8.5,1.573,292,9.5,1.19392,294,9.8,1.89153,294,10.0,3.9351,295,10.8,6.31831,297,16.2,6.09029,308,27.0,3.39182,316,34.2,2.31922,317,41.7,1.75021,313,49.7,1.29653,311,58.2,3.92345,311,59.9,6.04461,309,59.0,5.91767,296,53.8,2.77611,287,33.5,1.34449,282,19.2,0.86288,306,10.1,4.35539,253,9.0,3.19216,204
2023-08-31 16:00:00,22.8,983.8,5.3,1.62921,292,7.4,1.573,290,8.1,1.19392,289,8.5,1.89153,289,9.0,3.9351,288,9.7,6.31831,291,14.3,6.09029,304,26.2,3.39182,315,34.5,2.31922,316,43.2,1.75021,314,48.6,1.29653,311,53.6,3.92345,309,56.7,6.04461,305,55.4,5.91767,296,51.2,2.77611,286,35.6,1.34449,280,18.4,0.86288,302,11.2,4.35539,266,10.6,3.19216,231
2023-08-31 17:00:00,22.6,983.4,4.9,1.62921,286,6.9,1.573,284,7.8,1.19392,286,8.1,1.89153,286,8.4,3.9351,286,9.2,6.31831,288,14.2,6.09029,302,25.9,3.39182,313,33.5,2.31922,317,41.7,1.75021,316,46.5,1.29653,311,49.8,3.92345,305,53.0,6.04461,302,50.8,5.91767,292,50.6,2.77611,284,37.0,1.34449,279,20.1,0.86288,292,10.5,4.35539,278,9.7,3.19216,247
2024-08-01 08:00:00,18.5,977.8,4.5,1.89505,186,6.1,2.0956,187,8.1,2.42111,280,10.3,1.73397,276,14.0,1.96381,259,17.9,1.20646,259,20.2,0.89094,267,31.5,2.91054,278,37.9,4.50856,282,30.8,4.02007,277,28.4,3.24635,275,39.6,2.7248,282,44.6,4.75045,288,59.4,5.72679,288,39.9,2.48149,287,18.2,1.97284,251,8.2,2.61245,270,2.2,2.30171,360,16.7,2.82097,80
2024-08-01 09:00:00,19.5,978.7,3.7,1.89505,218,4.6,2.0956,217,8.0,2.42111,226,11.8,1.73397,238,17.7,1.96381,237,18.1,1.20646,250,20.3,0.89094,266,32.8,2.91054,283,36.1,4.50856,284,30.7,4.02007,274,30.6,3.24635,271,43.4,2.7248,274,45.1,4.75045,278,57.2,5.72679,285,35.7,2.48149,293,21.5,1.97284,250,10.7,2.61245,282,9.3,2.30171,29,18.7,2.82097,88
2024-08-01 10:00:00,23.2,979.3,4.7,1.89505,245,5.7,2.0956,243,7.6,2.42111,242,10.5,1.73397,245,15.8,1.96381,245,18.5,1.20646,259,20.5,0.89094,271,30.1,2.91054,283,34.5,4.50856,284,31.3,4.02007,271,32.8,3.24635,270,39.4,2.7248,280,48.0,4.75045,282,58.5,5.72679,289,34.7,2.48149,295,21.1,1.97284,262,7.9,2.61245,311,5.3,2.30171,45,15.0,2.82097,84
2024-08-01 11:00:00,25.7,979.5,5.3,1.89505,258,6.4,2.0956,260,8.2,2.42111,255,11.7,1.73397,254,16.7,1.96381,256,17.4,1.20646,264,19.6,0.89094,266,29.7,2.91054,283,35.3,4.50856,285,31.4,4.02007,274,34.3,3.24635,270,39.8,2.7248,276,53.2,4.75045,285,55.4,5.72679,294,33.8,2.48149,292,20.9,1.97284,270,11.0,2.61245,298,8.3,2.30171,63,18.7,2.82097,95
2024-08-01 12:00:00,27.5,979.9,6.7,1.89505,256,8.2,2.0956,255,10.3,2.42111,254,11.4,1.73397,255,14.7,1.96381,257,18.7,1.20646,256,20.4,0.89094,257,29.4,2.91054,280,34.7,4.50856,284,30.9,4.02007,278,33.9,3.24635,278,44.0,2.7248,285,54.1,4.75045,294,53.7,5.72679,295,34.9,2.48149,286,21.7,1.97284,274,10.8,2.61245,326,5.3,2.30171,98,17.2,2.82097,92
2024-08-01 13:00:00,29.2,979.7,7.6,1.89505,267,9.3,2.0956,266,10.9,2.42111,262,11.2,1.73397,260,11.9,1.96381,259,17.8,1.20646,261,21.3,0.89094,262,29.7,2.91054,280,32.6,4.50856,284,29.0,4.02007,282,33.8,3.24635,284,45.3,2.7248,287,48.7,4.75045,299,47.8,5.72679,293,36.9,2.48149,284,18.0,1.97284,275,9.5,2.61245,315,6.0,2.30171,90,15.7,2.82097,85
2024-08-01 14:00:00,30.6,979.2,8.0,1.89505,234,9.5,2.0956,234,11.4,2.42111,240,12.1,1.73397,243,12.1,1.96381,245,16.0,1.20646,249,21.8,0.89094,260,28.4,2.91054,278,30.2,4.50856,283,27.1,4.02007,286,32.1,3.24635,292,43.2,2.7248,291,43.4,4.75045,299,44.8,5.72679,288,38.7,2.48149,286,17.9,1.97284,268,7.1,2.61245,342,2.2,2.30171,90,10.5,2.82097,98
2024-08-01 15:00:00,31.0,979.0,7.4,1.89505,254,9.0,2.0956,252,11.8,2.42111,250,12.7,1.73397,248,13.5,1.96381,247,15.2,1.20646,248,21.6,0.89094,263,26.4,2.91054,282,28.5,4.50856,286,25.2,4.02007,289,30.0,3.24635,297,41.1,2.7248,292,41.8,4.75045,292,45.2,5.72679,283,39.6,2.48149,282,17.2,1.97284,268,5.8,2.61245,40,4.5,2.30171,99,15.0,2.82097,96
2024-08-01 16:00:00,31.7,978.8,8.8,1.89505,254,10.3,2.0956,254,13.4,2.42111,255,14.5,1.73397,255,15.0,1.96381,256,16.1,1.20646,256,19.2,0.89094,262,24.6,2.91054,279,26.1,4.50856,283,22.2,4.02007,290,27.7,3.24635,297,38.7,2.7248,289,40.4,4.75045,286,46.1,5.72679,279,40.4,2.48149,282,16.5,1.97284,265,3.7,2.61245,90,4.8,2.30171,141,15.9,2.82097,101
2024-08-01 17:00:00,31.5,978.5,9.0,1.89505,264,10.5,2.0956,264,14.5,2.42111,264,15.8,1.73397,265,16.7,1.96381,264,18.3,1.20646,262,19.5,0.89094,262,23.7,2.91054,277,24.5,4.50856,283,20.5,4.02007,289,24.3,3.24635,297,36.8,2.7248,288,42.0,4.75045,282,49.4,5.72679,275,39.4,2.48149,280,17.9,1.97284,268,4.7,2.61245,162,3.8,2.30171,191,10.9,2.82097,106
2024-08-02 08:00:00,22.0,977.0,6.0,1.80173,248,7.3,1.85499,248,18.1,2.87286,268,17.4,2.37805,282,16.0,1.79741,283,17.3,1.64506,275,20.4,1.24655,278,25.6,2.78456,258,28.1,1.23689,257,18.7,3.10118,275,18.4,2.28573,284,32.8,3.64419,253,30.9,2.229,255,30.7,3.34837,244,39.8,1.88057,257,20.6,0.98099,257,6.0,2.40465,330,7.6,2.26247,11,15.2,1.38066,79
2024-08-02 09:00:00,24.0,977.2,6.4,1.80173,260,7.3,1.85499,261,14.2,2.87286,269,18.7,2.37805,278,17.4,1.79741,279,17.0,1.64506,272,20.0,1.24655,276,27.5,2.78456,259,28.5,1.23689,259,19.5,3.10118,277,19.4,2.28573,286,31.9,3.64419,259,31.9,2.229,259,33.1,3.34837,239,38.5,1.88057,255,19.6,0.98099,261,5.3,2.40465,315,5.4,2.26247,16,15.2,1.38066,79
2024-08-02 10:00:00,25.7,977.2,5.7,1.80173,259,6.4,1.85499,260,10.2,2.87286,263,16.9,2.37805,277,18.7,1.79741,280,18.1,1.64506,273,19.3,1.24655,272,29.5,2.78456,259,28.8,1.23689,261,20.4,3.10118,278,19.6,2.28573,288,29.1,3.64419,269,32.0,2.229,258,36.6,3.34837,237,37.8,1.88057,255,21.8,0.98099,262,5.4,2.40465,326,5.4,2.26247,16,16.5,1.38066,85
2024-08-02 11:00:00,27.7,976.9,5.9,1.80173,252,6.1,1.85499,252,9.9,2.87286,257,12.0,2.37805,265,15.7,1.79741,278,17.4,1.64506,277,19.6,1.24655,273,30.6,2.78456,260,28.1,1.23689,264,21.1,3.10118,278,20.1,2.28573,285,25.5,3.64419,275,30.3,2.229,260,36.7,3.34837,243,37.6,1.88057,256,20.9,0.98099,266,4.8,2.40465,321,7.1,2.26247,18,14.9,1.38066,87
2024-08-02 12:00:00,29.7,976.9,6.9,1.80173,255,7.2,1.85499,255,10.9,2.87286,257,11.9,2.37805,260,12.8,1.79741,264,16.2,1.64506,272,19.9,1.24655,273,31.1,2.78456,262,27.0,1.23689,266,21.0,3.10118,276,21.5,2.28573,284,24.0,3.64419,277,28.1,2.229,259,36.7,3.34837,246,36.6,1.88057,253,21.6,0.98099,268,3.1,2.40465,284,2.4,2.26247,18,12.7,1.38066,87
2024-08-02 13:00:00,31.0,976.7,7.8,1.80173,267,7.9,1.85499,267,11.8,2.87286,264,12.8,2.37805,264,13.3,1.79741,266,14.7,1.64506,269,18.4,1.24655,273,29.8,2.78456,265,26.0,1.23689,266,22.4,3.10118,274,23.7,2.28573,283,24.8,3.64419,277,27.8,2.229,264,32.6,3.34837,254,35.6,1.88057,254,20.9,0.98099,270,5.2,2.40465,270,3.8,2.26247,11,14.2,1.38066,84
2024-08-02 14:00:00,32.8,976.4,8.3,1.80173,264,8.2,1.85499,263,13.0,2.87286,268,14.5,2.37805,270,15.6,1.79741,271,17.3,1.64506,270,18.3,1.24655,269,27.1,2.78456,264,26.1,1.23689,263,23.9,3.10118,274,23.5,2.28573,281,24.9,3.64419,279,26.9,2.229,265,30.2,3.34837,261,35.6,1.88057,254,22.4,0.98099,270,8.3,2.40465,280,2.4,2.26247,18,12.7,1.38066,69
2024-08-02 15:00:00,31.7,975.9,9.1,1.80173,260,9.2,1.85499,260,14.7,2.87286,264,16.3,2.37805,267,17.2,1.79741,267,18.7,1.64506,266,19.7,1.24655,265,23.8,2.78456,262,26.6,1.23689,265,25.5,3.10118,277,23.5,2.28573,281,25.2,3.64419,282,27.6,2.229,268,27.8,3.34837,262,34.9,1.88057,254,20.3,0.98099,264,8.5,2.40465,285,0.7,2.26247,360,14.9,1.38066,72
2024-08-02 16:00:00,26.3,975.1,4.9,1.80173,254,4.8,1.85499,253,11.0,2.87286,254,14.1,2.37805,258,16.5,1.79741,263,20.1,1.64506,269,22.1,1.24655,269,24.0,2.78456,265,25.0,1.23689,266,26.6,3.10118,281,24.3,2.28573,281,25.3,3.64419,284,28.3,2.229,270,29.7,3.34837,258,34.9,1.88057,254,20.4,0.98099,262,9.4,2.40465,288,2.1,2.26247,135,16.8,1.38066,77
2024-08-02 17:00:00,28.9,974.9,2.8,1.80173,241,2.7,1.85499,239,8.2,2.87286,267,13.6,2.37805,277,16.6,1.79741,278,20.0,1.64506,277,21.8,1.24655,271,24.6,2.78456,261,26.9,1.23689,270,27.7,3.10118,284,24.3,2.28573,281,21.2,3.64419,280,25.4,2.229,268,29.3,3.34837,255,33.8,1.88057,256,19.2,0.98099,257,10.7,2.40465,282,4.0,2.26247,292,15.7,1.38066,90
2024-08-03 08:00:00,18.3,976.3,5.8,3.42799,272,6.7,3.40178,274,20.8,3.86208,294,22.5,2.5038,302,21.6,1.76308,303,21.2,1.5284,300,23.5,1.78092,296,32.0,3.62271,288,40.2,3.51961,272,49.6,5.14306,263,56.3,3.57567,263,60.4,6.06176,257,62.1,11.74263,254,57.3,5.12628,252,45.6,4.83046,266,30.6,2.59906,270,13.0,2.2155,283,7.7,1.52683,299,16.5,2.08276,95
2024-08-03 09:00:00,21.1,976.7,5.6,3.42799,270,6.5,3.40178,272,14.2,3.86208,286,19.4,2.5038,294,20.2,1.76308,296,20.9,1.5284,297,24.7,1.78092,301,34.2,3.62271,286,42.7,3.51961,272,51.9,5.14306,263,57.7,3.57567,264,61.3,6.06176,260,63.1,11.74263,256,57.5,5.12628,251,47.9,4.83046,266,29.9,2.59906,267,12.3,2.2155,284,7.4,1.52683,315,14.2,2.08276,93
2024-08-03 10:00:00,22.9,976.6,7.2,3.42799,263,7.9,3.40178,263,12.5,3.86208,271,17.4,2.5038,282,20.2,1.76308,287,21.9,1.5284,297,25.6,1.78092,303,34.8,3.62271,287,43.3,3.51961,273,50.9,5.14306,265,57.6,3.57567,266,61.0,6.06176,262,61.0,11.74263,255,60.5,5.12628,248,50.1,4.83046,266,30.0,2.59906,264,13.2,2.2155,286,6.9,1.52683,311,13.5,2.08276,96
2024-08-03 11:00:00,25.2,976.5,8.6,3.42799,263,8.9,3.40178,263,15.4,3.86208,270,17.6,2.5038,275,19.8,1.76308,281,24.9,1.5284,291,28.5,1.78092,297,37.8,3.62271,284,43.9,3.51961,275,50.0,5.14306,268,58.2,3.57567,267,64.6,6.06176,263,63.8,11.74263,259,63.8,5.12628,247,51.6,4.83046,265,33.1,2.59906,262,11.6,2.2155,285,6.9,1.52683,311,12.0,2.08276,97
2024-08-03 12:00:00,27.2,976.9,9.4,3.42799,265,10.0,3.40178,265,17.1,3.86208,272,19.1,2.5038,275,20.5,1.76308,277,23.3,1.5284,283,28.6,1.78092,289,42.8,3.62271,283,44.8,3.51961,273,52.3,5.14306,267,59.8,3.57567,266,65.5,6.06176,262,66.4,11.74263,261,63.7,5.12628,249,55.6,4.83046,263,34.0,2.59906,261,12.0,2.2155,274,5.3,1.52683,315,10.5,2.08276,98
2024-08-03 13:00:00,27.9,976.9,12.5,3.42799,273,13.0,3.40178,273,19.5,3.86208,274,20.6,2.5038,276,21.2,1.76308,276,23.0,1.5284,280,26.5,1.78092,284,42.2,3.62271,282,47.8,3.51961,271,55.2,5.14306,268,61.4,3.57567,264,67.7,6.06176,262,66.0,11.74263,260,64.8,5.12628,247,57.2,4.83046,263,35.0,2.59906,259,12.3,2.2155,256,3.3,1.52683,297,11.4,2.08276,79
2024-08-03 14:00:00,27.5,976.7,15.2,3.42799,284,15.7,3.40178,284,24.3,3.86208,284,25.1,2.5038,285,25.3,1.76308,285,25.4,1.5284,284,25.8,1.78092,283,40.6,3.62271,279,49.3,3.51961,271,59.1,5.14306,265,63.1,3.57567,263,69.4,6.06176,261,73.4,11.74263,265,67.9,5.12628,247,57.6,4.83046,260,35.4,2.59906,262,16.7,2.2155,260,4.3,1.52683,239,13.6,2.08276,99
2024-08-03 15:00:00,27.8,976.9,13.7,3.42799,292,14.5,3.40178,292,22.7,3.86208,291,23.4,2.5038,290,23.9,1.76308,289,24.7,1.5284,285,25.2,1.78092,284,39.7,3.62271,278,49.8,3.51961,271,61.1,5.14306,269,65.2,3.57567,264,75.1,6.06176,263,81.4,11.74263,267,71.0,5.12628,249,56.5,4.83046,258,36.9,2.59906,262,16.5,2.2155,265,4.8,1.52683,231,10.7,2.08276,102
2024-08-03 16:00:00,27.9,977.0,12.6,3.42799,293,13.3,3.40178,293,20.6,3.86208,293,21.2,2.5038,291,21.8,1.76308,290,23.1,1.5284,284,24.3,1.78092,280,37.5,3.62271,275,49.3,3.51961,270,62.7,5.14306,269,65.8,3.57567,265,77.1,6.06176,265,87.3,11.74263,271,70.3,5.12628,253,59.3,4.83046,255,35.3,2.59906,263,16.6,2.2155,278,4.7,1.52683,252,9.7,2.08276,86
2024-08-03 17:00:00,27.8,977.4,12.4,3.42799,298,13.6,3.40178,297,21.2,3.86208,295,22.0,2.5038,293,22.3,1.76308,291,23.0,1.5284,286,23.8,1.78092,281,35.2,3.62271,273,49.8,3.51961,270,61.2,5.14306,267,65.0,3.57567,267,73.3,6.06176,265,94.0,11.74263,271,70.1,5.12628,253,58.6,4.83046,258,36.0,2.59906,264,16.6,2.2155,278,7.0,1.52683,238,11.2,2.08276,86
2024-08-04 08:00:00,14.3,979.8,5.1,1.93072,331,7.6,2.3399,329,12.7,2.54779,331,14.4,2.40915,325,15.5,1.80582,305,19.4,1.81524,291,22.4,2.88513,289,36.2,1.51734,278,50.8,2.8751,269,53.1,2.10029,259,63.8,5.89076,263,77.7,7.19105,267,74.3,7.64421,260,69.0,2.23957,259,57.1,2.45359,250,30.6,2.2867,267,15.7,1.99914,267,3.1,1.33183,256,9.1,3.09846,81
2024-08-04 09:00:00,15.8,980.6,5.3,1.93072,324,7.1,2.3399,324,8.6,2.54779,324,10.4,2.40915,318,13.7,1.80582,301,19.5,1.81524,287,24.2,2.88513,286,34.4,1.51734,280,48.3,2.8751,272,53.6,2.10029,261,67.2,5.89076,267,80.8,7.19105,266,73.3,7.64421,261,69.5,2.23957,258,55.0,2.45359,249,28.6,2.2867,263,15.8,1.99914,262,6.0,1.33183,277,9.7,3.09846,86
2024-08-04 10:00:00,17.6,981.0,6.0,1.93072,309,7.9,2.3399,310,9.5,2.54779,306,10.6,2.40915,304,12.9,1.80582,295,19.2,1.81524,279,23.6,2.88513,279,33.1,1.51734,278,47.8,2.8751,271,54.1,2.10029,263,70.1,5.89076,269,79.2,7.19105,267,74.4,7.64421,263,71.8,2.23957,257,54.3,2.45359,249,28.0,2.2867,261,15.8,1.99914,262,6.0,1.33183,277,11.3,3.09846,82
2024-08-04 11:00:00,19.0,981.1,8.2,1.93072,313,10.5,2.3399,311,11.5,2.54779,309,11.2,2.40915,307,12.1,1.80582,301,18.1,1.81524,287,23.9,2.88513,278,32.4,1.51734,273,46.8,2.8751,269,54.8,2.10029,264,70.9,5.89076,267,77.8,7.19105,266,76.1,7.64421,268,67.6,2.23957,256,53.5,2.45359,247,27.8,2.2867,262,18.7,1.99914,268,6.1,1.33183,284,14.9,3.09846,87
2024-08-04 12:00:00,19.7,981.1,7.4,1.93072,299,9.7,2.3399,300,11.7,2.54779,302,12.5,2.40915,303,12.8,1.80582,302,15.1,1.81524,293,24.3,2.88513,274,33.9,1.51734,271,47.8,2.8751,269,55.4,2.10029,265,70.9,5.89076,267,83.3,7.19105,264,85.0,7.64421,270,65.1,2.23957,260,54.0,2.45359,250,28.3,2.2867,268,20.1,1.99914,268,4.5,1.33183,270,15.7,3.09846,90
2024-08-04 13:00:00,20.9,981.2,9.0,1.93072,297,11.5,2.3399,298,13.6,2.54779,297,14.1,2.40915,297,14.3,1.80582,297,14.5,1.81524,293,19.5,2.88513,278,33.9,1.51734,271,48.3,2.8751,269,56.9,2.10029,265,70.9,5.89076,268,88.9,7.19105,266,85.8,7.64421,272,66.4,2.23957,261,53.9,2.45359,256,27.0,2.2867,264,19.6,1.99914,279,7.7,1.33183,241,12.0,3.09846,94
2024-08-04 14:00:00,21.3,981.1,9.2,1.93072,288,12.2,2.3399,288,14.2,2.54779,289,14.8,2.40915,289,15.1,1.80582,288,15.5,1.81524,285,18.2,2.88513,277,33.2,1.51734,269,47.9,2.8751,273,58.2,2.10029,268,73.1,5.89076,271,90.7,7.19105,276,92.8,7.64421,283,66.4,2.23957,270,54.3,2.45359,257,29.4,2.2867,261,19.4,1.99914,286,5.0,1.33183,243,14.7,3.09846,105
2024-08-04 15:00:00,21.7,980.9,9.9,1.93072,298,12.6,2.3399,296,15.5,2.54779,292,16.4,2.40915,289,16.8,1.80582,286,17.1,1.81524,282,18.2,2.88513,277,32.0,1.51734,269,44.4,2.8751,275,58.2,2.10029,270,74.7,5.89076,274,88.9,7.19105,281,91.7,7.64421,285,64.2,2.23957,273,57.2,2.45359,258,32.6,2.2867,259,17.7,1.99914,285,6.9,1.33183,257,15.4,3.09846,129
2024-08-04 16:00:00,22.4,981.2,9.6,1.93072,295,12.5,2.3399,295,15.3,2.54779,294,16.0,2.40915,293,16.6,1.80582,292,16.9,1.81524,288,17.7,2.88513,281,31.3,1.51734,269,42.3,2.8751,274,58.2,2.10029,269,78.3,5.89076,270,92.4,7.19105,277,88.0,7.64421,277,67.9,2.23957,270,58.5,2.45359,259,30.9,2.2867,255,15.1,1.99914,290,5.4,1.33183,254,12.4,3.09846,147
2024-08-04 17:00:00,21.7,981.2,10.2,1.93072,289,13.6,2.3399,290,16.1,2.54779,290,16.8,2.40915,290,17.1,1.80582,290,17.5,1.81524,287,18.2,2.88513,283,31.3,1.51734,269,41.8,2.8751,274,58.2,2.10029,269,85.0,5.89076,268,99.0,7.19105,276,88.1,7.64421,273,66.4,2.23957,271,60.9,2.45359,263,34.1,2.2867,260,15.2,1.99914,281,6.9,1.33183,229,6.4,3.09846,144
2024-08-05 08:00:00,12.3,983.3,2.3,2.60171,259,5.6,3.26444,270,6.3,3.31703,270,6.5,3.57306,286,7.4,3.76689,295,10.4,3.25754,305,13.2,2.44958,300,27.8,1.97945,280,38.8,1.74088,275,53.0,3.40491,268,73.2,5.00499,267,100.7,3.79211,270,107.3,15.61467,279,76.1,8.05688,278,59.1,5.53198,274,35.7,1.78453,281,24.3,1.51089,288,9.8,2.13357,279,6.7,3.25414,90
2024-08-05 09:00:00,16.6,984.0,2.3,2.60171,259,3.0,3.26444,261,7.2,3.31703,272,7.8,3.57306,276,7.3,3.76689,287,10.2,3.25754,304,13.5,2.44958,299,24.9,1.97945,283,37.4,1.74088,277,52.3,3.40491,267,73.3,5.00499,266,103.7,3.79211,270,107.8,15.61467,278,77.7,8.05688,279,60.8,5.53198,276,36.3,1.78453,279,22.2,1.51089,284,8.3,2.13357,280,6.0,3.25414,83
2024-08-05 10:00:00,19.0,984.0,4.2,2.60171,286,5.4,3.26444,288,5.7,3.31703,292,6.0,3.57306,294,6.4,3.76689,297,8.8,3.25754,310,12.8,2.44958,304,22.9,1.97945,287,34.8,1.74088,277,51.6,3.40491,266,72.6,5.00499,265,107.5,3.79211,273,112.8,15.61467,280,81.9,8.05688,280,63.3,5.53198,278,39.4,1.78453,280,21.9,1.51089,288,8.1,2.13357,304,7.1,3.25414,72
2024-08-05 11:00:00,20.1,984.1,6.9,2.60171,299,8.9,3.26444,298,9.4,3.31703,299,9.4,3.57306,299,9.2,3.76689,299,10.2,3.25754,300,12.1,2.44958,299,22.3,1.97945,288,33.7,1.74088,275,50.8,3.40491,267,69.5,5.00499,266,109.5,3.79211,276,120.4,15.61467,278,82.3,8.05688,279,63.6,5.53198,280,38.3,1.78453,283,22.0,1.51089,298,7.1,2.13357,288,8.0,3.25414,68
2024-08-05 12:00:00,20.4,983.8,7.8,2.60171,303,10.2,3.26444,303,10.9,3.31703,303,11.0,3.57306,303,11.1,3.76689,303,11.5,3.25754,303,13.3,2.44958,303,22.1,1.97945,293,33.8,1.74088,277,50.0,3.40491,269,69.4,5.00499,269,109.0,3.79211,277,126.9,15.61467,279,85.2,8.05688,279,63.0,5.53198,281,38.6,1.78453,280,22.7,1.51089,297,7.0,2.13357,302,11.4,3.25414,67
2024-08-05 13:00:00,20.9,983.8,6.6,2.60171,298,9.0,3.26444,299,10.5,3.31703,307,11.4,3.57306,308,12.1,3.76689,307,13.2,3.25754,305,14.6,2.44958,304,21.2,1.97945,295,33.8,1.74088,277,49.2,3.40491,270,75.4,5.00499,268,106.3,3.79211,275,110.1,15.61467,281,80.4,8.05688,281,61.6,5.53198,281,41.1,1.78453,282,22.7,1.51089,293,6.8,2.13357,276,12.5,3.25414,73
2024-08-05 14:00:00,20.9,983.5,8.0,2.60171,297,11.0,3.26444,298,12.2,3.31703,300,12.8,3.57306,301,13.7,3.76689,301,15.1,3.25754,300,16.8,2.44958,300,22.9,1.97945,297,35.8,1.74088,285,47.2,3.40491,275,72.3,5.00499,271,107.5,3.79211,280,109.0,15.61467,287,88.6,8.05688,283,63.3,5.53198,282,40.9,1.78453,285,19.7,1.51089,295,3.8,2.13357,281,12.7,3.25414,87
2024-08-05 15:00:00,22.0,983.3,7.4,2.60171,299,10.3,3.26444,298,12.6,3.31703,296,14.1,3.57306,295,15.0,3.76689,296,16.6,3.25754,295,17.8,2.44958,295,23.3,1.97945,297,36.2,1.74088,296,47.2,3.40491,291,63.9,5.00499,289,110.8,3.79211,288,127.9,15.61467,294,86.3,8.05688,287,68.7,5.53198,283,40.0,1.78453,284,20.6,1.51089,283,6.7,2.13357,270,15.8,3.25414,98
2024-08-05 16:00:00,21.5,982.7,8.8,2.60171,294,12.4,3.26444,293,15.1,3.31703,295,16.2,3.57306,295,16.9,3.76689,295,17.7,3.25754,295,18.4,2.44958,294,21.4,1.97945,293,34.4,1.74088,299,45.1,3.40491,304,65.8,5.00499,305,104.0,3.79211,289,144.8,15.61467,294,88.9,8.05688,290,73.1,5.53198,284,37.9,1.78453,280,22.6,1.51089,287,11.4,2.13357,259,12.8,3.25414,126
2024-08-05 17:00:00,22.0,982.9,9.7,2.60171,322,13.1,3.26444,316,14.7,3.31703,310,15.1,3.57306,304,15.4,3.76689,298,16.7,3.25754,289,18.1,2.44958,282,21.8,1.97945,278,34.1,1.74088,297,42.3,3.40491,311,59.5,5.00499,300,113.7,3.79211,289,150.3,15.61467,293,104.6,8.05688,291,76.0,5.53198,286,38.1,1.78453,272,24.8,1.51089,303,9.9,2.13357,283,10.5,3.25414,135
2024-08-06 08:00:00,11.6,984.8,5.4,1.40321,315,10.5,1.20185,317,19.2,1.99767,325,19.6,2.19396,326,19.2,2.21118,318,22.2,3.54252,308,25.3,4.26678,312,29.3,2.02213,305,35.7,2.29504,303,45.9,1.84403,302,75.2,4.01642,300,87.3,5.45353,287,95.8,8.46953,275,103.7,7.35648,269,96.8,7.50987,276,47.1,3.07826,274,24.0,2.09181,306,9.7,1.59168,302,5.3,1.65801,82
2024-08-06 09:00:00,15.2,985.5,5.6,1.40321,307,9.2,1.20185,311,14.6,1.99767,318,18.0,2.19396,321,19.5,2.21118,322,22.7,3.54252,319,24.0,4.26678,318,30.8,2.02213,308,36.0,2.29504,303,47.4,1.84403,303,74.0,4.01642,296,85.1,5.45353,287,93.7,8.46953,279,102.2,7.35648,269,99.6,7.50987,276,48.6,3.07826,274,22.4,2.09181,307,9.3,1.59168,299,7.9,1.65801,49
2024-08-06 10:00:00,18.0,985.8,7.9,1.40321,315,11.1,1.20185,315,12.9,1.99767,317,14.2,2.19396,319,15.8,2.21118,322,19.3,3.54252,324,21.9,4.26678,321,29.6,2.02213,310,35.6,2.29504,307,47.4,1.84403,303,73.1,4.01642,295,86.8,5.45353,288,94.2,8.46953,283,101.5,7.35648,268,100.5,7.50987,276,50.0,3.07826,273,22.4,2.09181,307,10.1,1.59168,306,10.7,1.65801,65
2024-08-06 11:00:00,19.1,985.7,8.5,1.40321,315,12.0,1.20185,316,13.4,1.99767,317,13.8,2.19396,318,14.2,2.21118,319,14.7,3.54252,319,17.6,4.26678,318,29.2,2.02213,311,34.6,2.29504,310,48.4,1.84403,304,71.1,4.01642,294,85.9,5.45353,284,94.1,8.46953,283,97.9,7.35648,267,97.3,7.50987,275,50.1,3.07826,274,19.2,2.09181,306,8.5,1.59168,285,10.4,1.65801,69
2024-08-06 12:00:00,19.1,985.8,9.3,1.40321,314,13.1,1.20185,315,14.1,1.99767,316,14.3,2.19396,316,14.2,2.21118,316,14.0,3.54252,313,15.2,4.26678,313,28.7,2.02213,311,34.0,2.29504,309,49.5,1.84403,301,68.9,4.01642,290,82.8,5.45353,278,91.5,8.46953,276,95.5,7.35648,269,94.2,7.50987,274,51.6,3.07826,274,18.1,2.09181,308,8.5,1.59168,308,10.5,1.65801,82
2024-08-06 13:00:00,20.7,986.0,8.4,1.40321,302,11.7,1.20185,304,13.0,1.99767,304,13.5,2.19396,305,13.8,2.21118,306,13.5,3.54252,307,14.0,4.26678,307,27.6,2.02213,313,32.6,2.29504,309,49.4,1.84403,299,68.6,4.01642,287,78.5,5.45353,274,85.0,8.46953,269,93.2,7.35648,270,94.2,7.50987,275,51.5,3.07826,272,17.8,2.09181,303,8.1,1.59168,304,9.7,1.65801,94
2024-08-06 14:00:00,21.7,985.9,8.3,1.40321,308,11.4,1.20185,308,12.8,1.99767,308,13.5,2.19396,308,13.9,2.21118,308,14.4,3.54252,306,14.9,4.26678,306,27.8,2.02213,314,32.7,2.29504,306,48.7,1.84403,297,66.0,4.01642,284,77.6,5.45353,272,83.5,8.46953,269,91.0,7.35648,270,89.9,7.50987,275,51.5,3.07826,273,19.3,2.09181,298,6.1,1.59168,284,9.0,1.65801,85
2024-08-06 15:00:00,22.3,985.9,7.6,1.40321,313,10.7,1.20185,311,12.1,1.99767,311,12.9,2.19396,311,13.7,2.21118,310,14.5,3.54252,309,15.5,4.26678,308,27.3,2.02213,316,31.4,2.29504,304,46.7,1.84403,295,65.1,4.01642,280,75.3,5.45353,271,78.3,8.46953,272,88.0,7.35648,272,84.5,7.50987,274,53.1,3.07826,274,21.2,2.09181,288,10.1,1.59168,287,9.2,1.65801,104
2024-08-06 16:00:00,21.8,985.5,8.8,1.40321,324,12.2,1.20185,323,13.2,1.99767,320,13.6,2.19396,319,14.0,2.21118,318,14.4,3.54252,315,14.9,4.26678,313,25.1,2.02213,317,29.9,2.29504,302,45.4,1.84403,293,64.4,4.01642,280,73.9,5.45353,272,73.8,8.46953,270,85.8,7.35648,272,81.4,7.50987,273,55.2,3.07826,272,22.2,2.09181,284,11.8,1.59168,288,7.5,1.65801,90
2024-08-06 17:00:00,21.7,985.1,9.5,1.40321,315,13.1,1.20185,315,14.5,1.99767,317,14.9,2.19396,318,15.1,2.21118,316,14.8,3.54252,312,14.8,4.26678,309,24.3,2.02213,314,30.0,2.29504,298,43.8,1.84403,293,65.1,4.01642,280,73.9,5.45353,273,75.3,8.46953,272,82.2,7.35648,274,80.0,7.50987,274,57.6,3.07826,274,21.7,2.09181,276,7.5,1.59168,276,9.1,1.65801,55
2024-08-07 08:00:00,8.9,984.8,4.0,1.46443,177,11.4,2.07281,180,13.0,2.79754,178,9.3,2.50832,185,8.7,1.9674,190,9.3,1.01893,203,11.1,0.99532,247,16.4,2.02048,294,28.7,2.08543,293,43.4,4.34915,289,49.6,5.84375,286,60.9,9.02752,287,63.7,8.77933,288,77.8,4.09965,282,74.0,5.10137,285,47.0,1.52985,280,20.7,1.71273,296,11.0,3.34432,298,13.9,3.48975,74
2024-08-07 09:00:00,14.7,985.4,5.6,1.46443,185,8.7,2.07281,189,14.9,2.79754,194,13.4,2.50832,197,11.2,1.9674,202,10.1,1.01893,212,11.8,0.99532,247,13.4,2.02048,282,25.9,2.08543,290,41.5,4.34915,288,47.7,5.84375,284,59.5,9.02752,285,60.9,8.77933,287,78.0,4.09965,280,74.5,5.10137,284,45.6,1.52985,281,22.4,1.71273,291,13.0,3.34432,301,15.8,3.48975,82
2024-08-07 10:00:00,18.6,985.6,6.6,1.46443,190,9.6,2.07281,190,13.5,2.79754,192,15.8,2.50832,195,14.9,1.9674,196,11.3,1.01893,205,10.6,0.99532,242,12.0,2.02048,272,27.3,2.08543,288,41.3,4.34915,287,46.3,5.84375,285,55.2,9.02752,283,55.0,8.77933,286,75.6,4.09965,280,76.3,5.10137,282,46.0,1.52985,278,22.0,1.71273,298,13.7,3.34432,319,13.5,3.48975,96
2024-08-07 11:00:00,20.3,985.2,7.5,1.46443,189,10.1,2.07281,191,10.9,2.79754,198,11.0,2.50832,204,11.2,1.9674,208,10.9,1.01893,211,9.1,0.99532,235,15.1,2.02048,257,29.1,2.08543,282,40.2,4.34915,285,46.7,5.84375,287,50.5,9.02752,286,48.7,8.77933,281,74.2,4.09965,276,74.7,5.10137,282,45.7,1.52985,276,22.7,1.71273,297,11.6,3.34432,320,15.2,3.48975,101
2024-08-07 12:00:00,21.4,984.9,7.2,1.46443,187,9.7,2.07281,191,11.1,2.79754,198,11.7,2.50832,200,11.9,1.9674,200,12.5,1.01893,201,12.0,0.99532,208,16.0,2.02048,250,25.3,2.08543,285,36.8,4.34915,288,42.0,5.84375,287,46.5,9.02752,282,45.6,8.77933,274,68.9,4.09965,276,73.4,5.10137,283,46.4,1.52985,276,25.4,1.71273,298,8.3,3.34432,333,12.7,3.48975,118
2024-08-07 13:00:00,22.8,984.2,6.8,1.46443,191,9.6,2.07281,194,10.6,2.79754,197,11.2,2.50832,201,11.8,1.9674,202,12.2,1.01893,205,12.5,0.99532,210,16.8,2.02048,250,23.4,2.08543,283,36.3,4.34915,289,37.7,5.84375,288,42.6,9.02752,281,41.0,8.77933,268,68.0,4.09965,273,66.4,5.10137,282,45.9,1.52985,277,23.0,1.71273,295,6.9,3.34432,311,9.1,3.48975,125
2024-08-07 14:00:00,23.1,984.1,5.3,1.46443,195,7.8,2.07281,197,8.8,2.79754,201,9.5,2.50832,203,10.2,1.9674,204,11.3,1.01893,208,12.2,0.99532,212,17.6,2.02048,251,23.1,2.08543,278,34.4,4.34915,288,36.4,5.84375,285,40.8,9.02752,279,38.1,8.77933,268,71.6,4.09965,272,63.0,5.10137,281,46.4,1.52985,275,20.5,1.71273,289,4.3,3.34432,301,7.0,3.48975,122
2024-08-07 15:00:00,23.8,983.9,5.4,1.46443,197,7.6,2.07281,198,9.0,2.79754,200,10.1,2.50832,203,10.6,1.9674,205,11.3,1.01893,208,11.9,0.99532,213,17.6,2.02048,251,24.5,2.08543,274,32.8,4.34915,282,35.8,5.84375,282,39.4,9.02752,280,40.4,8.77933,265,70.1,4.09965,270,64.6,5.10137,277,49.2,1.52985,272,19.9,1.71273,283,5.3,3.34432,278,7.5,3.48975,96
2024-08-07 16:00:00,23.4,983.5,4.1,1.46443,209,5.8,2.07281,209,7.5,2.79754,211,8.4,2.50832,210,9.5,1.9674,212,11.0,1.01893,215,11.9,0.99532,219,17.7,2.02048,250,24.4,2.08543,269,31.4,4.34915,274,35.2,5.84375,275,39.8,9.02752,283,43.3,8.77933,269,66.2,4.09965,278,65.3,5.10137,277,49.2,1.52985,271,20.6,1.71273,283,5.7,3.34432,293,7.5,3.48975,84
2024-08-07 17:00:00,23.1,983.0,3.2,1.46443,205,4.6,2.07281,204,5.9,2.79754,201,7.1,2.50832,203,7.8,1.9674,206,9.7,1.01893,216,11.7,0.99532,222,18.1,2.02048,250,26.6,2.08543,263,32.1,4.34915,269,35.1,5.84375,274,35.3,9.02752,283,47.4,8.77933,277,71.0,4.09965,279,66.6,5.10137,274,49.2,1.52985,272,20.1,1.71273,292,8.2,3.34432,270,8.3,3.48975,80
2024-08-08 08:00:00,14.9,981.3,5.1,2.0089,209,10.2,2.30468,210,19.9,2.89407,218,20.9,2.19808,214,20.6,3.09281,205,23.0,3.58955,189,26.5,3.25911,183,30.9,3.3316,198,30.2,4.5419,228,39.4,3.52327,241,45.7,2.25194,242,50.7,6.57998,237,58.8,8.55402,240,73.6,3.26129,250,61.0,6.71817,255,41.1,3.21367,266,15.7,6.28292,295,2.1,2.02389,225,9.7,2.48079,90
2024-08-08 09:00:00,14.7,981.4,4.1,2.0089,174,5.8,2.30468,178,11.4,2.89407,186,16.5,2.19808,177,20.8,3.09281,171,24.6,3.58955,172,27.4,3.25911,185,41.0,3.3316,215,32.9,4.5419,235,37.0,3.52327,242,43.6,2.25194,237,57.6,6.57998,229,63.9,8.55402,238,77.6,3.26129,252,59.0,6.71817,252,40.4,3.21367,265,14.5,6.28292,305,4.0,2.02389,202,10.5,2.48079,82
2024-08-08 10:00:00,15.9,980.6,4.0,2.0089,128,5.7,2.30468,133,11.3,2.89407,164,19.3,2.19808,175,25.1,3.09281,175,30.0,3.58955,178,33.4,3.25911,190,36.5,3.3316,219,31.5,4.5419,239,32.1,3.52327,239,43.6,2.25194,237,55.9,6.57998,227,61.5,8.55402,234,79.5,3.26129,251,58.9,6.71817,248,40.4,3.21367,266,10.6,6.28292,309,6.4,2.02389,216,13.5,2.48079,84
2024-08-08 11:00:00,16.7,979.8,5.8,2.0089,118,8.4,2.30468,124,13.1,2.89407,137,20.3,2.19808,159,25.6,3.09281,170,31.6,3.58955,187,36.6,3.25911,204,40.2,3.3316,229,28.1,4.5419,235,31.2,3.52327,237,42.5,2.25194,232,59.2,6.57998,229,67.4,8.55402,235,76.2,3.26129,250,61.9,6.71817,248,36.0,3.21367,264,5.4,6.28292,304,8.1,2.02389,236,13.4,2.48079,93
2024-08-08 12:00:00,18.1,979.7,7.3,2.0089,130,11.0,2.30468,134,16.4,2.89407,141,19.6,2.19808,148,24.7,3.09281,158,31.4,3.58955,181,34.8,3.25911,202,39.3,3.3316,222,28.5,4.5419,230,33.1,3.52327,234,44.4,2.25194,221,62.3,6.57998,227,71.8,8.55402,228,78.2,3.26129,248,64.9,6.71817,248,36.2,3.21367,262,4.3,6.28292,239,8.1,2.02389,236,14.1,2.48079,108
2024-08-08 13:00:00,20.1,979.3,7.5,2.0089,141,10.2,2.30468,142,15.4,2.89407,149,17.7,2.19808,153,19.9,3.09281,160,27.9,3.58955,185,32.7,3.25911,203,35.5,3.3316,222,30.6,4.5419,226,33.2,3.52327,226,44.9,2.25194,228,69.1,6.57998,224,73.8,8.55402,227,82.5,3.26129,247,68.1,6.71817,245,33.6,3.21367,257,9.5,6.28292,219,6.7,2.02389,270,12.4,2.48079,123
2024-08-08 14:00:00,22.3,978.9,7.4,2.0089,147,9.5,2.30468,149,14.8,2.89407,158,16.8,2.19808,163,18.3,3.09281,165,24.4,3.58955,183,33.1,3.25911,202,34.7,3.3316,215,37.1,4.5419,222,35.9,3.52327,223,44.5,2.25194,230,69.8,6.57998,229,73.4,8.55402,232,77.2,3.26129,247,69.4,6.71817,243,33.5,3.21367,253,15.9,6.28292,229,7.6,2.02389,259,11.2,2.48079,127
2024-08-08 15:00:00,22.3,978.8,9.6,2.0089,164,12.2,2.30468,166,17.4,2.89407,170,18.9,2.19808,172,20.1,3.09281,175,23.3,3.58955,186,30.2,3.25911,199,35.6,3.3316,216,39.9,4.5419,223,41.7,3.52327,226,41.4,2.25194,236,70.0,6.57998,239,67.4,8.55402,237,78.2,3.26129,248,73.7,6.71817,242,34.2,3.21367,254,20.0,6.28292,243,6.0,2.02389,263,9.5,2.48079,129
2024-08-08 16:00:00,22.4,978.5,9.7,2.0089,167,12.1,2.30468,168,16.8,2.89407,170,18.2,2.19808,172,19.6,3.09281,175,23.3,3.58955,183,29.8,3.25911,194,33.6,3.3316,218,39.6,4.5419,226,39.1,3.52327,228,38.9,2.25194,238,66.3,6.57998,231,79.7,8.55402,242,81.7,3.26129,245,77.4,6.71817,238,32.4,3.21367,247,20.5,6.28292,251,4.5,2.02389,270,7.7,2.48079,119
2024-08-08 17:00:00,22.2,977.7,6.8,2.0089,148,8.3,2.30468,150,11.8,2.89407,153,13.4,2.19808,156,16.2,3.09281,161,23.1,3.58955,173,29.3,3.25911,185,32.5,3.3316,217,37.6,4.5419,232,37.6,3.52327,231,39.8,2.25194,232,64.6,6.57998,234,87.0,8.55402,243,84.7,3.26129,242,74.1,6.71817,238,35.1,3.21367,241,22.4,6.28292,266,4.0,2.02389,248,6.9,2.48079,131
2024-08-09 08:00:00,15.5,974.7,4.9,0.78881,223,4.8,0.75689,223,12.0,1.46894,237,16.5,2.53081,243,16.1,2.83596,236,20.9,4.58301,210,26.5,6.05497,201,31.6,5.03323,196,48.1,6.60384,203,53.5,6.18946,203,74.7,9.56476,209,113.7,4.63471,206,117.9,6.25539,203,100.8,3.48044,212,70.6,3.51355,216,31.3,2.46462,218,12.7,2.9048,242,3.3,2.77867,207,10.5,3.95588,86
2024-08-09 09:00:00,16.9,974.9,5.5,0.78881,238,5.5,0.75689,237,10.2,1.46894,240,13.5,2.53081,239,16.9,2.83596,232,20.7,4.58301,210,24.8,6.05497,200,30.5,5.03323,201,47.2,6.60384,202,53.4,6.18946,205,72.1,9.56476,208,112.1,4.63471,204,116.7,6.25539,202,101.6,3.48044,210,71.1,3.51355,213,31.6,2.46462,214,10.5,2.9048,225,4.5,2.77867,189,13.5,3.95588,84
2024-08-09 10:00:00,18.2,974.9,6.7,0.78881,244,6.4,0.75689,244,10.1,1.46894,248,11.1,2.53081,247,13.5,2.83596,245,19.3,4.58301,229,23.2,6.05497,205,28.4,5.03323,201,47.4,6.60384,203,54.1,6.18946,204,76.7,9.56476,208,114.0,4.63471,203,118.6,6.25539,198,104.7,3.48044,205,73.4,3.51355,213,30.0,2.46462,215,11.1,2.9048,222,5.4,2.77867,164,13.5,3.95588,96
2024-08-09 11:00:00,19.4,974.5,5.9,0.78881,227,5.7,0.75689,227,8.5,1.46894,230,9.3,2.53081,232,10.2,2.83596,232,15.6,4.58301,228,19.5,6.05497,207,26.9,5.03323,204,44.3,6.60384,207,51.7,6.18946,207,76.8,9.56476,209,111.8,4.63471,200,115.2,6.25539,195,103.8,3.48044,204,74.7,3.51355,214,32.7,2.46462,204,16.3,2.9048,196,8.3,2.77867,170,15.1,3.95588,110
2024-08-09 12:00:00,21.2,974.4,5.6,0.78881,230,5.4,0.75689,230,8.2,1.46894,227,9.0,2.53081,226,9.4,2.83596,224,11.0,4.58301,222,17.1,6.05497,207,26.0,5.03323,207,42.1,6.60384,207,48.7,6.18946,205,76.5,9.56476,210,114.2,4.63471,200,119.6,6.25539,193,107.2,3.48044,203,72.8,3.51355,213,33.7,2.46462,208,17.2,2.9048,198,8.3,2.77867,190,16.1,3.95588,124
2024-08-09 13:00:00,22.4,973.8,6.0,0.78881,219,6.1,0.75689,220,8.7,1.46894,224,9.4,2.53081,226,9.8,2.83596,226,10.2,4.58301,222,12.9,6.05497,210,24.0,5.03323,210,40.0,6.60384,207,46.4,6.18946,206,72.1,9.56476,208,110.9,4.63471,196,114.7,6.25539,189,106.2,3.48044,201,73.1,3.51355,209,36.7,2.46462,209,17.3,2.9048,205,4.5,2.77867,180,13.3,3.95588,128
2024-08-09 14:00:00,23.3,973.6,5.7,0.78881,222,5.6,0.75689,222,8.7,1.46894,224,9.9,2.53081,225,10.5,2.83596,224,10.9,4.58301,219,11.6,6.05497,214,21.1,5.03323,208,36.4,6.60384,207,43.1,6.18946,203,69.0,9.56476,206,112.3,4.63471,194,117.8,6.25539,187,105.4,3.48044,202,74.0,3.51355,206,36.7,2.46462,209,17.7,2.9048,202,7.4,2.77867,135,8.5,3.95588,128
2024-08-09 15:00:00,24.1,973.8,4.5,0.78881,213,4.5,0.75689,215,7.2,1.46894,220,8.5,2.53081,223,9.4,2.83596,224,10.3,4.58301,219,11.2,6.05497,214,19.8,5.03323,201,33.7,6.60384,203,40.8,6.18946,198,63.4,9.56476,207,112.5,4.63471,193,110.2,6.25539,186,104.8,3.48044,204,71.8,3.51355,204,36.7,2.46462,209,17.7,2.9048,208,7.8,2.77867,163,8.5,3.95588,128
2024-08-09 16:00:00,23.6,973.7,4.5,0.78881,233,4.5,0.75689,231,7.4,1.46894,234,8.7,2.53081,233,9.6,2.83596,229,10.4,4.58301,223,11.3,6.05497,217,18.1,5.03323,200,32.1,6.60384,203,39.6,6.18946,196,56.8,9.56476,203,107.1,4.63471,193,105.3,6.25539,187,103.7,3.48044,206,66.1,3.51355,200,32.4,2.46462,209,17.6,2.9048,216,11.4,2.77867,169,4.0,3.95588,112
2024-08-09 17:00:00,24.4,973.5,6.7,0.78881,228,6.7,0.75689,229,10.0,1.46894,233,10.6,2.53081,236,11.0,2.83596,236,11.5,4.58301,230,12.3,6.05497,221,17.9,5.03323,199,30.9,6.60384,205,38.2,6.18946,197,48.6,9.56476,198,98.9,4.63471,191,100.9,6.25539,184,95.1,3.48044,206,63.9,3.51355,197,32.3,2.46462,214,17.2,2.9048,214,11.2,2.77867,180,6.7,3.95588,90
2024-08-10 08:00:00,13.9,973.6,5.5,0.88468,227,5.4,0.90037,227,13.1,1.84538,229,15.1,2.15873,230,14.7,1.99878,225,14.2,2.05307,211,14.2,3.05907,209,15.1,4.57777,220,13.2,4.96056,208,16.3,6.19488,196,19.6,7.3083,198,25.1,6.8354,210,33.0,6.12278,205,32.7,5.7161,207,33.3,5.2009,207,23.6,2.09022,198,5.8,3.4263,220,1.7,2.13284,153,10.9,1.65412,74
2024-08-10 09:00:00,15.4,973.8,6.3,0.88468,247,6.3,0.90037,246,10.3,1.84538,242,11.9,2.15873,240,13.6,1.99878,238,15.8,2.05307,229,15.8,3.05907,228,15.1,4.57777,230,14.4,4.96056,212,15.7,6.19488,205,21.1,7.3083,222,23.0,6.8354,216,30.4,6.12278,211,31.7,5.7161,204,32.7,5.2009,207,23.7,2.09022,204,2.7,3.4263,214,6.0,2.13284,173,9.9,1.65412,77
2024-08-10 10:00:00,16.2,974.0,6.1,0.88468,237,6.0,0.90037,238,9.5,1.84538,240,10.3,2.15873,241,11.1,1.99878,240,14.5,2.05307,235,15.2,3.05907,231,14.2,4.57777,227,14.7,4.96056,214,16.1,6.19488,214,19.7,7.3083,233,20.1,6.8354,211,23.7,6.12278,204,28.0,5.7161,205,32.1,5.2009,211,24.7,2.09022,209,2.4,3.4263,162,8.3,2.13284,170,11.3,1.65412,82
2024-08-10 11:00:00,17.7,974.4,6.2,0.88468,221,6.2,0.90037,222,9.5,1.84538,229,10.3,2.15873,233,11.3,1.99878,233,14.0,2.05307,234,14.8,3.05907,231,13.4,4.57777,221,14.8,4.96056,218,16.9,6.19488,221,20.3,7.3083,234,22.7,6.8354,224,21.0,6.12278,207,26.4,5.7161,209,34.1,5.2009,212,24.8,2.09022,213,3.7,3.4263,143,4.7,2.13284,162,11.4,1.65412,79
2024-08-10 12:00:00,18.7,974.1,5.9,0.88468,223,5.9,0.90037,225,9.5,1.84538,223,10.6,2.15873,225,10.9,1.99878,226,11.4,2.05307,226,11.6,3.05907,226,12.5,4.57777,225,14.0,4.96056,224,16.4,6.19488,227,20.6,7.3083,226,18.4,6.8354,212,21.1,6.12278,188,24.3,5.7161,207,32.3,5.2009,220,23.0,2.09022,209,6.9,3.4263,167,5.4,2.13284,164,12.0,1.65412,83
2024-08-10 13:00:00,18.6,973.9,4.4,0.88468,204,4.4,0.90037,205,7.7,1.84538,212,9.1,2.15873,217,10.0,1.99878,219,10.1,2.05307,218,9.8,3.05907,217,9.9,4.57777,231,12.2,4.96056,228,14.3,6.19488,231,21.1,7.3083,228,16.4,6.8354,210,26.2,6.12278,200,25.7,5.7161,216,25.3,5.2009,227,20.7,2.09022,206,9.7,3.4263,176,4.5,2.13284,180,12.8,1.65412,97
2024-08-10 14:00:00,16.5,973.6,6.5,0.88468,186,6.5,0.90037,184,11.8,1.84538,193,13.1,2.15873,198,13.0,1.99878,200,11.1,2.05307,199,8.7,3.05907,201,6.5,4.57777,225,8.9,4.96056,239,12.5,6.19488,253,20.5,7.3083,237,15.8,6.8354,188,19.7,6.12278,209,23.7,5.7161,226,24.3,5.2009,223,21.1,2.09022,203,11.3,3.4263,188,3.7,2.13284,143,12.7,1.65412,111
2024-08-10 15:00:00,17.9,973.6,7.5,0.88468,217,7.5,0.90037,216,13.5,1.84538,213,15.6,2.15873,212,16.5,1.99878,211,15.2,2.05307,207,11.5,3.05907,193,5.0,4.57777,212,3.6,4.96056,278,4.5,6.19488,270,9.9,7.3083,257,12.3,6.8354,194,19.0,6.12278,206,21.1,5.7161,225,23.2,5.2009,213,21.4,2.09022,205,12.0,3.4263,202,3.0,2.13284,180,11.0,1.65412,118
2024-08-10 16:00:00,18.2,974.0,7.3,0.88468,236,7.2,0.90037,237,11.7,1.84538,226,12.6,2.15873,221,12.4,1.99878,217,11.2,2.05307,214,7.9,3.05907,206,4.5,4.57777,239,1.8,4.96056,236,2.2,6.19488,180,5.3,7.3083,225,10.1,6.8354,197,16.9,6.12278,225,15.3,5.7161,227,23.8,5.2009,212,18.6,2.09022,217,8.7,3.4263,211,7.5,2.13284,174,9.0,1.65412,114
2024-08-10 17:00:00,18.7,973.7,5.7,0.88468,228,5.4,0.90037,227,9.5,1.84538,221,10.7,2.15873,217,11.3,1.99878,217,11.3,2.05307,217,8.2,3.05907,220,4.2,4.57777,292,5.8,4.96056,315,2.2,6.19488,270,2.2,7.3083,180,2.7,6.8354,236,12.8,6.12278,234,16.7,5.7161,207,20.3,5.2009,216,20.1,2.09022,222,7.0,3.4263,212,7.5,2.13284,186,7.5,1.65412,96
2024-08-11 08:00:00,10.4,976.4,5.8,0.96845,274,6.8,0.98522,276,12.3,0.83699,282,15.3,0.95969,289,15.1,1.33583,291,13.9,2.50885,287,13.7,2.34956,291,9.8,4.19529,296,6.0,7.4816,340,13.4,5.21844,19,31.7,1.51397,41,50.2,4.3221,49,49.0,3.67945,44,12.7,5.28902,28,7.8,1.98911,253,8.2,2.52023,270,2.4,2.15564,288,2.4,1.46382,288,13.7,3.93079,49
2024-08-11 09:00:00,10.9,976.7,7.0,0.96845,279,8.0,0.98522,280,12.3,0.83699,282,14.6,0.95969,287,15.8,1.33583,290,14.8,2.50885,283,14.1,2.34956,292,10.1,4.19529,302,6.0,7.4816,340,14.4,5.21844,21,34.5,1.51397,39,51.7,4.3221,43,52.7,3.67945,46,12.2,5.28902,38,7.6,1.98911,259,8.2,2.52023,265,3.8,2.15564,281,0.7,1.46382,270,13.5,3.93079,84
2024-08-11 10:00:00,11.7,977.0,7.1,0.96845,259,8.2,0.98522,260,12.5,0.83699,268,14.3,0.95969,276,16.3,1.33583,287,15.6,2.50885,286,15.8,2.34956,286,12.7,4.19529,305,9.1,7.4816,333,17.7,5.21844,15,37.3,1.51397,37,64.6,4.3221,39,57.5,3.67945,47,12.4,5.28902,33,9.4,1.98911,288,7.5,2.52023,264,2.2,2.15564,270,1.5,1.46382,180,11.2,3.93079,86
2024-08-11 11:00:00,12.3,977.2,7.4,0.96845,268,8.6,0.98522,268,12.5,0.83699,272,13.7,0.95969,279,15.2,1.33583,297,16.9,2.50885,310,17.4,2.34956,299,12.4,4.19529,296,9.3,7.4816,338,20.1,5.21844,15,34.3,1.51397,34,57.9,4.3221,35,58.5,3.67945,43,14.9,5.28902,18,12.7,1.98911,310,6.7,2.52023,243,1.7,2.15564,207,1.1,1.46382,225,10.5,3.93079,82
2024-08-11 12:00:00,12.3,977.2,8.3,0.96845,272,9.7,0.98522,271,13.3,0.83699,275,13.5,0.95969,281,14.3,1.33583,295,17.8,2.50885,314,18.4,2.34956,307,12.0,4.19529,303,14.3,7.4816,354,22.2,5.21844,14,33.7,1.51397,25,53.2,4.3221,34,57.7,3.67945,40,15.8,5.28902,19,11.6,1.98911,315,6.1,2.52023,256,4.0,2.15564,202,1.5,1.46382,180,13.4,3.93079,87
2024-08-11 13:00:00,12.4,977.3,6.3,0.96845,274,7.5,0.98522,275,11.9,0.83699,279,13.4,0.95969,288,15.2,1.33583,307,17.4,2.50885,317,17.1,2.34956,315,15.5,4.19529,333,20.3,7.4816,359,23.5,5.21844,11,32.8,1.51397,21,54.2,4.3221,32,52.5,3.67945,39,18.6,5.28902,16,10.7,1.98911,335,9.0,2.52023,246,6.4,2.15564,234,0.7,1.46382,90,12.0,3.93079,112
2024-08-11 14:00:00,13.0,977.2,5.8,0.96845,266,7.0,0.98522,266,10.8,0.83699,271,12.2,0.95969,279,13.8,1.33583,296,18.6,2.50885,318,18.1,2.34956,321,15.9,4.19529,354,20.9,7.4816,3,25.6,5.21844,8,34.0,1.51397,19,52.0,4.3221,27,53.6,3.67945,35,19.2,5.28902,13,8.3,1.98911,333,14.0,2.52023,245,1.5,2.15564,270,0.7,1.46382,270,8.1,3.93079,124
2024-08-11 15:00:00,13.2,977.2,6.1,0.96845,264,7.2,0.98522,263,11.1,0.83699,266,12.5,0.95969,272,13.9,1.33583,291,18.7,2.50885,319,18.9,2.34956,327,17.8,4.19529,354,22.4,7.4816,360,27.1,5.21844,8,34.7,1.51397,19,53.2,4.3221,22,57.7,3.67945,29,21.5,5.28902,20,7.3,1.98911,336,12.0,2.52023,263,2.2,2.15564,180,3.8,1.46382,191,6.0,3.93079,120
2024-08-11 16:00:00,13.0,977.3,5.9,0.96845,263,7.5,0.98522,263,12.1,0.83699,264,13.8,0.95969,273,16.1,1.33583,295,20.1,2.50885,321,20.2,2.34956,342,20.6,4.19529,354,23.0,7.4816,355,26.1,5.21844,2,35.1,1.51397,17,50.8,4.3221,22,54.8,3.67945,34,25.5,5.28902,21,12.0,1.98911,338,11.2,2.52023,274,6.1,2.15564,194,4.8,1.46382,219,4.5,3.93079,81
2024-08-11 17:00:00,12.9,977.2,5.0,0.96845,262,6.3,0.98522,262,10.7,0.83699,262,14.6,0.95969,283,18.3,1.33583,306,22.3,2.50885,324,20.7,2.34956,332,21.8,4.19529,343,24.8,7.4816,345,27.8,5.21844,354,33.0,1.51397,6,51.7,4.3221,20,61.5,3.67945,36,26.6,5.28902,18,10.7,1.98911,335,10.5,2.52023,266,7.4,2.15564,225,3.3,1.46382,207,3.1,3.93079,104
2024-08-12 08:00:00,12.6,980.5,5.1,1.03543,293,8.4,0.80691,294,13.9,0.95545,300,14.3,1.26947,314,14.4,1.95292,334,18.1,3.50049,357,21.2,4.40071,6,27.7,5.34042,16,31.8,5.55594,17,35.0,5.47881,11,40.8,4.9545,18,49.2,5.25049,22,49.7,4.72968,28,47.8,5.97466,23,17.3,0.82765,353,10.7,1.08326,335,9.2,1.71143,14,4.7,1.42068,342,13.0,2.51917,77
2024-08-12 09:00:00,14.4,981.1,5.8,1.03543,302,8.7,0.80691,304,12.6,0.95545,305,14.0,1.26947,314,15.0,1.95292,337,19.0,3.50049,360,22.7,4.40071,10,27.9,5.34042,18,29.6,5.55594,16,32.6,5.47881,11,37.1,4.9545,15,46.5,5.25049,16,43.9,4.72968,21,44.9,5.97466,21,17.4,0.82765,350,11.4,1.08326,337,7.6,1.71143,11,5.4,1.42068,344,11.2,2.51917,90
2024-08-12 10:00:00,16.6,981.5,6.5,1.03543,308,8.8,0.80691,307,11.6,0.95545,310,14.3,1.26947,319,15.6,1.95292,339,19.3,3.50049,4,23.8,4.40071,15,27.0,5.34042,17,27.6,5.55594,13,30.2,5.47881,9,35.0,4.9545,11,42.4,5.25049,10,38.7,4.72968,16,39.6,5.97466,20,18.3,0.82765,348,11.8,1.08326,342,4.5,1.71143,9,4.8,1.42068,309,10.4,2.51917,90
2024-08-12 11:00:00,18.7,982.1,7.3,1.03543,313,10.0,0.80691,312,12.4,0.95545,313,14.3,1.26947,319,16.6,1.95292,335,18.7,3.50049,3,22.1,4.40071,17,24.7,5.34042,14,25.3,5.55594,10,27.8,5.47881,6,30.7,4.9545,4,39.5,5.25049,360,36.5,4.72968,359,32.8,5.97466,360,18.3,0.82765,348,11.8,1.08326,342,4.2,1.71143,315,6.8,1.42068,354,9.1,2.51917,99
2024-08-12 12:00:00,20.4,982.3,8.4,1.03543,304,11.0,0.80691,305,13.1,0.95545,306,13.5,1.26947,309,14.5,1.95292,322,16.2,3.50049,356,18.7,4.40071,15,21.7,5.34042,12,23.1,5.55594,8,26.1,5.47881,3,29.1,4.9545,359,37.0,5.25049,351,35.1,4.72968,348,32.9,5.97466,347,19.6,0.82765,342,10.5,1.08326,356,6.3,1.71143,315,6.9,1.42068,41,6.0,2.51917,83
2024-08-12 13:00:00,21.6,982.5,7.1,1.03543,302,9.5,0.80691,304,11.6,0.95545,308,12.2,1.26947,311,12.9,1.95292,317,15.6,3.50049,350,17.7,4.40071,11,20.0,5.34042,11,21.0,5.55594,7,23.9,5.47881,2,27.2,4.9545,351,36.2,5.25049,346,35.9,4.72968,343,29.5,5.97466,339,17.7,0.82765,338,8.3,1.08326,333,7.4,1.71143,315,6.3,1.42068,45,7.3,2.51917,66
2024-08-12 14:00:00,22.7,982.5,8.2,1.03543,315,10.5,0.80691,315,12.2,0.95545,315,12.5,1.26947,316,12.5,1.95292,318,13.4,3.50049,342,16.3,4.40071,7,17.8,5.34042,6,18.9,5.55594,5,21.7,5.47881,356,26.6,4.9545,342,34.0,5.25049,341,33.5,4.72968,339,31.0,5.97466,333,18.8,0.82765,326,11.2,1.08326,323,7.3,1.71143,336,4.0,1.42068,68,8.3,2.51917,80
2024-08-12 15:00:00,23.9,983.0,7.6,1.03543,313,9.7,0.80691,314,11.2,0.95545,315,11.7,1.26947,317,11.6,1.95292,320,11.5,3.50049,332,14.3,4.40071,2,15.8,5.34042,3,17.3,5.55594,360,20.4,5.47881,352,27.4,4.9545,338,35.4,5.25049,338,38.4,4.72968,331,36.0,5.97466,326,18.7,0.82765,331,9.7,1.08326,328,6.1,1.71143,346,2.4,1.42068,108,7.8,2.51917,107
2024-08-12 16:00:00,24.5,982.9,7.5,1.03543,321,9.7,0.80691,322,11.5,0.95545,323,11.9,1.26947,325,11.8,1.95292,327,11.4,3.50049,330,13.1,4.40071,355,15.4,5.34042,360,17.3,5.55594,357,20.3,5.47881,343,28.0,4.9545,331,34.7,5.25049,332,38.5,4.72968,328,36.0,5.97466,320,18.7,0.82765,331,10.1,1.08326,324,5.0,1.71143,333,3.8,1.42068,191,5.4,2.51917,106
2024-08-12 17:00:00,24.4,982.5,7.6,1.03543,315,9.7,0.80691,316,10.7,0.95545,320,10.9,1.26947,322,10.6,1.95292,324,10.1,3.50049,328,10.9,4.40071,347,14.3,5.34042,358,16.3,5.55594,356,19.8,5.47881,340,27.5,4.9545,327,36.2,5.25049,328,39.9,4.72968,327,39.6,5.97466,317,19.7,0.82765,331,11.2,1.08326,323,8.7,1.71143,290,5.4,1.42068,236,5.7,2.51917,67
2024-08-13 08:00:00,12.5,983.4,3.5,1.12393,215,10.4,1.25472,238,13.2,1.78263,267,13.7,1.68289,271,14.3,1.88765,272,12.4,1.61795,286,11.0,2.10262,292,11.0,1.79162,306,14.0,1.18082,303,12.1,0.59442,317,13.2,1.25967,313,22.2,2.00225,310,27.7,2.48337,306,27.0,2.75134,309,20.1,1.27318,321,14.2,1.69758,313,15.3,3.96625,313,8.3,2.37311,333,9.7,3.01627,58
2024-08-13 09:00:00,17.0,984.0,4.4,1.12393,221,7.1,1.25472,226,13.1,1.78263,250,13.3,1.68289,272,14.8,1.88765,281,14.4,1.61795,285,13.9,2.10262,286,13.2,1.79162,302,16.0,1.18082,307,13.7,0.59442,319,14.2,1.25967,317,21.6,2.00225,314,26.9,2.48337,312,23.2,2.75134,312,18.5,1.27318,317,15.5,1.69758,305,15.9,3.96625,319,9.8,2.37311,351,11.0,3.01627,62
2024-08-13 10:00:00,21.0,984.5,5.3,1.12393,234,7.9,1.25472,238,12.1,1.78263,247,12.9,1.68289,261,12.6,1.88765,277,13.1,1.61795,292,13.8,2.10262,293,14.0,1.79162,302,15.6,1.18082,308,13.2,0.59442,317,13.7,1.25967,319,19.5,2.00225,313,24.3,2.48337,313,20.9,2.75134,305,17.4,1.27318,317,16.8,1.69758,302,15.0,3.96625,333,9.1,2.37311,351,13.7,3.01627,68
2024-08-13 11:00:00,24.1,984.7,5.6,1.12393,233,8.4,1.25472,236,10.0,1.78263,243,11.4,1.68289,251,12.5,1.88765,268,13.7,1.61795,292,15.7,2.10262,297,15.3,1.79162,304,15.0,1.18082,305,12.7,0.59442,315,12.1,1.25967,317,20.1,2.00225,309,24.9,2.48337,309,24.3,2.75134,297,18.1,1.27318,322,18.1,1.69758,308,13.4,3.96625,341,8.2,2.37311,360,13.6,3.01627,81
2024-08-13 12:00:00,26.8,984.5,6.4,1.12393,250,9.0,1.25472,249,10.6,1.78263,249,10.9,1.68289,250,11.3,1.88765,255,12.9,1.61795,285,15.2,2.10262,301,15.6,1.79162,310,15.0,1.18082,298,11.8,0.59442,305,12.1,1.25967,317,19.0,2.00225,312,23.8,2.48337,311,23.0,2.75134,295,16.4,1.27318,313,18.5,1.69758,310,10.7,3.96625,348,7.5,2.37311,360,12.0,3.01627,97
2024-08-13 13:00:00,27.8,984.4,7.0,1.12393,261,9.4,1.25472,260,11.0,1.78263,260,11.4,1.68289,260,11.6,1.88765,262,11.0,1.61795,282,12.8,2.10262,304,15.0,1.79162,316,15.2,1.18082,296,12.4,0.59442,303,11.6,1.25967,320,19.0,2.00225,312,26.0,2.48337,309,25.5,2.75134,291,17.9,1.27318,315,17.0,1.69758,322,6.9,3.96625,347,4.7,2.37311,18,11.8,3.01627,108
2024-08-13 14:00:00,28.9,983.9,6.7,1.12393,264,9.1,1.25472,266,10.8,1.78263,269,11.3,1.68289,271,11.7,1.88765,274,12.0,1.61795,285,12.6,2.10262,298,14.3,1.79162,324,14.6,1.18082,299,12.0,0.59442,300,12.1,1.25967,317,19.9,2.00225,304,27.9,2.48337,304,28.1,2.75134,292,19.1,1.27318,321,15.4,1.69758,331,6.0,3.96625,330,4.5,2.37311,360,10.9,3.01627,106
2024-08-13 15:00:00,29.4,983.7,6.3,1.12393,278,8.4,1.25472,278,10.0,1.78263,278,10.6,1.68289,279,10.9,1.88765,281,11.2,1.61795,286,11.4,2.10262,299,13.5,1.79162,323,13.3,1.18082,302,12.0,0.59442,300,12.7,1.25967,310,22.5,2.00225,304,29.0,2.48337,305,29.3,2.75134,297,19.1,1.27318,321,14.9,1.69758,323,6.4,3.96625,306,3.7,2.37311,360,8.3,3.01627,117
2024-08-13 16:00:00,29.4,983.1,5.1,1.12393,285,6.7,1.25472,284,8.2,1.78263,284,8.8,1.68289,285,9.1,1.88765,285,9.5,1.61795,287,9.7,2.10262,297,11.5,1.79162,320,12.7,1.18082,307,12.4,0.59442,303,13.2,1.25967,313,22.2,2.00225,310,29.1,2.48337,310,28.2,2.75134,307,17.6,1.27318,324,14.1,1.69758,328,7.9,3.96625,311,3.3,2.37311,297,5.7,3.01627,113
2024-08-13 17:00:00,28.5,983.0,4.6,1.12393,284,6.5,1.25472,285,8.0,1.78263,286,8.8,1.68289,285,9.1,1.88765,285,9.8,1.61795,287,9.8,2.10262,292,10.7,1.79162,311,12.7,1.18082,307,12.7,0.59442,310,15.8,1.25967,315,25.3,2.00225,313,31.8,2.48337,309,27.4,2.75134,313,15.9,1.27318,319,13.7,1.69758,331,8.5,3.96625,322,7.4,2.37311,315,5.0,3.01627,63
2024-08-14 08:00:00,14.4,985.2,2.4,0.91536,229,8.9,1.39921,263,10.2,1.89294,289,6.2,1.61521,270,8.2,1.9172,259,10.3,2.35051,279,11.0,2.48909,292,13.7,3.43688,308,10.0,1.89212,330,11.6,1.95871,345,14.3,1.18697,332,18.7,1.91894,331,20.4,2.26767,332,23.3,3.49317,333,25.7,2.8779,330,22.1,1.42906,327,15.2,1.62344,11,5.4,1.76949,16,14.2,2.84888,93
2024-08-14 09:00:00,18.5,986.0,2.6,0.91536,250,4.7,1.39921,259,10.5,1.89294,279,8.5,1.61521,267,8.9,1.9172,249,10.8,2.35051,265,12.1,2.48909,288,14.3,3.43688,308,10.2,1.89212,323,11.4,1.95871,337,15.0,1.18697,333,18.0,1.91894,336,21.4,2.26767,335,22.7,3.49317,333,25.1,2.8779,323,21.1,1.42906,328,13.7,1.62344,13,8.3,1.76949,10,13.5,2.84888,96
2024-08-14 10:00:00,21.8,986.3,3.9,0.91536,260,5.4,1.39921,263,7.9,1.89294,268,9.8,1.61521,267,10.8,1.9172,260,11.3,2.35051,270,11.2,2.48909,289,13.6,3.43688,315,9.9,1.89212,325,11.4,1.95871,337,14.0,1.18697,335,14.7,1.91894,330,19.7,2.26767,335,20.5,3.49317,327,25.9,2.8779,319,22.8,1.42906,328,14.9,1.62344,18,10.1,1.76949,17,11.8,2.84888,108
2024-08-14 11:00:00,24.1,986.4,3.5,0.91536,243,5.3,1.39921,247,6.9,1.89294,250,8.6,1.61521,253,10.5,1.9172,254,11.1,2.35051,264,10.3,2.48909,286,12.0,3.43688,318,7.9,1.89212,320,10.7,1.95871,335,14.3,1.18697,332,14.5,1.91894,325,20.0,2.26767,333,21.9,3.49317,325,29.0,2.8779,318,22.7,1.42906,333,13.2,1.62344,16,6.0,1.76949,30,8.4,2.84888,135
2024-08-14 12:00:00,26.3,986.5,4.9,0.91536,240,6.5,1.39921,243,7.6,1.89294,246,8.3,1.61521,249,8.7,1.9172,253,10.5,2.35051,265,10.4,2.48909,280,10.9,3.43688,318,7.1,1.89212,330,10.9,1.95871,344,14.1,1.18697,342,13.4,1.91894,326,17.2,2.26767,342,24.8,3.49317,319,30.1,2.8779,318,20.4,1.42906,332,12.0,1.62344,7,6.7,1.76949,27,9.3,2.84888,119
2024-08-14 13:00:00,28.3,986.5,4.9,0.91536,254,6.5,1.39921,253,7.8,1.89294,252,8.6,1.61521,253,8.7,1.9172,253,9.2,2.35051,259,9.9,2.48909,272,8.7,3.43688,311,5.8,1.89212,315,8.5,1.95871,345,12.7,1.18697,339,15.1,1.91894,327,15.1,2.26767,340,26.4,3.49317,315,31.8,2.8779,321,20.7,1.42906,334,10.5,1.62344,356,4.0,1.76949,22,8.3,2.84888,117
2024-08-14 14:00:00,28.7,985.8,4.5,0.91536,267,6.0,1.39921,266,7.0,1.89294,262,7.4,1.61521,260,7.6,1.9172,262,8.0,2.35051,264,7.8,2.48909,272,7.7,3.43688,311,5.4,1.89212,319,7.6,1.95871,349,12.5,1.18697,343,15.5,1.91894,325,14.7,2.26767,330,27.4,3.49317,313,31.9,2.8779,323,19.7,1.42906,331,10.4,1.62344,330,4.7,1.76949,18,6.0,2.84888,120
2024-08-14 15:00:00,29.3,985.4,3.1,0.91536,266,4.2,1.39921,270,4.6,1.89294,264,5.0,1.61521,264,5.5,1.9172,265,5.7,2.35051,267,5.9,2.48909,276,5.5,3.43688,295,5.4,1.89212,311,6.9,1.95871,347,11.4,1.18697,337,16.1,1.91894,326,17.4,2.26767,329,29.1,3.49317,320,32.3,2.8779,326,18.7,1.42906,331,12.0,1.62344,330,7.0,1.76949,32,6.0,2.84888,90
2024-08-14 16:00:00,28.1,985.0,4.5,0.91536,279,6.3,1.39921,274,6.5,1.89294,272,6.3,1.61521,272,6.0,1.9172,270,5.9,2.35051,270,5.6,2.48909,270,5.5,3.43688,278,6.6,1.89212,302,7.0,1.95871,328,12.7,1.18697,332,15.4,1.91894,337,16.7,2.26767,333,29.0,3.49317,325,30.2,2.8779,327,20.1,1.42906,321,13.3,1.62344,333,5.8,1.76949,40,8.0,2.84888,68
2024-08-14 17:00:00,26.8,984.3,3.4,0.91536,266,4.2,1.39921,267,5.1,1.89294,275,5.3,1.61521,278,5.4,1.9172,284,5.6,2.35051,285,5.8,2.48909,286,7.0,3.43688,289,8.0,1.89212,297,8.1,1.95871,326,12.0,1.18697,330,12.3,1.91894,346,17.7,2.26767,332,30.9,3.49317,323,32.3,2.8779,320,22.7,1.42906,316,12.8,1.62344,353,7.0,1.76949,58,9.0,2.84888,66
2024-08-15 08:00:00,15.3,983.9,1.4,0.87718,198,4.2,0.92382,251,1.1,1.46803,153,2.0,1.39368,140,0.9,1.68619,146,0.4,1.6565,315,1.8,1.12368,301,3.3,1.36092,306,3.4,2.01318,297,4.5,1.30729,279,11.6,1.98408,315,35.8,3.84135,324,50.9,4.69307,328,60.6,3.70683,326,51.7,5.03283,317,28.3,3.54409,325,15.7,3.17401,3,7.4,3.3617,45,8.9,3.76683,90
2024-08-15 09:00:00,19.3,984.6,1.3,0.87718,211,2.1,0.92382,221,1.5,1.46803,219,1.5,1.39368,189,1.5,1.68619,225,1.9,1.6565,243,2.9,1.12368,257,2.4,1.36092,288,2.1,2.01318,284,3.1,1.30729,284,10.4,1.98408,330,42.4,3.84135,332,55.4,4.69307,331,64.3,3.70683,325,54.8,5.03283,316,29.8,3.54409,323,15.4,3.17401,14,9.0,3.3617,48,11.2,3.76683,90
2024-08-15 10:00:00,23.2,984.8,1.6,0.87718,180,2.1,0.92382,180,2.2,1.46803,167,2.5,1.39368,143,1.7,1.68619,153,1.5,1.6565,202,2.5,1.12368,240,2.0,1.36092,259,2.6,2.01318,259,3.0,1.30729,270,10.8,1.98408,326,46.4,3.84135,336,58.7,4.69307,333,64.9,3.70683,326,58.5,5.03283,317,29.2,3.54409,328,13.0,3.17401,24,4.0,3.3617,22,15.0,3.76683,96
2024-08-15 11:00:00,26.1,984.6,2.9,0.87718,157,3.7,0.92382,162,4.0,1.46803,163,4.4,1.39368,164,4.4,1.68619,159,2.8,1.6565,174,2.9,1.12368,221,2.5,1.36092,231,2.5,2.01318,233,2.2,1.30729,270,11.4,1.98408,328,47.0,3.84135,335,59.1,4.69307,331,65.1,3.70683,327,60.7,5.03283,318,28.4,3.54409,330,10.1,3.17401,36,1.7,3.3617,297,13.7,3.76683,103
2024-08-15 12:00:00,28.0,984.5,3.7,0.87718,163,4.8,0.92382,163,5.3,1.46803,164,5.4,1.39368,167,5.1,1.68619,168,4.0,1.6565,176,3.5,1.12368,218,3.0,1.36092,220,4.1,2.01318,210,2.4,1.30729,198,11.0,1.98408,332,47.7,3.84135,333,60.7,4.69307,334,65.8,3.70683,327,63.5,5.03283,320,27.0,3.54409,332,6.0,3.17401,7,2.4,3.3617,288,11.1,3.76683,110
2024-08-15 13:00:00,29.4,984.1,3.6,0.87718,184,4.4,0.92382,180,5.1,1.46803,172,5.3,1.39368,172,5.3,1.68619,171,4.5,1.6565,176,3.8,1.12368,189,2.8,1.36092,196,6.1,2.01318,204,5.4,1.30729,214,11.7,1.98408,333,47.4,3.84135,334,60.2,4.69307,338,62.3,3.70683,328,62.5,5.03283,321,21.4,3.54409,331,7.0,3.17401,302,5.8,3.3617,320,11.1,3.76683,132
2024-08-15 14:00:00,30.1,983.8,3.0,0.87718,144,3.5,0.92382,148,4.4,1.46803,174,4.8,1.39368,183,5.0,1.68619,186,4.9,1.6565,190,4.4,1.12368,188,3.9,1.36092,186,6.8,2.01318,207,5.8,1.30729,220,13.7,1.98408,338,46.0,3.84135,333,55.8,4.69307,337,58.5,3.70683,326,62.1,5.03283,325,21.6,3.54409,314,11.1,3.17401,312,9.2,3.3617,14,6.7,3.76683,180
2024-08-15 15:00:00,30.7,983.4,2.8,0.87718,194,3.8,0.92382,191,4.4,1.46803,186,4.5,1.39368,183,4.7,1.68619,183,4.8,1.6565,183,4.7,1.12368,188,5.2,1.36092,197,8.0,2.01318,215,5.3,1.30729,225,14.1,1.98408,342,43.0,3.84135,332,51.0,4.69307,333,56.2,3.70683,321,55.2,5.03283,328,24.5,3.54409,308,9.2,3.17401,346,11.4,3.3617,11,6.3,3.76683,135
2024-08-15 16:00:00,30.8,982.7,3.0,0.87718,138,3.9,0.92382,147,3.8,1.46803,153,3.7,1.39368,160,3.7,1.68619,168,4.3,1.6565,184,4.5,1.12368,196,5.0,1.36092,203,5.8,2.01318,218,4.2,1.30729,225,15.8,1.98408,341,42.8,3.84135,329,49.2,4.69307,328,56.6,3.70683,320,51.3,5.03283,327,27.9,3.54409,304,11.0,3.17401,332,9.5,3.3617,45,5.0,3.76683,153
2024-08-15 17:00:00,30.7,982.2,2.2,0.87718,180,2.8,0.92382,175,4.0,1.46803,166,4.6,1.39368,167,4.8,1.68619,167,5.1,1.6565,180,5.4,1.12368,190,6.0,1.36092,207,4.8,2.01318,198,4.8,1.30729,219,15.4,1.98408,337,39.9,3.84135,327,48.6,4.69307,328,58.2,3.70683,319,50.3,5.03283,328,32.4,3.54409,308,11.4,3.17401,337,3.7,3.3617,37,3.7,3.76683,143
2024-08-16 08:00:00,15.0,979.4,3.9,1.84899,156,6.9,1.93164,166,16.3,1.75246,194,18.2,2.47647,193,19.4,2.32245,188,21.9,2.29998,170,24.8,3.00378,162,23.8,3.24866,163,18.6,2.07942,171,15.9,3.34292,191,16.1,3.97561,214,15.7,8.83745,211,8.7,13.5664,211,23.2,5.28635,237,19.2,2.62475,257,14.3,0.94687,298,6.4,1.96359,339,9.0,2.50202,355,5.0,1.16809,117
2024-08-16 09:00:00,18.2,979.4,5.3,1.84899,158,6.9,1.93164,160,17.6,1.75246,178,20.8,2.47647,183,21.6,2.32245,184,22.2,2.29998,175,24.4,3.00378,168,24.4,3.24866,168,19.9,2.07942,174,18.3,3.34292,192,16.4,3.97561,204,19.1,8.83745,211,17.2,13.5664,198,25.8,5.28635,224,19.7,2.62475,241,13.7,0.94687,292,6.0,1.96359,330,9.8,2.50202,9,5.3,1.16809,98
2024-08-16 10:00:00,21.7,979.8,6.6,1.84899,168,9.0,1.93164,170,14.8,1.75246,173,21.8,2.47647,179,23.4,2.32245,181,24.6,2.29998,180,26.6,3.00378,173,26.0,3.24866,168,20.5,2.07942,166,16.4,3.34292,180,15.1,3.97561,189,18.7,8.83745,209,21.2,13.5664,198,29.2,5.28635,212,21.3,2.62475,234,14.9,0.94687,288,7.1,1.96359,342,9.1,2.50202,9,6.8,1.16809,84
2024-08-16 11:00:00,23.9,979.6,7.5,1.84899,168,9.7,1.93164,169,12.7,1.75246,171,15.1,2.47647,174,18.7,2.32245,178,24.4,2.29998,181,27.1,3.00378,175,26.5,3.24866,172,23.0,2.07942,175,21.0,3.34292,186,17.2,3.97561,178,20.5,8.83745,199,24.6,13.5664,194,31.7,5.28635,204,23.0,2.62475,234,15.1,0.94687,290,6.8,1.96359,354,4.0,2.50202,22,5.3,1.16809,98
2024-08-16 12:00:00,25.2,979.7,9.0,1.84899,167,11.9,1.93164,168,15.2,1.75246,168,16.5,2.47647,170,17.7,2.32245,171,21.6,2.29998,177,28.0,3.00378,181,27.1,3.24866,175,22.1,2.07942,172,23.9,3.34292,182,23.2,3.97561,176,24.0,8.83745,187,28.4,13.5664,185,37.0,5.28635,205,24.9,2.62475,231,13.2,0.94687,286,6.8,1.96359,6,4.2,2.50202,45,4.7,1.16809,108
2024-08-16 13:00:00,26.0,979.3,9.8,1.84899,168,12.3,1.93164,168,15.9,1.75246,170,17.0,2.47647,171,17.7,2.32245,171,18.9,2.29998,171,21.9,3.00378,173,27.0,3.24866,179,25.5,2.07942,174,25.6,3.34292,188,24.6,3.97561,182,28.3,8.83745,178,31.4,13.5664,176,38.0,5.28635,206,24.9,2.62475,231,15.7,0.94687,275,4.0,1.96359,22,6.9,2.50202,77,7.5,1.16809,84
2024-08-16 14:00:00,25.3,978.5,8.7,1.84899,167,10.9,1.93164,168,15.0,1.75246,168,16.7,2.47647,166,17.8,2.32245,165,19.5,2.29998,163,21.0,3.00378,165,23.9,3.24866,182,22.3,2.07942,192,24.0,3.34292,206,25.5,3.97561,201,34.0,8.83745,189,33.4,13.5664,204,33.5,5.28635,212,27.5,2.62475,229,14.2,0.94687,273,4.8,1.96359,51,6.0,2.50202,120,8.2,1.16809,85
2024-08-16 15:00:00,26.0,978.4,8.1,1.84899,174,10.0,1.93164,173,14.7,1.75246,170,16.5,2.47647,166,17.9,2.32245,164,20.0,2.29998,162,21.2,3.00378,162,21.3,3.24866,185,19.5,2.07942,200,19.7,3.34292,217,24.1,3.97561,202,40.7,8.83745,208,42.8,13.5664,229,38.0,5.28635,225,25.5,2.62475,232,14.2,0.94687,267,2.2,1.96359,90,5.3,2.50202,172,6.9,1.16809,103
2024-08-16 16:00:00,25.3,977.9,8.8,1.84899,173,10.1,1.93164,172,14.4,1.75246,169,16.0,2.47647,166,17.1,2.32245,163,18.9,2.29998,161,20.3,3.00378,161,20.4,3.24866,191,19.8,2.07942,203,18.7,3.34292,203,22.3,3.97561,206,35.6,8.83745,217,49.7,13.5664,229,31.1,5.28635,226,24.0,2.62475,234,16.1,0.94687,257,2.1,1.96359,135,2.4,2.50202,198,6.9,1.16809,131
2024-08-16 17:00:00,22.8,977.6,6.4,1.84899,205,7.6,1.93164,203,11.4,1.75246,186,13.6,2.47647,174,15.3,2.32245,165,18.1,2.29998,160,20.1,3.00378,163,17.2,3.24866,189,20.0,2.07942,207,18.3,3.34292,207,21.4,3.97561,205,36.0,8.83745,214,49.2,13.5664,215,26.4,5.28635,225,23.6,2.62475,235,15.7,0.94687,265,3.1,1.96359,194,8.0,2.50202,248,6.4,1.16809,144
2024-08-17 08:00:00,17.5,975.6,4.7,1.60835,85,4.9,1.50259,82,12.2,1.85499,99,13.7,1.5967,114,13.6,1.28253,122,11.5,1.54779,115,10.6,1.84056,95,7.1,1.05809,103,5.8,0.7642,142,5.8,1.23306,140,14.5,1.78774,125,20.4,5.842,98,21.5,11.54693,110,15.4,3.80177,129,14.7,1.57935,240,15.4,1.19819,256,4.3,1.51745,149,4.2,1.29379,225,4.8,1.79323,39
2024-08-17 09:00:00,17.7,975.6,4.3,1.60835,87,4.6,1.50259,87,10.9,1.85499,95,14.2,1.5967,105,14.4,1.28253,110,14.2,1.54779,102,14.0,1.84056,90,6.3,1.05809,79,5.5,0.7642,158,6.0,1.23306,150,12.0,1.78774,120,17.2,5.842,108,19.0,11.54693,116,14.3,3.80177,141,15.8,1.57935,225,15.6,1.19819,253,6.7,1.51745,180,3.7,1.29379,270,6.4,1.79323,69
2024-08-17 10:00:00,18.0,975.8,4.4,1.60835,75,4.8,1.50259,73,7.8,1.85499,79,10.5,1.5967,91,12.1,1.28253,100,14.4,1.54779,105,12.0,1.84056,99,6.7,1.05809,66,3.3,0.7642,141,5.3,1.23306,135,11.8,1.78774,125,16.0,5.842,118,18.4,11.54693,122,13.3,3.80177,128,16.9,1.57935,229,16.5,1.19819,265,7.3,1.51745,204,3.0,1.29379,270,6.0,1.79323,90
2024-08-17 11:00:00,18.4,975.9,5.0,1.60835,54,5.3,1.50259,56,8.7,1.85499,58,10.9,1.5967,70,12.9,1.28253,81,15.1,1.54779,96,13.9,1.84056,100,8.3,1.05809,77,4.3,0.7642,111,7.0,1.23306,122,12.2,1.78774,128,16.0,5.842,143,15.7,11.54693,155,6.4,3.80177,159,18.0,1.57935,228,14.5,1.19819,258,8.7,1.51745,211,3.8,1.29379,259,5.0,1.79323,117
2024-08-17 12:00:00,20.5,975.8,6.8,1.60835,52,7.1,1.50259,52,10.0,1.85499,55,10.6,1.5967,60,12.1,1.28253,71,13.3,1.54779,89,10.7,1.84056,98,8.1,1.05809,73,5.1,0.7642,90,7.3,1.23306,114,10.5,1.78774,135,21.2,5.842,162,29.1,11.54693,183,17.2,3.80177,182,19.7,1.57935,233,15.1,1.19819,250,8.5,1.51745,218,4.3,1.29379,329,7.5,1.79323,143
2024-08-17 13:00:00,21.8,975.6,8.7,1.60835,44,8.9,1.50259,45,13.3,1.85499,49,13.6,1.5967,54,14.0,1.28253,59,13.1,1.54779,72,9.1,1.84056,82,7.8,1.05809,63,5.6,0.7642,90,8.0,1.23306,112,9.5,1.78774,141,27.6,5.842,178,40.4,11.54693,192,8.2,3.80177,175,17.4,1.57935,239,14.1,1.19819,252,8.7,1.51745,200,1.7,1.29379,333,7.6,1.79323,169
2024-08-17 14:00:00,22.1,975.3,8.3,1.60835,57,8.0,1.50259,57,13.3,1.85499,55,13.6,1.5967,54,14.1,1.28253,58,13.0,1.54779,70,8.8,1.84056,67,7.5,1.05809,55,5.6,0.7642,90,8.3,1.23306,117,8.5,1.78774,142,28.2,5.842,192,42.3,11.54693,194,14.1,3.80177,198,18.1,1.57935,232,15.0,1.19819,243,7.9,1.51745,229,1.5,1.29379,360,6.0,1.79323,173
2024-08-17 15:00:00,21.9,975.3,7.4,1.60835,65,7.5,1.50259,64,11.8,1.85499,57,12.3,1.5967,54,12.3,1.28253,54,11.7,1.54779,58,9.8,1.84056,53,8.6,1.05809,54,5.1,0.7642,90,8.5,1.23306,128,9.7,1.78774,148,32.2,5.842,193,43.6,11.54693,197,15.6,3.80177,197,18.2,1.57935,235,15.7,1.19819,245,7.3,1.51745,246,4.5,1.29379,180,4.2,1.79323,225
2024-08-17 16:00:00,21.4,975.1,6.4,1.60835,51,6.3,1.50259,51,9.9,1.85499,49,10.1,1.5967,46,10.3,1.28253,45,10.0,1.54779,45,9.7,1.84056,45,9.2,1.05809,57,4.6,0.7642,84,5.8,1.23306,130,9.3,1.78774,151,28.0,5.842,189,42.5,11.54693,195,15.9,3.80177,191,15.1,1.57935,237,16.0,1.19819,242,7.1,1.51745,252,5.8,1.29379,220,2.1,1.79323,225
2024-08-17 17:00:00,21.5,974.8,5.7,1.60835,51,5.6,1.50259,52,10.0,1.85499,44,11.0,1.5967,41,11.8,1.28253,41,12.0,1.54779,43,11.5,1.84056,41,9.6,1.05809,50,5.3,0.7642,73,5.4,1.23306,124,10.4,1.78774,159,25.9,5.842,192,38.9,11.54693,197,8.3,3.80177,190,16.0,1.57935,233,18.4,1.19819,249,9.9,1.51745,283,4.0,1.29379,248,3.1,1.79323,14
2024-08-18 08:00:00,14.6,977.6,10.8,1.00244,355,15.1,1.34994,356,25.7,0.83506,2,29.6,1.53916,5,31.3,2.30769,9,28.8,2.16887,18,22.5,1.85427,12,17.7,1.50835,1,15.3,2.24373,358,9.2,3.84131,346,2.7,3.83998,236,12.4,2.26198,147,12.1,3.20181,133,3.3,6.70364,243,15.4,5.07499,284,17.2,2.06906,272,15.4,3.05716,331,4.0,2.69157,22,6.0,2.41544,330
2024-08-18 09:00:00,14.5,977.9,10.6,1.00244,354,15.3,1.34994,357,23.8,0.83506,360,28.3,1.53916,5,31.9,2.30769,9,29.8,2.16887,9,23.8,1.85427,7,19.7,1.50835,360,16.6,2.24373,349,10.4,3.84131,339,4.8,3.83998,231,15.4,2.26198,157,13.2,3.20181,137,4.8,6.70364,219,15.2,5.07499,281,20.2,2.06906,274,14.3,3.05716,332,2.2,2.69157,360,6.4,2.41544,339
2024-08-18 10:00:00,15.3,978.6,12.2,1.00244,353,17.9,1.34994,354,25.5,0.83506,357,27.5,1.53916,359,29.9,2.30769,2,31.8,2.16887,4,26.1,1.85427,357,20.1,1.50835,357,17.4,2.24373,355,11.6,3.84131,345,4.0,3.83998,248,18.9,2.26198,162,19.1,3.20181,149,6.9,6.70364,221,16.8,5.07499,283,22.1,2.06906,282,14.1,3.05716,328,1.1,2.69157,135,8.0,2.41544,338
2024-08-18 11:00:00,16.6,978.7,12.1,1.00244,356,17.6,1.34994,357,24.1,0.83506,357,26.3,1.53916,357,29.1,2.30769,358,32.6,2.16887,2,27.5,1.85427,355,22.1,1.50835,355,19.4,2.24373,355,12.9,3.84131,350,3.7,3.83998,270,18.0,2.26198,175,20.3,3.20181,163,6.4,6.70364,234,17.4,5.07499,280,22.2,2.06906,290,11.2,3.05716,323,2.1,2.69157,225,9.3,2.41544,29
2024-08-18 12:00:00,16.8,978.7,11.9,1.00244,355,17.2,1.34994,355,24.1,0.83506,357,26.0,1.53916,358,27.1,2.30769,359,29.8,2.16887,4,27.3,1.85427,1,22.8,1.50835,357,20.0,2.24373,353,13.9,3.84131,344,5.3,3.83998,278,15.9,2.26198,191,19.4,3.20181,176,9.0,6.70364,246,21.0,5.07499,276,21.7,2.06906,292,8.1,3.05716,304,3.8,2.69157,259,9.8,2.41544,81
2024-08-18 13:00:00,18.1,978.7,13.6,1.00244,360,19.0,1.34994,360,25.0,0.83506,360,26.2,1.53916,1,27.1,2.30769,1,28.6,2.16887,3,28.1,1.85427,5,22.0,1.50835,356,20.1,2.24373,350,16.5,3.84131,342,7.3,3.83998,294,13.9,2.26198,216,15.8,3.20181,199,13.7,6.70364,257,22.4,5.07499,272,21.4,2.06906,295,7.6,3.05716,281,3.3,2.69157,243,8.0,2.41544,112
2024-08-18 14:00:00,18.0,978.8,13.4,1.00244,350,18.7,1.34994,352,25.1,0.83506,356,26.3,1.53916,357,27.1,2.30769,357,27.8,2.16887,358,28.0,1.85427,1,20.6,1.50835,354,20.6,2.24373,344,17.5,3.84131,340,7.7,3.83998,299,13.2,2.26198,223,16.0,3.20181,208,15.7,6.70364,265,24.7,5.07499,273,23.3,2.06906,297,7.5,3.05716,264,7.9,2.69157,229,7.5,2.41544,127
2024-08-18 15:00:00,19.2,979.3,12.0,1.00244,351,17.1,1.34994,352,23.0,0.83506,353,24.4,1.53916,353,25.5,2.30769,352,26.6,2.16887,352,25.6,1.85427,354,19.6,1.50835,350,20.8,2.24373,338,18.0,3.84131,336,10.0,3.83998,297,12.4,2.26198,237,11.3,3.20181,262,16.4,6.70364,267,27.7,5.07499,275,19.7,2.06906,295,11.2,3.05716,270,8.5,2.69157,255,6.4,2.41544,144
2024-08-18 16:00:00,18.3,979.2,13.0,1.00244,349,18.6,1.34994,350,24.4,0.83506,350,25.4,1.53916,350,25.9,2.30769,350,26.0,2.16887,349,25.0,1.85427,349,19.8,1.50835,343,21.4,2.24373,332,19.4,3.84131,328,12.7,3.83998,298,16.1,2.26198,236,13.0,3.20181,239,16.1,6.70364,248,26.4,5.07499,278,17.7,2.06906,292,13.5,3.05716,276,7.8,2.69157,253,3.1,2.41544,166
2024-08-18 17:00:00,19.0,979.3,12.8,1.00244,348,18.2,1.34994,349,24.1,0.83506,351,25.3,1.53916,351,26.0,2.30769,352,27.0,2.16887,350,26.6,1.85427,349,19.8,1.50835,343,22.3,2.24373,330,19.9,3.84131,326,13.7,3.83998,299,13.7,2.26198,241,15.4,3.20181,231,24.6,6.70364,256,28.0,5.07499,279,18.6,2.06906,286,14.3,3.05716,279,6.0,2.69157,263,2.4,2.41544,198
2024-08-19 08:00:00,9.8,984.5,8.1,1.49818,2,14.1,2.25477,360,19.2,1.77125,359,23.5,1.26073,359,26.6,1.78001,358,32.0,3.24421,349,32.6,2.41007,352,26.5,1.94833,341,29.2,3.00784,319,32.9,5.32412,303,39.2,8.03119,284,38.8,12.3993,269,38.4,6.25763,262,32.8,1.49075,270,34.4,2.87597,275,26.4,1.99179,278,16.8,1.78329,291,8.2,1.2765,270,1.7,2.99414,297
2024-08-19 09:00:00,10.0,985.2,9.8,1.49818,1,15.8,2.25477,358,18.3,1.77125,357,21.8,1.26073,355,24.6,1.78001,355,28.3,3.24421,352,29.2,2.41007,357,27.7,1.94833,347,28.6,3.00784,321,32.5,5.32412,302,39.6,8.03119,286,38.8,12.3993,269,38.1,6.25763,266,32.1,1.49075,269,35.0,2.87597,270,26.1,1.99179,273,17.3,1.78329,295,9.8,1.2765,279,3.8,2.99414,11
2024-08-19 10:00:00,11.4,985.7,10.7,1.49818,359,17.2,2.25477,357,19.3,1.77125,357,22.3,1.26073,357,24.0,1.78001,357,28.4,3.24421,357,30.2,2.41007,5,27.9,1.94833,349,28.5,3.00784,325,31.5,5.32412,301,38.7,8.03119,286,42.6,12.3993,267,43.5,6.25763,264,33.9,1.49075,262,38.8,2.87597,267,26.9,1.99179,275,15.4,1.78329,299,9.0,1.2765,294,6.3,2.99414,45
2024-08-19 11:00:00,11.5,986.1,13.4,1.49818,357,21.4,2.25477,357,22.9,1.77125,357,23.3,1.26073,357,24.2,1.78001,357,27.5,3.24421,356,29.5,2.41007,8,27.7,1.94833,351,28.6,3.00784,327,32.3,5.32412,304,35.2,8.03119,291,39.5,12.3993,272,41.8,6.25763,267,35.9,1.49075,266,40.3,2.87597,269,27.8,1.99179,276,14.0,1.78329,295,6.8,1.2765,276,8.0,2.99414,68
2024-08-19 12:00:00,12.0,986.5,11.5,1.49818,352,19.2,2.25477,352,21.6,1.77125,352,22.2,1.26073,353,22.5,1.78001,353,23.5,3.24421,1,26.7,2.41007,8,28.3,1.94833,349,30.2,3.00784,324,34.5,5.32412,303,37.1,8.03119,292,39.6,12.3993,273,41.0,6.25763,271,35.8,1.49075,270,41.0,2.87597,268,27.8,1.99179,276,13.4,1.78329,289,6.0,1.2765,240,10.5,2.99414,94
2024-08-19 13:00:00,12.6,986.8,11.0,1.49818,353,17.7,2.25477,353,19.6,1.77125,354,20.1,1.26073,355,20.3,1.78001,356,22.4,3.24421,2,27.9,2.41007,7,30.9,1.94833,351,31.9,3.00784,326,39.7,5.32412,304,41.5,8.03119,288,42.9,12.3993,287,41.5,6.25763,288,35.9,1.49075,274,41.0,2.87597,270,25.4,1.99179,270,14.7,1.78329,285,6.4,1.2765,249,10.4,2.99414,120
2024-08-19 14:00:00,13.3,986.9,11.7,1.49818,342,18.4,2.25477,345,20.9,1.77125,349,21.5,1.26073,351,22.0,1.78001,353,22.1,3.24421,357,28.9,2.41007,8,29.8,1.94833,356,31.7,3.00784,328,42.2,5.32412,306,46.0,8.03119,290,53.0,12.3993,302,49.6,6.25763,303,36.6,1.49075,282,40.3,2.87597,272,25.5,1.99179,265,15.6,1.78329,287,6.9,1.2765,257,9.5,2.99414,141
2024-08-19 15:00:00,13.7,987.2,11.2,1.49818,343,18.4,2.25477,345,20.9,1.77125,348,21.8,1.26073,351,22.6,1.78001,353,23.5,3.24421,357,27.0,2.41007,9,31.2,1.94833,360,33.7,3.00784,333,44.3,5.32412,314,47.7,8.03119,309,56.0,12.3993,319,49.6,6.25763,317,35.8,1.49075,282,36.5,2.87597,270,29.4,1.99179,261,14.4,1.78329,291,7.6,1.2765,259,9.0,2.99414,175
2024-08-19 16:00:00,14.2,987.2,12.3,1.49818,345,20.2,2.25477,347,22.5,1.77125,349,23.6,1.26073,350,23.9,1.78001,352,23.8,3.24421,357,24.6,2.41007,5,31.3,1.94833,358,35.3,3.00784,335,43.3,5.32412,324,53.6,8.03119,325,68.0,12.3993,333,53.4,6.25763,327,34.5,1.49075,292,35.1,2.87597,271,31.3,1.99179,270,12.1,1.78329,281,6.0,1.2765,270,7.9,2.99414,221
2024-08-19 17:00:00,14.7,987.3,12.6,1.49818,347,20.8,2.25477,349,23.6,1.77125,351,24.4,1.26073,353,25.1,1.78001,355,24.9,3.24421,357,25.2,2.41007,4,32.1,1.94833,355,36.9,3.00784,337,43.0,5.32412,334,60.4,8.03119,340,71.2,12.3993,340,55.4,6.25763,336,34.4,1.49075,300,34.3,2.87597,272,29.9,1.99179,273,12.0,1.78329,274,7.8,1.2765,287,4.5,2.99414,261
2024-08-20 08:00:00,7.4,989.5,7.4,2.03076,327,18.2,2.38001,338,27.1,3.27694,350,29.8,3.40341,356,30.4,3.88686,0,30.1,4.7148,4,32.1,5.32876,4,35.5,1.66547,2,44.3,0.96891,3,54.6,1.06818,4,66.4,2.02816,2,76.9,3.729,8,78.9,2.62698,7,50.2,3.1259,355,26.4,1.15282,331,14.4,3.29181,291,4.3,1.56971,301,1.7,2.29357,333,6.8,2.57587,84
2024-08-20 09:00:00,8.9,990.2,7.3,2.03076,342,13.5,2.38001,344,19.1,3.27694,350,25.0,3.40341,357,27.8,3.88686,2,29.2,4.7148,4,31.7,5.32876,3,35.9,1.66547,2,44.8,0.96891,4,53.8,1.06818,3,65.7,2.02816,2,73.2,3.729,9,76.7,2.62698,7,52.2,3.1259,358,26.0,1.15282,336,11.4,3.29181,302,5.4,1.56971,304,2.2,2.29357,270,9.8,2.57587,99
2024-08-20 10:00:00,10.2,990.6,7.9,2.03076,344,12.9,2.38001,346,16.1,3.27694,351,22.5,3.40341,359,27.1,3.88686,4,30.7,4.7148,5,32.7,5.32876,4,36.6,1.66547,1,45.9,0.96891,4,55.2,1.06818,2,65.0,2.02816,3,72.0,3.729,10,78.9,2.62698,7,55.2,3.1259,1,25.4,1.15282,336,11.0,3.29181,298,5.4,1.56971,304,5.2,2.29357,270,9.4,2.57587,108
2024-08-20 11:00:00,13.0,990.5,8.4,2.03076,344,13.4,2.38001,346,15.3,3.27694,347,19.1,3.40341,355,26.3,3.88686,4,31.4,4.7148,8,33.1,5.32876,5,37.4,1.66547,359,44.8,0.96891,4,53.7,1.06818,2,62.3,2.02816,7,69.6,3.729,10,76.0,2.62698,8,52.2,3.1259,1,25.4,1.15282,332,11.8,3.29181,305,5.7,1.56971,337,1.5,2.29357,270,11.0,2.57587,118
2024-08-20 12:00:00,15.4,990.4,10.0,2.03076,340,15.5,2.38001,343,17.3,3.27694,344,18.3,3.40341,346,19.6,3.88686,349,28.4,4.7148,4,32.0,5.32876,3,38.2,1.66547,360,44.4,0.96891,5,53.1,1.06818,5,65.2,2.02816,11,74.6,3.729,12,76.7,2.62698,7,50.2,3.1259,6,25.5,1.15282,345,10.1,3.29181,306,6.7,1.56971,360,1.7,2.29357,117,11.2,2.57587,127
2024-08-20 13:00:00,17.2,990.0,11.2,2.03076,344,17.0,2.38001,346,18.8,3.27694,347,19.7,3.40341,348,20.2,3.88686,349,21.6,4.7148,354,29.9,5.32876,2,37.4,1.66547,2,43.9,0.96891,5,52.5,1.06818,7,65.2,2.02816,11,74.2,3.729,13,73.8,2.62698,8,46.5,3.1259,6,26.6,1.15282,342,11.6,3.29181,310,7.8,1.56971,17,1.5,2.29357,90,11.6,2.57587,140
2024-08-20 14:00:00,18.5,989.5,11.5,2.03076,342,17.5,2.38001,345,19.1,3.27694,345,19.8,3.40341,346,20.3,3.88686,347,20.8,4.7148,348,23.4,5.32876,354,36.4,1.66547,5,45.1,0.96891,7,55.2,1.06818,9,68.2,2.02816,10,76.2,3.729,12,73.1,2.62698,8,46.4,3.1259,6,27.6,1.15282,341,7.0,3.29181,328,5.8,1.56971,40,4.8,2.29357,219,11.2,2.57587,143
2024-08-20 15:00:00,18.8,989.1,12.0,2.03076,350,18.4,2.38001,349,20.1,3.27694,348,20.7,3.40341,347,21.1,3.88686,347,20.8,4.7148,345,21.4,5.32876,347,34.1,1.66547,5,44.3,0.96891,9,55.4,1.06818,11,68.4,2.02816,11,76.1,3.729,14,71.2,2.62698,6,48.1,3.1259,7,28.4,1.15282,355,6.0,3.29181,330,3.0,1.56971,90,8.4,2.29357,225,7.5,2.57587,186
2024-08-20 16:00:00,19.6,988.8,12.0,2.03076,346,18.5,2.38001,348,20.4,3.27694,348,21.2,3.40341,348,21.3,3.88686,348,20.9,4.7148,347,20.8,5.32876,346,33.5,1.66547,9,43.0,0.96891,11,55.6,1.06818,12,69.2,2.02816,11,79.8,3.729,16,73.3,2.62698,5,47.9,3.1259,5,25.4,1.15282,357,6.0,3.29181,300,2.7,1.56971,236,2.7,2.29357,146,6.9,2.57587,221
2024-08-20 17:00:00,19.0,988.6,12.1,2.03076,348,19.1,2.38001,349,21.2,3.27694,348,21.8,3.40341,347,22.0,3.88686,346,21.7,4.7148,345,21.6,5.32876,344,33.6,1.66547,9,42.6,0.96891,12,55.0,1.06818,13,66.7,2.02816,10,82.5,3.729,15,77.5,2.62698,11,45.4,3.1259,9,24.6,1.15282,358,4.3,3.29181,301,6.0,1.56971,263,1.7,2.29357,207,3.8,2.57587,281
2024-08-21 08:00:00,6.4,989.1,2.4,1.77204,292,6.9,1.74687,327,8.2,1.20665,355,8.5,0.96862,15,9.6,0.89443,22,16.5,3.05107,4,19.3,3.40961,1,23.9,2.10821,10,32.9,1.56422,13,38.9,1.51515,17,47.7,1.36255,20,56.8,1.4617,23,60.5,2.08457,22,56.8,2.04083,23,26.4,1.32145,22,6.9,1.69132,13,9.5,1.67945,39,2.2,2.09149,270,6.9,2.8752,49
2024-08-21 09:00:00,11.6,989.9,2.8,1.77204,284,5.3,1.74687,311,8.8,1.20665,351,9.5,0.96862,3,11.3,0.89443,9,17.3,3.05107,5,19.0,3.40961,4,23.3,2.10821,8,32.1,1.56422,11,37.6,1.51515,14,47.4,1.36255,19,56.2,1.4617,22,59.1,2.08457,23,56.0,2.04083,25,24.4,1.32145,23,6.7,1.69132,27,10.0,1.67945,42,3.1,2.09149,346,11.8,2.8752,72
2024-08-21 10:00:00,14.8,990.5,3.0,1.77204,324,4.5,1.74687,325,7.5,1.20665,343,9.8,0.96862,354,11.7,0.89443,357,17.3,3.05107,3,19.3,3.40961,3,23.7,2.10821,7,31.2,1.56422,12,38.9,1.51515,12,49.1,1.36255,20,56.5,1.4617,23,59.8,2.08457,23,55.4,2.04083,24,24.5,1.32145,20,5.4,1.69132,16,11.4,1.67945,58,3.8,2.09149,101,12.1,2.8752,79
2024-08-21 11:00:00,17.4,990.8,4.3,1.77204,321,6.0,1.74687,324,6.9,1.20665,326,8.4,0.96862,337,11.6,0.89443,350,16.2,3.05107,3,17.7,3.40961,2,22.6,2.10821,9,30.6,1.56422,11,41.2,1.51515,13,50.5,1.36255,19,59.1,1.4617,23,62.0,2.08457,26,56.5,2.04083,23,26.2,1.32145,20,4.8,1.69132,39,11.4,1.67945,58,3.1,2.09149,166,13.4,2.8752,87
2024-08-21 12:00:00,19.2,990.8,4.8,1.77204,326,6.7,1.74687,333,8.0,1.20665,339,8.4,0.96862,343,9.1,0.89443,345,13.6,3.05107,360,16.5,3.40961,2,21.6,2.10821,10,30.0,1.56422,11,41.4,1.51515,14,50.3,1.36255,21,59.7,1.4617,20,65.0,2.08457,27,59.0,2.04083,26,26.4,1.32145,16,6.0,1.69132,60,10.7,1.67945,65,1.7,2.09149,153,15.2,2.8752,101
2024-08-21 13:00:00,20.6,990.5,7.1,1.77204,328,9.3,1.74687,330,9.7,1.20665,333,9.7,0.96862,337,9.7,0.89443,340,10.2,3.05107,346,14.9,3.40961,360,20.4,2.10821,11,29.4,1.56422,10,41.1,1.51515,16,50.8,1.36255,22,59.9,1.4617,19,64.0,2.08457,26,53.2,2.04083,31,25.5,1.32145,15,2.1,1.69132,45,11.1,1.67945,70,4.3,2.09149,149,15.1,2.8752,123
2024-08-21 14:00:00,21.6,989.7,6.6,1.77204,327,9.3,1.74687,330,10.4,1.20665,334,11.1,0.96862,335,11.1,0.89443,336,11.6,3.05107,338,13.2,3.40961,352,19.5,2.10821,8,29.5,1.56422,11,39.9,1.51515,17,49.7,1.36255,26,59.7,1.4617,20,62.4,2.08457,26,51.7,2.04083,25,27.6,1.32145,19,4.2,1.69132,45,8.7,1.67945,70,5.8,2.09149,140,14.2,2.8752,137
2024-08-21 15:00:00,22.3,988.9,6.6,1.77204,342,9.1,1.74687,341,10.3,1.20665,339,10.7,0.96862,339,10.9,0.89443,339,10.6,3.05107,340,11.5,3.40961,347,19.5,2.10821,8,28.6,1.56422,12,39.1,1.51515,18,48.0,1.36255,28,59.4,1.4617,20,60.8,2.08457,23,55.7,2.04083,25,27.4,1.32145,22,4.8,1.69132,51,6.4,1.67945,54,7.0,2.09149,148,12.7,2.8752,152
2024-08-21 16:00:00,22.7,988.3,6.5,1.77204,338,8.7,1.74687,338,9.9,1.20665,337,10.5,0.96862,338,10.7,0.89443,337,10.6,3.05107,335,11.3,3.40961,339,18.6,2.10821,6,28.0,1.56422,12,37.5,1.51515,17,47.1,1.36255,29,58.3,1.4617,21,59.0,2.08457,21,56.0,2.04083,27,26.2,1.32145,20,5.3,1.69132,45,8.3,1.67945,63,6.4,2.09149,159,10.1,2.8752,163
2024-08-21 17:00:00,23.1,987.8,5.6,1.77204,320,7.8,1.74687,323,8.9,1.20665,324,9.8,0.96862,324,10.3,0.89443,324,10.8,3.05107,325,11.2,3.40961,326,18.6,2.10821,6,29.0,1.56422,11,37.7,1.51515,18,48.5,1.36255,31,59.5,1.4617,22,63.3,2.08457,21,57.2,2.04083,22,28.6,1.32145,15,8.3,1.69132,80,8.0,1.67945,68,7.7,2.09149,209,7.8,2.8752,163
2024-08-22 08:00:00,7.3,986.4,3.3,0.79722,250,11.4,2.41836,263,12.3,4.02052,273,12.3,4.14124,276,12.8,3.89239,282,9.8,2.48784,311,11.2,1.95973,326,17.6,1.40159,345,19.9,1.5191,354,23.1,3.23872,2,30.7,3.48847,356,35.8,1.96005,360,39.5,1.82723,359,40.0,1.27192,351,28.5,2.45764,354,7.8,1.84635,17,2.7,1.36141,34,1.7,2.09231,117,9.1,3.00646,99
2024-08-22 09:00:00,12.7,987.4,4.7,0.79722,253,9.6,2.41836,262,16.4,4.02052,274,16.4,4.14124,278,15.7,3.89239,282,11.5,2.48784,298,10.8,1.95973,319,16.3,1.40159,346,19.5,1.5191,353,22.4,3.23872,2,29.9,3.48847,357,35.8,1.96005,1,38.8,1.82723,1,39.8,1.27192,354,27.6,2.45764,358,6.0,1.84635,7,5.0,1.36141,63,2.4,2.09231,162,7.6,3.00646,101
2024-08-22 10:00:00,17.6,987.4,2.9,0.79722,261,5.1,2.41836,262,13.1,4.02052,278,15.7,4.14124,288,15.3,3.89239,293,12.7,2.48784,302,11.9,1.95973,317,15.9,1.40159,342,18.6,1.5191,351,20.1,3.23872,2,28.3,3.48847,358,35.8,1.96005,360,38.1,1.82723,358,40.8,1.27192,351,26.3,2.45764,353,6.8,1.84635,354,5.3,1.36141,82,5.8,2.09231,130,9.7,3.00646,90
2024-08-22 11:00:00,20.6,987.5,2.4,0.79722,229,3.9,2.41836,242,6.4,4.02052,257,9.6,4.14124,279,12.4,3.89239,292,12.7,2.48784,297,11.7,1.95973,307,14.2,1.40159,338,17.2,1.5191,348,17.9,3.23872,360,26.9,3.48847,358,36.6,1.96005,356,39.1,1.82723,352,39.4,1.27192,350,24.2,2.45764,351,6.8,1.84635,6,3.8,1.36141,79,6.4,2.09231,159,12.1,3.00646,101
2024-08-22 12:00:00,22.6,987.0,3.6,0.79722,263,4.9,2.41836,265,5.6,4.02052,260,6.5,4.14124,263,7.8,3.89239,272,10.9,2.48784,291,12.4,1.95973,307,14.2,1.40159,338,16.8,1.5191,346,16.5,3.23872,355,26.1,3.48847,357,38.5,1.96005,351,42.0,1.82723,348,41.4,1.27192,346,24.2,2.45764,351,4.5,1.84635,360,3.8,1.36141,101,7.5,2.09231,180,12.0,3.00646,112
2024-08-22 13:00:00,24.3,986.6,4.3,0.79722,261,5.4,2.41836,263,6.3,4.02052,266,7.0,4.14124,266,7.3,3.89239,270,8.0,2.48784,276,10.0,1.95973,300,14.7,1.40159,330,15.5,1.5191,337,14.1,3.23872,342,23.4,3.48847,351,36.2,1.96005,346,39.6,1.82723,344,38.9,1.27192,348,23.2,2.45764,354,4.5,1.84635,9,1.7,1.36141,117,5.7,2.09231,203,10.0,3.00646,138
2024-08-22 14:00:00,24.7,986.0,4.7,0.79722,278,6.1,2.41836,277,6.5,4.02052,276,6.5,4.14124,274,6.8,3.89239,274,7.1,2.48784,277,8.8,1.95973,293,16.1,1.40159,325,15.8,1.5191,327,13.7,3.23872,331,22.1,3.48847,348,34.4,1.96005,347,39.1,1.82723,347,37.3,1.27192,348,22.8,2.45764,349,3.7,1.84635,307,5.3,1.36141,262,4.3,2.09231,211,12.8,3.00646,144
2024-08-22 15:00:00,25.8,985.5,4.3,0.79722,276,5.1,2.41836,275,5.3,4.02052,275,5.3,4.14124,273,5.7,3.89239,273,6.2,2.48784,273,7.1,1.95973,285,15.1,1.40159,328,17.4,1.5191,322,16.0,3.23872,323,21.2,3.48847,342,31.7,1.96005,345,35.3,1.82723,347,38.2,1.27192,343,25.0,2.45764,343,6.4,1.84635,291,5.0,1.36141,297,3.7,2.09231,180,8.0,3.00646,158
2024-08-22 16:00:00,25.9,985.1,3.0,0.79722,243,4.4,2.41836,252,5.4,4.02052,257,6.1,4.14124,261,6.3,3.89239,263,6.8,2.48784,270,7.2,1.95973,277,14.2,1.40159,327,18.1,1.5191,328,16.6,3.23872,324,22.2,3.48847,340,32.8,1.96005,343,36.4,1.82723,345,40.6,1.27192,340,24.8,2.45764,339,6.7,1.84635,297,2.4,1.36141,342,5.3,2.09231,172,2.4,3.00646,198
2024-08-22 17:00:00,25.9,984.9,3.8,0.79722,242,5.3,2.41836,247,6.0,4.02052,254,6.7,4.14124,257,7.1,3.89239,262,7.7,2.48784,266,8.4,1.95973,270,12.7,1.40159,322,16.1,1.5191,332,16.0,3.23872,323,22.7,3.48847,333,34.2,1.96005,340,38.2,1.82723,343,40.6,1.27192,340,30.4,2.45764,335,10.1,1.84635,306,5.3,1.36141,98,8.2,2.09231,180,8.2,3.00646,95
2024-08-23 08:00:00,15.5,985.3,4.0,2.23099,214,13.7,2.26627,231,22.1,2.9559,254,19.9,1.75021,262,17.1,1.73938,262,15.1,2.92081,247,14.1,3.47788,235,16.2,3.30503,266,19.6,1.49625,280,19.0,1.1265,281,24.4,1.26245,293,35.6,3.7518,307,42.1,8.35395,307,33.9,4.01399,303,25.4,1.08531,310,15.4,2.08329,331,13.0,3.88724,257,5.8,2.38411,220,7.5,1.66253,84
2024-08-23 09:00:00,18.1,985.6,6.0,2.23099,219,10.7,2.26627,224,18.8,2.9559,242,19.6,1.75021,251,15.8,1.73938,256,14.3,2.92081,240,15.4,3.47788,228,17.4,3.30503,266,20.8,1.49625,283,21.2,1.1265,280,24.8,1.26245,291,35.8,3.7518,301,37.4,8.35395,299,29.8,4.01399,302,24.2,1.08531,304,14.7,2.08329,330,13.6,3.88724,261,2.7,2.38411,236,7.6,1.66253,79
2024-08-23 10:00:00,20.2,985.7,6.6,2.23099,213,10.6,2.26627,218,13.4,2.9559,226,19.4,1.75021,240,19.3,1.73938,243,15.7,2.92081,232,18.2,3.47788,226,19.5,3.30503,262,21.7,1.49625,281,22.1,1.1265,282,24.1,1.26245,292,31.7,3.7518,294,32.8,8.35395,291,26.7,4.01399,300,24.7,1.08531,299,12.8,2.08329,324,17.9,3.88724,268,2.4,2.38411,162,7.8,1.66253,73
2024-08-23 11:00:00,23.0,985.3,7.1,2.23099,212,10.4,2.26627,214,12.4,2.9559,217,15.4,1.75021,227,18.3,1.73938,235,17.8,2.92081,226,20.2,3.47788,227,22.0,3.30503,269,23.9,1.49625,282,23.0,1.1265,283,25.1,1.26245,293,29.8,3.7518,292,29.2,8.35395,289,22.0,4.01399,294,24.7,1.08531,299,11.6,2.08329,320,18.7,3.88724,275,1.5,2.38411,180,7.3,1.66253,66
2024-08-23 12:00:00,25.3,985.2,8.4,2.23099,222,12.3,2.26627,223,14.6,2.9559,224,16.1,1.75021,224,17.1,1.73938,227,20.5,2.92081,229,24.1,3.47788,231,22.4,3.30503,270,21.7,1.49625,281,21.4,1.1265,282,23.8,1.26245,290,24.4,3.7518,282,24.3,8.35395,281,21.0,4.01399,287,25.0,1.08531,297,13.2,2.08329,313,15.6,3.88724,287,4.5,2.38411,180,7.8,1.66253,73
2024-08-23 13:00:00,25.7,984.9,8.9,2.23099,219,13.3,2.26627,220,16.2,2.9559,221,17.7,1.75021,222,18.6,1.73938,223,20.2,2.92081,227,23.4,3.47788,234,23.6,3.30503,266,20.7,1.49625,281,21.5,1.1265,284,25.1,1.26245,293,26.0,3.7518,283,21.8,8.35395,278,21.5,4.01399,284,25.7,1.08531,296,11.2,2.08329,307,14.4,3.88724,291,6.4,2.38411,144,9.7,1.66253,86
2024-08-23 14:00:00,27.1,984.7,9.8,2.23099,215,14.7,2.26627,217,17.7,2.9559,221,18.9,1.75021,222,19.9,1.73938,224,21.0,2.92081,227,23.4,3.47788,237,23.4,3.30503,261,20.1,1.49625,279,21.0,1.1265,287,26.4,1.26245,299,28.4,3.7518,293,25.2,8.35395,282,25.9,4.01399,282,27.0,1.08531,298,11.7,2.08329,297,11.2,3.88724,307,8.2,2.38411,180,10.5,1.66253,98
2024-08-23 15:00:00,26.1,984.2,10.6,2.23099,221,16.1,2.26627,223,19.0,2.9559,225,20.9,1.75021,227,21.4,1.73938,228,22.4,2.92081,232,22.8,3.47788,236,24.5,3.30503,262,18.3,1.49625,272,20.8,1.1265,285,26.1,1.26245,301,32.0,3.7518,295,34.5,8.35395,292,27.0,4.01399,298,23.3,1.08531,297,12.5,2.08329,287,10.0,3.88724,312,7.8,2.38411,197,9.2,1.66253,104
2024-08-23 16:00:00,26.5,983.9,10.5,2.23099,218,15.4,2.26627,221,18.4,2.9559,224,19.4,1.75021,226,20.3,1.73938,228,21.0,2.92081,232,21.5,3.47788,236,26.3,3.30503,260,20.6,1.49625,261,20.3,1.1265,276,23.8,1.26245,302,33.0,3.7518,298,41.7,8.35395,294,26.7,4.01399,300,23.6,1.08531,288,13.2,2.08329,286,8.7,3.88724,329,7.5,2.38411,217,6.9,1.66253,103
2024-08-23 17:00:00,25.9,983.7,10.3,2.23099,224,16.2,2.26627,227,18.6,2.9559,231,19.6,1.75021,232,20.1,1.73938,233,21.0,2.92081,235,21.2,3.47788,238,24.8,3.30503,258,21.7,1.49625,254,22.4,1.1265,270,22.0,1.26245,298,31.7,3.7518,297,46.2,8.35395,288,28.4,4.01399,300,24.1,1.08531,286,18.0,2.08329,277,6.7,3.88724,360,5.4,2.38411,236,4.5,1.66253,99
2024-08-24 08:00:00,16.5,985.1,3.5,0.60928,198,6.2,0.91311,211,10.0,1.54042,255,8.9,1.27458,280,7.5,1.22909,290,8.5,1.52611,296,13.6,0.76077,297,22.4,2.84722,273,27.1,3.67739,265,30.7,2.62712,266,34.3,2.6267,268,41.1,3.93335,254,38.4,1.91032,246,41.0,2.40407,272,29.7,1.67717,295,21.4,1.58188,295,5.0,4.09098,333,6.4,1.8209,249,7.3,2.23957,66
2024-08-24 09:00:00,16.8,985.7,3.5,0.60928,215,5.6,0.91311,222,7.5,1.54042,237,6.5,1.27458,254,5.5,1.22909,267,7.2,1.52611,288,12.5,0.76077,300,21.8,2.84722,278,26.5,3.67739,266,29.9,2.62712,266,35.2,2.6267,265,39.4,3.93335,255,38.0,1.91032,250,42.8,2.40407,277,29.4,1.67717,294,21.0,1.58188,297,4.0,4.09098,292,4.5,1.8209,270,6.4,2.23957,69
2024-08-24 10:00:00,17.3,985.8,3.2,0.60928,231,5.0,0.91311,233,6.7,1.54042,235,7.2,1.27458,245,6.4,1.22909,258,7.3,1.52611,291,11.6,0.76077,301,19.6,2.84722,285,26.4,3.67739,269,28.4,2.62712,267,35.4,2.6267,262,39.4,3.93335,251,39.6,1.91032,250,41.9,2.40407,274,32.0,1.67717,295,22.5,1.58188,304,6.1,4.09098,284,4.0,1.8209,292,5.3,2.23957,82
2024-08-24 11:00:00,18.1,985.8,3.2,0.60928,236,4.4,0.91311,238,5.4,1.54042,243,6.4,1.27458,259,6.2,1.22909,270,6.8,1.52611,303,12.0,0.76077,307,17.3,2.84722,291,25.9,3.67739,272,29.1,2.62712,269,36.7,2.6267,264,43.6,3.93335,253,42.7,1.91032,254,41.3,2.40407,276,31.4,1.67717,295,20.7,1.58188,308,10.5,4.09098,278,6.0,1.8209,270,7.5,2.23957,90
2024-08-24 12:00:00,18.5,985.8,3.0,0.60928,222,4.1,0.91311,227,5.3,1.54042,231,6.0,1.27458,237,6.4,1.22909,249,7.9,1.52611,285,11.9,0.76077,303,15.6,2.84722,290,25.0,3.67739,276,27.6,2.62712,273,32.9,2.6267,266,43.4,3.93335,254,40.9,1.91032,255,37.1,2.40407,285,31.7,1.67717,300,21.1,1.58188,312,11.6,4.09098,285,3.1,1.8209,284,6.0,2.23957,90
2024-08-24 13:00:00,19.2,985.8,3.8,0.60928,225,5.2,0.91311,225,6.1,1.54042,225,6.9,1.27458,229,7.2,1.22909,240,8.7,1.52611,283,11.3,0.76077,302,15.3,2.84722,286,22.9,3.67739,283,26.5,2.62712,280,31.5,2.6267,275,35.2,3.93335,276,38.5,1.91032,279,39.5,2.40407,292,31.7,1.67717,297,18.0,1.58188,312,13.3,4.09098,297,3.1,1.8209,256,3.8,2.23957,101
2024-08-24 14:00:00,19.4,986.3,3.8,0.60928,234,5.7,0.91311,235,7.3,1.54042,238,8.6,1.27458,240,9.0,1.22909,248,10.4,1.52611,281,12.2,0.76077,297,15.1,2.84722,283,20.9,3.67739,288,24.8,2.62712,286,29.0,2.6267,288,32.2,3.93335,314,36.0,1.91032,304,39.0,2.40407,296,33.0,1.67717,298,18.5,1.58188,313,14.9,4.09098,307,2.4,1.8209,288,2.1,2.23957,225
2024-08-24 15:00:00,20.0,986.4,5.1,0.60928,268,7.0,0.91311,264,7.8,1.54042,259,8.6,1.27458,260,9.4,1.22909,264,10.6,1.52611,286,12.8,0.76077,299,15.3,2.84722,286,19.1,3.67739,295,23.7,2.62712,294,29.4,2.6267,300,36.0,3.93335,320,37.4,1.91032,314,35.0,2.40407,304,32.7,1.67717,297,20.3,1.58188,306,15.5,4.09098,305,0.7,1.8209,270,2.1,2.23957,225
2024-08-24 16:00:00,20.5,986.6,4.0,0.60928,254,5.2,0.91311,257,5.9,1.54042,258,6.0,1.27458,263,6.8,1.22909,274,10.4,1.52611,305,12.7,0.76077,306,15.0,2.84722,293,18.2,3.67739,300,24.2,2.62712,304,30.7,2.6267,309,43.0,3.93335,326,40.4,1.91032,322,37.6,2.40407,304,33.0,1.67717,298,20.6,1.58188,314,12.8,4.09098,306,2.7,1.8209,236,1.7,2.23957,297
2024-08-24 17:00:00,21.3,986.3,3.2,0.60928,262,4.2,0.91311,261,4.8,1.54042,264,5.2,1.27458,270,6.8,1.22909,286,10.5,1.52611,308,13.5,0.76077,307,16.6,2.84722,298,17.9,3.67739,305,23.9,2.62712,309,32.7,2.6267,315,42.4,3.93335,326,39.5,1.91032,324,39.6,2.40407,311,35.2,1.67717,302,23.2,1.58188,318,10.8,4.09098,304,5.8,1.8209,220,3.1,2.23957,14
2024-08-25 08:00:00,13.4,987.5,2.6,0.93933,165,7.7,0.86281,226,11.3,1.54851,258,13.0,1.96946,270,12.6,1.79261,283,14.1,1.97599,300,13.9,2.26777,309,16.9,2.3344,311,26.8,2.79223,323,36.8,3.76954,324,37.0,2.137,326,60.4,4.4792,334,72.6,3.35089,338,76.3,7.92311,338,54.4,5.18652,333,24.1,1.96537,338,17.0,2.80903,345,9.1,1.6875,9,5.8,1.59934,40
2024-08-25 09:00:00,16.6,988.0,3.4,0.93933,184,6.6,0.86281,209,9.2,1.54851,247,10.5,1.96946,265,10.7,1.79261,276,12.1,1.97599,291,13.9,2.26777,299,17.5,2.3344,311,26.5,2.79223,328,36.8,3.76954,328,38.8,2.137,322,62.7,4.4792,335,69.1,3.35089,335,73.1,7.92311,337,55.0,5.18652,333,23.9,1.96537,346,15.0,2.80903,354,9.1,1.6875,9,8.1,1.59934,34
2024-08-25 10:00:00,20.7,988.6,3.6,0.93933,202,5.6,0.86281,204,6.6,1.54851,224,6.6,1.96946,252,7.3,1.79261,270,10.6,1.97599,286,13.9,2.26777,297,18.3,2.3344,312,25.0,2.79223,331,35.7,3.76954,331,42.2,2.137,318,59.7,4.4792,332,69.5,3.35089,330,69.7,7.92311,333,56.7,5.18652,335,22.1,1.96537,348,12.3,2.80903,14,9.7,1.6875,356,9.5,1.59934,45
2024-08-25 11:00:00,23.9,989.0,4.7,0.93933,235,6.6,0.86281,231,7.5,1.54851,230,7.9,1.96946,242,7.9,1.79261,261,11.5,1.97599,279,14.9,2.26777,293,17.8,2.3344,311,22.8,2.79223,331,32.0,3.76954,332,43.4,2.137,319,57.1,4.4792,331,66.7,3.35089,332,75.6,7.92311,338,61.1,5.18652,336,20.3,1.96537,354,11.7,2.80903,27,11.2,1.6875,356,9.5,1.59934,51
2024-08-25 12:00:00,26.4,989.2,5.0,0.93933,216,6.7,0.86281,221,7.7,1.54851,229,8.1,1.96946,236,9.1,1.79261,246,11.6,1.97599,267,13.7,2.26777,287,15.8,2.3344,313,20.2,2.79223,332,29.4,3.76954,330,43.1,2.137,323,53.0,4.4792,328,65.2,3.35089,329,72.3,7.92311,338,56.6,5.18652,339,17.6,1.96537,348,10.4,2.80903,30,12.7,1.6875,360,7.9,1.59934,49
2024-08-25 13:00:00,27.2,988.7,5.5,0.93933,227,7.7,0.86281,226,8.5,1.54851,230,8.7,1.96946,233,9.0,1.79261,237,10.1,1.97599,259,12.7,2.26777,287,13.5,2.3344,307,18.9,2.79223,324,28.5,3.76954,327,41.0,2.137,327,51.7,4.4792,327,69.6,3.35089,329,67.5,7.92311,340,53.3,5.18652,340,19.3,1.96537,332,7.4,2.80903,45,11.6,1.6875,15,9.5,1.59934,45
2024-08-25 14:00:00,28.0,988.1,5.4,0.93933,232,7.1,0.86281,234,8.2,1.54851,242,8.7,1.96946,246,9.1,1.79261,250,9.5,1.97599,261,10.2,2.26777,284,12.3,2.3344,309,19.5,2.79223,319,27.7,3.76954,324,39.5,2.137,328,50.5,4.4792,326,69.7,3.35089,328,66.4,7.92311,334,47.8,5.18652,337,21.1,1.96537,337,8.5,2.80903,38,10.7,1.6875,12,11.8,1.59934,55
2024-08-25 15:00:00,28.9,987.7,4.6,0.93933,231,6.2,0.86281,239,6.9,1.54851,245,7.8,1.96946,249,8.2,1.79261,252,9.2,1.97599,261,9.6,2.26777,272,12.3,2.3344,294,21.2,2.79223,314,28.6,3.76954,321,39.0,2.137,331,50.0,4.4792,327,71.1,3.35089,330,61.4,7.92311,336,47.0,5.18652,335,20.5,1.96537,341,10.8,2.80903,34,7.5,1.6875,360,10.1,1.59934,54
2024-08-25 16:00:00,28.9,987.3,4.2,0.93933,216,5.2,0.86281,225,5.9,1.54851,238,6.5,1.96946,247,6.8,1.79261,254,7.7,1.97599,264,8.7,2.26777,272,13.1,2.3344,294,21.9,2.79223,316,28.2,3.76954,323,38.7,2.137,332,52.8,4.4792,329,64.7,3.35089,336,57.5,7.92311,337,46.7,5.18652,333,20.8,1.96537,339,11.4,2.80903,23,8.0,1.6875,338,10.0,1.59934,42
2024-08-25 17:00:00,30.2,987.1,3.7,0.93933,218,5.6,0.86281,228,6.9,1.54851,234,7.1,1.96946,238,7.0,1.79261,243,7.9,1.97599,266,10.0,2.26777,277,15.0,2.3344,293,22.3,2.79223,317,28.8,3.76954,323,39.0,2.137,331,54.0,4.4792,332,61.6,3.35089,339,52.5,7.92311,345,46.4,5.18652,332,21.7,1.96537,338,12.3,2.80903,14,8.5,1.6875,345,9.5,1.59934,39
2024-08-26 08:00:00,16.0,984.3,4.3,1.87213,177,14.4,1.48309,201,17.7,1.37453,221,18.5,1.81537,220,19.0,1.82257,216,17.1,0.79589,219,13.4,2.35363,236,13.3,3.36229,306,25.6,3.3038,309,29.0,2.4744,314,38.7,3.90048,320,37.0,1.60489,318,26.9,8.60608,304,42.2,9.53925,316,46.5,4.03782,325,12.7,1.38098,320,9.7,3.17051,360,12.1,2.90725,349,8.4,2.08604,45
2024-08-26 09:00:00,19.3,984.5,5.4,1.87213,187,9.6,1.48309,195,18.7,1.37453,212,19.8,1.81537,215,19.5,1.82257,214,16.0,0.79589,222,12.2,2.35363,243,14.1,3.36229,296,25.1,3.3038,306,29.5,2.4744,313,40.4,3.90048,322,40.8,1.60489,320,30.9,8.60608,307,45.5,9.53925,319,50.3,4.03782,325,13.3,1.38098,308,8.5,3.17051,15,15.1,2.90725,9,7.9,2.08604,49
2024-08-26 10:00:00,22.8,984.6,6.8,1.87213,188,10.4,1.48309,192,16.9,1.37453,203,20.7,1.81537,208,20.2,1.82257,212,14.8,0.79589,222,12.1,2.35363,247,16.5,3.36229,291,24.8,3.3038,305,30.1,2.4744,314,39.4,3.90048,323,40.1,1.60489,318,33.8,8.60608,313,52.8,9.53925,318,54.6,4.03782,325,13.0,1.38098,301,7.0,3.17051,32,14.5,2.90725,12,4.2,2.08604,45
2024-08-26 11:00:00,25.7,984.1,7.9,1.87213,195,11.8,1.48309,196,14.6,1.37453,200,18.3,1.81537,206,20.9,1.82257,212,15.8,0.79589,226,13.4,2.35363,252,19.5,3.36229,284,24.2,3.3038,300,28.0,2.4744,314,36.6,3.90048,321,40.1,1.60489,315,34.8,8.60608,313,57.0,9.53925,317,55.2,4.03782,325,14.3,1.38098,309,6.4,3.17051,36,11.3,2.90725,8,4.2,2.08604,45
2024-08-26 12:00:00,27.5,983.7,9.1,1.87213,200,12.9,1.48309,201,15.7,1.37453,203,16.7,1.81537,206,17.1,1.82257,208,16.0,0.79589,226,14.9,2.35363,254,21.4,3.36229,278,22.1,3.3038,302,25.9,2.4744,311,33.2,3.90048,314,40.2,1.60489,310,37.7,8.60608,308,62.3,9.53925,317,55.1,4.03782,320,11.8,1.38098,305,3.3,3.17051,63,13.0,2.90725,24,4.2,2.08604,45
2024-08-26 13:00:00,29.2,983.5,9.4,1.87213,198,13.1,1.48309,201,15.2,1.37453,205,15.9,1.81537,208,16.2,1.82257,212,16.0,0.79589,224,16.9,2.35363,257,22.6,3.36229,279,21.3,3.3038,303,23.9,2.4744,309,31.3,3.90048,308,42.7,1.60489,306,42.8,8.60608,305,65.4,9.53925,316,51.7,4.03782,317,10.4,1.38098,300,1.7,3.17051,63,12.5,2.90725,17,3.2,2.08604,45
2024-08-26 14:00:00,30.2,982.9,10.0,1.87213,197,14.0,1.48309,199,15.9,1.37453,205,16.6,1.81537,209,16.6,1.82257,212,16.3,0.79589,219,17.5,2.35363,253,22.0,3.36229,281,19.0,3.3038,304,23.6,2.4744,305,30.2,3.90048,303,40.8,1.60489,301,45.0,8.60608,297,64.0,9.53925,311,49.2,4.03782,311,12.0,1.38098,292,0.7,3.17051,270,11.0,2.90725,28,3.3,2.08604,243
2024-08-26 15:00:00,31.0,982.5,9.1,1.87213,216,12.9,1.48309,216,15.2,1.37453,215,16.2,1.81537,215,16.6,1.82257,215,17.3,0.79589,220,17.8,2.35363,245,22.0,3.36229,281,18.1,3.3038,302,23.8,2.4744,302,31.1,3.90048,300,38.8,1.60489,300,47.2,8.60608,301,67.6,9.53925,307,46.5,4.03782,305,14.1,1.38098,288,1.7,3.17051,297,8.7,2.90725,31,7.6,2.08604,259
2024-08-26 16:00:00,31.1,981.9,8.8,1.87213,204,12.2,1.48309,207,14.7,1.37453,212,15.5,1.81537,214,16.1,1.82257,218,16.6,0.79589,223,16.6,2.35363,240,19.9,3.36229,285,17.7,3.3038,297,28.0,2.4744,299,32.0,3.90048,298,40.0,1.60489,297,50.4,8.60608,299,68.1,9.53925,305,47.1,4.03782,299,13.7,1.38098,283,2.1,3.17051,225,7.9,2.90725,49,7.5,2.08604,264
2024-08-26 17:00:00,30.8,981.5,8.8,1.87213,207,12.5,1.48309,211,15.0,1.37453,215,15.8,1.81537,218,16.6,1.82257,221,17.4,0.79589,227,18.0,2.35363,247,20.2,3.36229,288,17.3,3.3038,294,27.8,2.4744,301,31.7,3.90048,297,42.2,1.60489,291,52.2,8.60608,292,67.9,9.53925,301,44.0,4.03782,298,15.1,1.38098,279,4.0,3.17051,248,6.0,2.90725,353,6.9,2.08604,283
2024-08-27 08:00:00,21.9,979.0,1.7,2.85083,247,3.1,4.28539,243,6.9,4.7645,299,8.5,5.20402,313,7.8,6.01303,307,8.5,4.12478,270,11.8,3.34167,256,23.7,2.57043,246,34.0,5.05261,238,31.1,5.83434,240,25.0,6.94455,253,25.4,8.14927,270,52.5,4.88057,276,77.0,8.90643,274,48.6,6.01069,274,24.3,3.61331,281,13.7,4.38585,299,8.2,2.2824,5,4.3,2.42129,59
2024-08-27 09:00:00,21.8,978.9,3.5,2.85083,310,5.2,4.28539,315,10.1,4.7645,320,11.7,5.20402,320,10.5,6.01303,312,8.8,4.12478,285,11.7,3.34167,259,26.3,2.57043,240,33.4,5.05261,232,31.1,5.83434,240,25.7,6.94455,253,25.1,8.14927,247,38.3,4.88057,257,75.8,8.90643,264,50.0,6.01069,270,26.9,3.61331,289,12.5,4.38585,287,8.4,2.2824,45,3.7,2.42129,37
2024-08-27 10:00:00,19.8,979.1,8.1,2.85083,354,12.6,4.28539,354,17.2,4.7645,354,15.4,5.20402,353,11.7,6.01303,347,9.8,4.12478,316,12.2,3.34167,285,20.0,2.57043,242,38.5,5.05261,224,43.4,5.83434,229,36.2,6.94455,238,32.0,8.14927,245,42.2,4.88057,249,63.3,8.90643,258,50.0,6.01069,269,25.2,3.61331,289,17.5,4.38585,290,4.5,2.2824,351,6.0,2.42129,60
2024-08-27 11:00:00,18.5,978.8,7.7,2.85083,7,11.5,4.28539,8,14.4,4.7645,21,16.0,5.20402,27,13.2,6.01303,20,7.3,4.12478,324,11.5,3.34167,273,27.3,2.57043,245,39.7,5.05261,230,39.1,5.83434,239,35.7,6.94455,241,36.8,8.14927,238,42.0,4.88057,243,57.2,8.90643,258,53.7,6.01069,268,19.9,3.61331,283,17.8,4.38585,303,8.2,2.2824,275,7.8,2.42129,73
2024-08-27 12:00:00,17.5,979.4,8.8,2.85083,345,12.1,4.28539,348,12.7,4.7645,349,12.1,5.20402,352,11.3,6.01303,341,17.1,4.12478,282,22.0,3.34167,262,28.3,2.57043,244,30.3,5.05261,235,30.8,5.83434,238,37.6,6.94455,236,40.1,8.14927,241,40.2,4.88057,239,56.2,8.90643,259,57.5,6.01069,267,17.2,3.61331,275,17.2,4.38585,304,7.3,2.2824,294,8.5,2.42129,75
2024-08-27 13:00:00,17.1,979.1,11.2,2.85083,359,15.8,4.28539,360,19.5,4.7645,4,19.8,5.20402,9,16.6,6.01303,8,12.7,4.12478,309,15.3,3.34167,277,21.4,2.57043,247,32.2,5.05261,231,40.1,5.83434,241,46.4,6.94455,242,46.8,8.14927,248,46.5,4.88057,254,52.7,8.90643,262,63.4,6.01069,272,19.6,3.61331,261,16.0,4.38585,298,5.7,2.2824,293,6.4,2.42129,69
2024-08-27 14:00:00,17.1,979.6,9.1,2.85083,350,14.0,4.28539,353,19.2,4.7645,359,21.1,5.20402,6,20.6,6.01303,10,10.9,4.12478,335,14.0,3.34167,282,23.8,2.57043,245,31.4,5.05261,243,36.7,5.83434,243,44.3,6.94455,237,41.7,8.14927,260,40.6,4.88057,253,51.7,8.90643,255,62.6,6.01069,270,22.8,3.61331,259,13.3,4.38585,308,3.0,2.2824,270,1.1,2.42129,135
2024-08-27 15:00:00,17.0,979.9,8.4,2.85083,343,13.1,4.28539,347,17.9,4.7645,354,20.8,5.20402,3,21.3,6.01303,9,14.1,4.12478,335,17.2,3.34167,290,23.5,2.57043,247,27.1,5.05261,240,28.5,5.83434,237,32.6,6.94455,250,42.5,8.14927,270,38.4,4.88057,246,57.6,8.90643,253,61.4,6.01069,264,27.0,3.61331,264,11.8,4.38585,325,4.5,2.2824,279,1.5,2.42129,360
2024-08-27 16:00:00,17.0,980.8,9.2,2.85083,334,15.5,4.28539,341,21.3,4.7645,349,23.5,5.20402,358,23.6,6.01303,7,17.9,4.12478,356,17.2,3.34167,311,24.4,2.57043,259,26.5,5.05261,258,27.2,5.83434,261,32.1,6.94455,267,42.4,8.14927,260,42.0,4.88057,245,56.1,8.90643,256,60.6,6.01069,266,27.2,3.61331,261,6.9,4.38585,319,7.3,2.2824,294,5.0,2.42129,27
2024-08-27 17:00:00,17.0,981.0,8.8,2.85083,356,14.8,4.28539,358,20.2,4.7645,1,22.9,5.20402,6,24.5,6.01303,9,18.3,4.12478,9,14.8,3.34167,338,22.7,2.57043,280,23.9,5.05261,274,27.2,5.83434,279,38.1,6.94455,274,48.0,8.14927,258,50.3,4.88057,249,58.4,8.90643,256,63.4,6.01069,269,20.3,3.61331,253,5.0,4.38585,297,10.5,2.2824,262,5.3,2.42129,45
2024-08-28 08:00:00,8.1,987.2,6.3,0.89994,23,12.6,1.64009,26,16.7,2.45332,28,20.9,3.87156,32,24.3,5.47711,35,22.2,3.22368,35,15.7,0.63675,25,11.4,1.48937,336,10.2,2.23865,354,11.6,7.80359,255,41.4,8.80439,240,53.0,15.1342,242,77.8,14.32758,250,98.7,16.24612,244,64.8,5.65375,258,28.4,2.79992,265,15.0,2.57822,276,9.7,2.04746,274,5.3,1.70297,98
2024-08-28 09:00:00,8.5,988.3,6.6,0.89994,18,12.7,1.64009,24,16.0,2.45332,28,19.9,3.87156,33,23.3,5.47711,39,21.6,3.22368,44,14.4,0.63675,37,7.8,1.48937,351,6.9,2.23865,36,25.4,7.80359,268,37.7,8.80439,245,53.6,15.1342,238,74.1,14.32758,246,99.7,16.24612,245,60.3,5.65375,258,31.5,2.79992,263,11.9,2.57822,270,11.2,2.04746,307,6.0,1.70297,83
2024-08-28 10:00:00,9.3,989.1,8.7,0.89994,18,15.0,1.64009,20,17.6,2.45332,22,19.7,3.87156,26,22.5,5.47711,34,20.8,3.22368,43,15.2,0.63675,41,6.1,1.48937,18,9.8,2.23865,51,19.4,7.80359,286,37.9,8.80439,234,63.3,15.1342,236,78.1,14.32758,241,99.6,16.24612,247,61.4,5.65375,260,27.8,2.79992,264,11.3,2.57822,262,8.1,2.04746,304,5.7,1.70297,67
2024-08-28 11:00:00,10.0,989.7,8.0,0.89994,13,13.4,1.64009,15,14.9,2.45332,18,15.5,3.87156,21,20.0,5.47711,32,19.8,3.22368,46,15.6,0.63675,44,7.0,1.48937,19,9.5,2.23865,74,12.0,7.80359,292,35.5,8.80439,231,66.4,15.1342,235,87.7,14.32758,242,98.9,16.24612,249,58.2,5.65375,257,29.1,2.79992,267,10.7,2.57822,258,4.8,2.04746,321,5.0,1.70297,63
2024-08-28 12:00:00,11.8,989.9,9.0,0.89994,19,13.9,1.64009,21,15.0,2.45332,22,15.6,3.87156,24,17.1,5.47711,30,19.8,3.22368,48,15.4,0.63675,50,7.6,1.48937,15,6.1,2.23865,85,5.4,7.80359,304,32.4,8.80439,241,68.2,15.1342,236,89.2,14.32758,240,91.6,16.24612,249,52.5,5.65375,255,29.1,2.79992,271,10.1,2.57822,253,5.2,2.04746,270,2.2,1.70297,90
2024-08-28 13:00:00,13.9,989.5,7.8,0.89994,24,11.4,1.64009,27,12.6,2.45332,29,12.6,3.87156,31,12.8,5.47711,33,19.0,3.22368,52,15.6,0.63675,49,9.2,1.48937,22,4.6,2.23865,84,0.7,7.80359,180,27.1,8.80439,249,60.8,15.1342,237,86.2,14.32758,237,82.8,16.24612,249,50.6,5.65375,256,27.5,2.79992,283,12.7,2.57822,242,6.9,2.04746,257,3.7,1.70297,143
2024-08-28 14:00:00,15.6,989.7,7.6,0.89994,24,10.7,1.64009,24,11.4,2.45332,28,11.5,3.87156,30,11.5,5.47711,33,16.4,3.22368,53,15.7,0.63675,52,9.3,1.48937,30,4.0,2.23865,40,5.2,7.80359,180,22.7,8.80439,261,47.2,15.1342,249,75.1,14.32758,241,72.9,16.24612,250,49.6,5.65375,258,24.2,2.79992,279,15.8,2.57822,251,9.0,2.04746,275,7.1,1.70297,162
2024-08-28 15:00:00,15.8,989.3,7.7,0.89994,30,11.4,1.64009,29,12.3,2.45332,31,12.1,3.87156,32,11.8,5.47711,33,14.7,3.22368,56,14.9,0.63675,59,8.8,1.48937,38,5.5,2.23865,22,4.3,7.80359,211,20.1,8.80439,272,35.8,15.1342,258,72.4,14.32758,245,70.3,16.24612,253,51.8,5.65375,258,24.0,2.79992,275,17.0,2.57822,255,10.0,2.04746,297,7.1,1.70297,162
2024-08-28 16:00:00,16.1,989.1,7.7,0.89994,30,11.3,1.64009,31,12.3,2.45332,33,12.4,3.87156,34,12.3,5.47711,36,14.6,3.22368,58,14.5,0.63675,62,8.7,1.48937,41,7.1,2.23865,21,4.0,7.80359,248,18.0,8.80439,277,30.7,15.1342,276,58.1,14.32758,254,61.9,16.24612,257,49.4,5.65375,259,22.4,2.79992,274,16.4,2.57822,270,8.7,2.04746,301,7.5,1.70297,180
2024-08-28 17:00:00,16.5,988.7,6.5,0.89994,16,9.5,1.64009,22,10.3,2.45332,28,10.5,3.87156,31,10.5,5.47711,35,13.2,3.22368,62,13.9,0.63675,66,9.5,1.48937,43,8.9,2.23865,24,5.4,7.80359,304,19.4,8.80439,286,26.2,15.1342,290,42.5,14.32758,271,59.7,16.24612,261,51.0,5.65375,264,26.2,2.79992,275,15.6,2.57822,287,8.5,2.04746,308,7.1,1.70297,198
2024-08-29 08:00:00,3.8,991.0,1.5,2.07107,117,11.2,1.46215,114,11.8,1.46879,131,10.8,1.91961,146,8.3,2.35204,152,6.5,3.60957,105,7.0,2.32018,103,7.8,0.50596,84,8.5,1.24079,57,9.0,2.48822,24,13.2,1.8564,16,17.3,5.2077,7,19.4,14.61395,356,28.0,17.459,312,38.2,3.36599,287,25.9,1.62535,288,14.9,3.4725,323,6.0,1.62908,353,7.5,2.81877,217
2024-08-29 09:00:00,8.4,991.5,3.5,2.07107,117,9.7,1.46215,123,10.7,1.46879,138,9.2,1.91961,154,7.8,2.35204,154,8.1,3.60957,119,8.1,2.32018,113,7.7,0.50596,93,8.3,1.24079,52,9.7,2.48822,23,13.0,1.8564,13,17.7,5.2077,15,19.4,14.61395,2,29.0,17.459,312,40.2,3.36599,285,26.0,1.62535,294,13.4,3.4725,326,5.3,1.62908,8,4.8,2.81877,231
2024-08-29 10:00:00,12.7,991.6,6.0,2.07107,124,9.1,1.46215,126,10.1,1.46879,128,8.3,1.91961,134,8.9,2.35204,128,11.7,3.60957,119,10.4,2.32018,120,7.7,0.50596,108,7.2,1.24079,51,8.5,2.48822,15,12.0,1.8564,4,17.3,5.2077,7,20.5,14.61395,350,33.4,17.459,309,42.2,3.36599,291,23.0,1.62535,295,13.0,3.4725,329,3.3,1.62908,297,5.0,2.81877,243
2024-08-29 11:00:00,15.0,991.4,6.0,2.07107,132,9.0,1.46215,132,10.7,1.46879,132,11.7,1.91961,132,11.3,2.35204,128,13.5,3.60957,129,11.3,2.32018,129,7.9,0.50596,119,7.5,1.24079,62,8.7,2.48822,20,11.2,1.8564,360,17.9,5.2077,360,23.0,14.61395,347,31.2,17.459,310,44.0,3.36599,296,20.3,1.62535,287,11.7,3.4725,333,6.4,1.62908,324,0.0,2.81877,270
2024-08-29 12:00:00,17.0,991.6,5.9,2.07107,127,9.0,1.46215,132,10.2,1.46879,135,11.1,1.91961,136,12.5,2.35204,135,16.2,3.60957,137,13.1,2.32018,142,8.2,0.50596,139,7.4,1.24079,74,9.0,2.48822,24,11.9,1.8564,360,19.6,5.2077,351,23.9,14.61395,346,34.3,17.459,314,39.8,3.36599,300,23.2,1.62535,276,11.0,3.4725,332,6.7,1.62908,333,3.7,2.81877,127
2024-08-29 13:00:00,18.3,991.2,6.3,2.07107,125,8.5,1.46215,131,9.4,1.46879,134,9.7,1.91961,136,10.1,2.35204,138,16.1,3.60957,146,12.6,2.32018,152,7.4,0.50596,152,7.1,1.24079,90,7.0,2.48822,32,9.0,1.8564,355,18.2,5.2077,341,30.4,14.61395,324,48.2,17.459,321,34.7,3.36599,298,24.2,1.62535,279,10.8,3.4725,326,3.3,1.62908,297,6.7,2.81877,153
2024-08-29 14:00:00,19.4,990.7,6.0,2.07107,138,8.9,1.46215,139,10.7,1.46879,138,11.3,1.91961,137,11.8,2.35204,139,16.2,3.60957,147,12.6,2.32018,152,7.1,0.50596,151,5.8,1.24079,105,4.7,2.48822,18,9.7,1.8564,328,16.4,5.2077,330,32.8,14.61395,321,53.4,17.459,324,40.7,3.36599,296,24.6,1.62535,284,10.8,3.4725,326,3.3,1.62908,243,9.3,2.81877,151
2024-08-29 15:00:00,20.6,989.8,6.8,2.07107,128,10.0,1.46215,134,11.1,1.46879,139,11.4,1.91961,142,11.6,2.35204,144,15.3,3.60957,155,12.9,2.32018,160,7.6,0.50596,156,5.5,1.24079,124,3.8,2.48822,11,11.2,1.8564,323,20.1,5.2077,321,42.8,14.61395,325,56.9,17.459,328,42.7,3.36599,299,23.4,1.62535,279,10.0,3.4725,333,4.0,1.62908,248,7.5,2.81877,180
2024-08-29 16:00:00,21.6,989.7,7.6,2.07107,140,11.1,1.46215,143,12.6,1.46879,144,13.1,1.91961,145,13.3,2.35204,147,15.5,3.60957,162,13.4,2.32018,173,8.3,0.50596,167,5.5,1.24079,146,3.1,2.48822,346,13.2,1.8564,317,26.4,5.2077,320,53.0,14.61395,334,71.0,17.459,333,43.7,3.36599,300,24.2,1.62535,279,7.1,3.4725,342,7.3,1.62908,246,4.7,2.81877,198
2024-08-29 17:00:00,22.2,989.2,9.0,2.07107,136,13.2,1.46215,141,14.5,1.46879,144,15.0,1.91961,148,15.3,2.35204,150,16.2,3.60957,164,13.7,2.32018,175,8.9,0.50596,162,5.0,1.24079,156,4.8,2.48822,321,15.4,1.8564,309,32.8,5.2077,319,59.7,14.61395,332,74.5,17.459,331,46.7,3.36599,299,23.4,1.62535,279,2.7,3.4725,326,6.9,1.62908,257,1.7,2.81877,207
2024-08-30 08:00:00,13.3,980.5,9.3,1.61207,165,18.1,2.2343,170,35.5,4.16361,185,41.5,5.17671,197,37.6,5.37608,204,29.3,10.80247,210,27.6,11.91057,214,27.8,10.2157,218,35.2,6.64132,225,41.7,5.77582,221,41.8,9.16796,220,34.5,16.22618,231,37.5,17.33118,249,60.0,14.30018,259,24.8,17.35961,237,18.2,2.33152,251,9.2,2.27413,256,9.1,2.4583,305,8.7,2.56125,70
2024-08-30 09:00:00,16.5,979.8,11.3,1.61207,172,18.2,2.2343,175,29.6,4.16361,183,39.3,5.17671,193,38.5,5.37608,200,29.6,10.80247,212,28.5,11.91057,219,31.6,10.2157,224,39.3,6.64132,229,47.6,5.77582,220,45.9,9.16796,226,41.5,16.22618,232,42.5,17.33118,239,59.3,14.30018,249,30.1,17.35961,226,19.6,2.33152,252,12.0,2.27413,263,9.0,2.4583,336,4.7,2.56125,108
2024-08-30 10:00:00,18.1,979.5,12.8,1.61207,175,18.8,2.2343,176,25.5,4.16361,181,37.8,5.17671,193,41.2,5.37608,200,34.5,10.80247,214,30.8,11.91057,221,33.8,10.2157,227,41.7,6.64132,226,52.2,5.77582,217,51.8,9.16796,230,43.6,16.22618,232,50.7,17.33118,234,60.9,14.30018,239,37.4,17.35961,224,19.4,2.33152,254,12.0,2.27413,274,12.0,2.4583,330,4.7,2.56125,108
2024-08-30 11:00:00,20.6,978.4,12.5,1.61207,177,17.6,2.2343,178,24.8,4.16361,182,29.0,5.17671,187,39.1,5.37608,199,38.3,10.80247,213,34.9,11.91057,219,41.2,10.2157,223,47.9,6.64132,221,58.9,5.77582,218,56.4,9.16796,226,56.0,16.22618,228,54.4,17.33118,229,62.3,14.30018,238,47.5,17.35961,224,20.8,2.33152,255,12.7,2.27413,273,7.1,2.4583,342,4.7,2.56125,72
2024-08-30 12:00:00,20.7,977.5,14.9,1.61207,171,18.7,2.2343,172,28.7,4.16361,177,31.3,5.17671,182,36.3,5.37608,191,42.6,10.80247,208,40.2,11.91057,214,46.4,10.2157,216,53.3,6.64132,218,60.2,5.77582,222,61.7,9.16796,225,61.2,16.22618,225,61.2,17.33118,227,63.3,14.30018,236,53.3,17.35961,224,23.6,2.33152,252,10.5,2.27413,274,4.2,2.4583,315,2.2,2.56125,90
2024-08-30 13:00:00,19.0,977.0,14.1,1.61207,169,17.9,2.2343,170,33.4,4.16361,174,38.0,5.17671,178,45.1,5.37608,187,53.0,10.80247,204,54.9,11.91057,213,56.0,10.2157,221,56.4,6.64132,225,58.5,5.77582,223,66.0,9.16796,223,63.8,16.22618,226,66.6,17.33118,221,74.3,14.30018,232,59.1,17.35961,223,23.9,2.33152,256,7.6,2.27413,259,4.8,2.4583,321,0.7,2.56125,360
2024-08-30 14:00:00,19.2,976.1,13.2,1.61207,169,15.3,2.2343,170,33.9,4.16361,182,42.5,5.17671,189,50.1,5.37608,196,57.2,10.80247,212,56.0,11.91057,224,53.3,10.2157,229,51.6,6.64132,230,57.0,5.77582,226,61.6,9.16796,218,63.4,16.22618,221,73.3,17.33118,224,79.9,14.30018,230,63.8,17.35961,225,23.5,2.33152,259,10.9,2.27413,254,6.4,2.4583,306,5.8,2.56125,50
2024-08-30 15:00:00,19.6,975.4,13.7,1.61207,174,14.4,2.2343,175,34.9,4.16361,180,44.2,5.17671,185,49.5,5.37608,191,55.9,10.80247,209,56.3,11.91057,224,55.2,10.2157,228,51.4,6.64132,231,55.9,5.77582,227,63.5,9.16796,216,71.9,16.22618,217,77.6,17.33118,223,82.3,14.30018,227,69.2,17.35961,229,21.5,2.33152,256,13.2,2.27413,254,7.6,2.4583,281,7.9,2.56125,41
2024-08-30 16:00:00,19.4,975.2,14.1,1.61207,181,14.4,2.2343,181,36.1,4.16361,190,44.1,5.17671,196,49.4,5.37608,203,54.0,10.80247,214,54.0,11.91057,225,51.0,10.2157,237,47.8,6.64132,237,52.2,5.77582,226,65.4,9.16796,215,77.7,16.22618,221,83.5,17.33118,221,93.9,14.30018,225,73.0,17.35961,230,22.7,2.33152,247,14.7,2.27413,246,4.3,2.4583,301,7.9,2.56125,49
2024-08-30 17:00:00,19.5,974.6,13.2,1.61207,179,12.5,2.2343,179,33.9,4.16361,190,41.8,5.17671,197,46.2,5.37608,204,46.3,10.80247,217,43.0,11.91057,230,43.3,10.2157,241,48.0,6.64132,238,51.1,5.77582,226,69.5,9.16796,218,84.7,16.22618,220,88.6,17.33118,219,96.6,14.30018,223,70.4,17.35961,234,25.4,2.33152,242,14.7,2.27413,246,6.4,2.4583,306,6.7,2.56125,63
2024-08-31 08:00:00,11.2,975.9,5.2,1.75464,198,7.4,1.15969,204,21.6,2.81859,239,17.9,1.58005,245,15.7,2.68071,243,19.1,3.47833,255,25.6,2.85143,260,31.1,2.50546,263,37.2,4.23017,256,52.4,1.9329,244,62.4,3.76665,244,79.5,6.55948,250,89.5,9.18731,246,85.7,2.83282,243,70.1,0.92712,237,39.9,2.82686,253,20.1,5.11647,292,3.1,1.99822,284,6.0,2.14644,60
2024-08-31 09:00:00,14.1,976.4,6.5,1.75464,202,7.7,1.15969,205,19.3,2.81859,229,18.3,1.58005,231,16.8,2.68071,228,20.1,3.47833,244,27.0,2.85143,255,34.7,2.50546,268,36.5,4.23017,257,52.4,1.9329,246,63.1,3.76665,241,81.7,6.55948,245,92.4,9.18731,242,87.4,2.83282,241,69.5,0.92712,237,37.3,2.82686,254,17.0,5.11647,293,4.7,1.99822,288,7.7,2.14644,61
2024-08-31 10:00:00,17.1,976.6,6.7,1.75464,210,7.6,1.15969,211,14.6,2.81859,216,17.9,1.58005,220,18.2,2.68071,223,22.4,3.47833,244,30.9,2.85143,260,38.6,2.50546,272,38.0,4.23017,258,51.2,1.9329,249,65.2,3.76665,239,85.2,6.55948,240,95.8,9.18731,238,86.5,2.83282,241,71.2,0.92712,239,37.7,2.82686,252,12.3,5.11647,284,5.7,1.99822,247,7.5,2.14644,53
2024-08-31 11:00:00,20.0,976.5,6.7,1.75464,217,7.1,1.15969,216,12.5,2.81859,220,18.3,1.58005,230,20.5,2.68071,237,26.0,3.47833,256,33.3,2.85143,271,37.8,2.50546,269,40.6,4.23017,258,51.9,1.9329,252,66.8,3.76665,241,87.0,6.55948,239,97.9,9.18731,235,87.2,2.83282,240,70.5,0.92712,240,38.4,2.82686,252,12.0,5.11647,266,6.1,1.99822,256,6.4,2.14644,54
2024-08-31 12:00:00,21.7,976.6,8.1,1.75464,219,8.4,1.15969,219,13.6,2.81859,224,15.8,1.58005,229,20.1,2.68071,243,28.2,3.47833,264,34.5,2.85143,270,37.1,2.50546,268,42.4,4.23017,260,49.4,1.9329,255,66.1,3.76665,242,85.9,6.55948,239,99.6,9.18731,233,88.6,2.83282,239,70.4,0.92712,242,39.6,2.82686,254,14.2,5.11647,264,7.1,1.99822,252,6.9,2.14644,77
2024-08-31 13:00:00,23.1,976.0,9.7,1.75464,232,9.7,1.15969,232,15.3,2.81859,232,16.2,1.58005,233,19.6,2.68071,241,27.3,3.47833,254,32.9,2.85143,259,38.4,2.50546,264,44.6,4.23017,263,49.3,1.9329,260,65.2,3.76665,248,81.4,6.55948,242,96.2,9.18731,236,86.5,2.83282,241,70.4,0.92712,243,40.1,2.82686,252,18.7,5.11647,268,9.7,1.99822,274,5.4,2.14644,106
2024-08-31 14:00:00,24.2,975.4,10.6,1.75464,240,10.5,1.15969,239,18.0,2.81859,238,19.3,1.58005,237,20.7,2.68071,239,27.3,3.47833,247,32.7,2.85143,253,38.6,2.50546,262,44.4,4.23017,265,48.9,1.9329,262,60.9,3.76665,253,73.3,6.55948,251,85.8,9.18731,241,83.0,2.83282,243,72.4,0.92712,245,40.8,2.82686,249,21.7,5.11647,264,8.3,1.99822,297,4.2,2.14644,135
2024-08-31 15:00:00,22.6,974.8,10.1,1.75464,239,9.8,1.15969,239,18.6,2.81859,240,20.7,1.58005,240,22.7,2.68071,242,27.0,3.47833,246,32.3,2.85143,252,38.9,2.50546,256,46.8,4.23017,268,48.5,1.9329,267,60.3,3.76665,258,68.4,6.55948,254,79.4,9.18731,244,79.5,2.83282,247,71.5,0.92712,247,43.1,2.82686,247,23.5,5.11647,259,3.8,1.99822,281,3.2,2.14644,135
2024-08-31 16:00:00,23.2,973.7,8.4,1.75464,214,8.5,1.15969,215,15.3,2.81859,218,19.7,1.58005,230,24.1,2.68071,241,28.9,3.47833,250,32.1,2.85143,253,36.5,2.50546,263,46.8,4.23017,270,46.6,1.9329,263,57.2,3.76665,263,71.2,6.55948,252,76.8,9.18731,246,81.9,2.83282,250,72.2,0.92712,247,45.4,2.82686,245,24.3,5.11647,252,5.8,1.99822,230,1.5,2.14644,90
2024-08-31 17:00:00,20.7,973.1,8.1,1.75464,222,7.9,1.15969,223,16.2,2.81859,229,20.0,1.58005,233,22.8,2.68071,238,26.8,3.47833,244,29.9,2.85143,247,34.5,2.50546,260,47.8,4.23017,269,48.9,1.9329,262,55.7,3.76665,262,74.7,6.55948,256,74.6,9.18731,254,85.1,2.83282,253,70.6,0.92712,248,44.7,2.82686,242,26.6,5.11647,259,6.9,1.99822,221,2.7,2.14644,34
